date,inverter_id,dc_capacity_kwp,irradiation_kwh_m2,module_temp_c,dc_voltage_avg_v,dc_voltage_max_v,ac_energy_kwh,downtime_hours,availability_pct,alarm_count,main_alarm
2025-01-01,INV-01,250.0,2.85,33.3,765.4,805.7,609.3,0.0,100.0,0,None
2025-01-01,INV-02,250.0,2.85,33.3,764.9,803.7,607.8,0.0,100.0,0,None
2025-01-01,INV-03,250.0,2.85,33.3,756.2,785.1,620.8,0.0,100.0,0,None
2025-01-01,INV-04,250.0,2.85,33.3,762.9,782.9,612.5,0.0,100.0,0,None
2025-01-01,INV-05,250.0,2.85,33.3,767.3,794.8,608.8,0.0,100.0,0,None
2025-01-01,INV-06,250.0,2.85,33.3,767.6,799.3,609.9,0.0,100.0,0,None
2025-01-01,INV-07,250.0,2.85,33.3,767.4,795.8,611.0,0.0,100.0,0,None
2025-01-01,INV-08,250.0,2.85,33.3,763.5,788.9,609.7,0.0,100.0,0,None
2025-01-01,INV-09,250.0,2.85,33.3,760.0,792.0,594.1,0.0,100.0,0,None
2025-01-01,INV-10,250.0,2.85,33.3,759.0,785.0,598.8,0.0,100.0,0,None
2025-01-01,INV-11,250.0,2.85,33.3,764.7,789.7,607.1,0.0,100.0,0,None
2025-01-01,INV-12,250.0,2.85,33.3,764.9,797.4,604.3,0.0,100.0,0,None
2025-01-02,INV-01,250.0,2.55,29.5,778.3,805.4,552.6,0.0,100.0,0,None
2025-01-02,INV-02,250.0,2.55,29.5,769.6,795.7,550.7,0.0,100.0,0,None
2025-01-02,INV-03,250.0,2.55,29.5,778.6,815.9,559.2,0.0,100.0,0,None
2025-01-02,INV-04,250.0,2.55,29.5,771.1,801.4,535.2,0.0,100.0,0,None
2025-01-02,INV-05,250.0,2.55,29.5,778.0,810.2,553.4,0.0,100.0,0,None
2025-01-02,INV-06,250.0,2.55,29.5,770.6,800.7,559.7,0.0,100.0,0,None
2025-01-02,INV-07,250.0,2.55,29.5,771.5,804.2,547.1,0.0,100.0,0,None
2025-01-02,INV-08,250.0,2.55,29.5,772.4,805.8,551.5,0.0,100.0,0,None
2025-01-02,INV-09,250.0,2.55,29.5,783.7,798.2,538.8,0.0,100.0,0,None
2025-01-02,INV-10,250.0,2.55,29.5,774.4,809.7,538.5,0.0,100.0,0,None
2025-01-02,INV-11,250.0,2.55,29.5,768.1,790.3,552.5,0.0,100.0,0,None
2025-01-02,INV-12,250.0,2.55,29.5,774.8,793.3,562.1,0.0,100.0,0,None
2025-01-03,INV-01,250.0,2.96,30.1,774.7,808.5,627.4,0.0,100.0,0,None
2025-01-03,INV-02,250.0,2.96,30.1,768.0,785.7,625.8,0.0,100.0,0,None
2025-01-03,INV-03,250.0,2.96,30.1,759.7,792.8,639.4,0.0,100.0,0,None
2025-01-03,INV-04,250.0,2.96,30.1,762.9,793.7,634.9,0.0,100.0,0,None
2025-01-03,INV-05,250.0,2.96,30.1,766.4,795.2,637.1,0.0,100.0,0,None
2025-01-03,INV-06,250.0,2.96,30.1,767.5,810.2,637.6,0.0,100.0,0,None
2025-01-03,INV-07,250.0,2.96,30.1,768.1,793.1,642.0,0.0,100.0,0,None
2025-01-03,INV-08,250.0,2.96,30.1,769.9,816.4,646.9,0.0,100.0,0,None
2025-01-03,INV-09,250.0,2.96,30.1,768.5,796.7,619.9,0.0,100.0,0,None
2025-01-03,INV-10,250.0,2.96,30.1,773.9,793.7,621.6,0.0,100.0,0,None
2025-01-03,INV-11,250.0,2.96,30.1,767.0,797.6,634.6,0.0,100.0,0,None
2025-01-03,INV-12,250.0,2.96,30.1,766.3,787.7,643.0,0.0,100.0,0,None
2025-01-04,INV-01,250.0,3.01,31.8,773.0,800.1,640.0,0.0,100.0,0,None
2025-01-04,INV-02,250.0,3.01,31.8,767.6,800.3,645.3,0.0,100.0,0,None
2025-01-04,INV-03,250.0,3.01,31.8,768.7,775.3,641.8,0.0,100.0,0,None
2025-01-04,INV-04,250.0,3.01,31.8,761.8,794.8,641.1,0.0,100.0,0,None
2025-01-04,INV-05,250.0,3.01,31.8,766.0,766.8,655.6,0.0,100.0,0,None
2025-01-04,INV-06,250.0,3.01,31.8,770.1,786.4,642.6,0.0,100.0,0,None
2025-01-04,INV-07,250.0,3.01,31.8,769.9,803.5,649.2,0.0,100.0,0,None
2025-01-04,INV-08,250.0,3.01,31.8,767.2,801.1,645.5,0.0,100.0,0,None
2025-01-04,INV-09,250.0,3.01,31.8,769.9,790.6,631.7,0.0,100.0,0,None
2025-01-04,INV-10,250.0,3.01,31.8,768.4,792.7,634.9,0.0,100.0,0,None
2025-01-04,INV-11,250.0,3.01,31.8,771.2,812.2,650.7,0.0,100.0,0,None
2025-01-04,INV-12,250.0,3.01,31.8,767.5,793.7,654.4,0.0,100.0,0,None
2025-01-05,INV-01,250.0,2.36,31.7,767.5,796.6,503.8,0.0,100.0,0,None
2025-01-05,INV-02,250.0,2.36,31.7,769.6,802.4,504.0,0.0,100.0,0,None
2025-01-05,INV-03,250.0,2.36,31.7,768.1,804.2,506.1,0.0,100.0,0,None
2025-01-05,INV-04,250.0,2.36,31.7,769.1,800.1,505.4,0.0,100.0,0,None
2025-01-05,INV-05,250.0,2.36,31.7,761.0,792.0,498.3,0.0,100.0,0,None
2025-01-05,INV-06,250.0,2.36,31.7,767.9,804.5,498.4,0.0,100.0,0,None
2025-01-05,INV-07,250.0,2.36,31.7,765.4,794.9,511.5,0.0,100.0,0,None
2025-01-05,INV-08,250.0,2.36,31.7,764.7,788.8,428.9,1.49,85.1,1,Grid trip
2025-01-05,INV-09,250.0,2.36,31.7,770.1,796.8,485.7,0.0,100.0,0,None
2025-01-05,INV-10,250.0,2.36,31.7,772.5,807.6,498.9,0.0,100.0,0,None
2025-01-05,INV-11,250.0,2.36,31.7,773.8,803.8,509.3,0.0,100.0,0,None
2025-01-05,INV-12,250.0,2.36,31.7,771.9,804.6,498.2,0.0,100.0,0,None
2025-01-06,INV-01,250.0,2.51,30.8,773.2,808.8,537.6,0.0,100.0,0,None
2025-01-06,INV-02,250.0,2.51,30.8,769.3,800.1,542.1,0.0,100.0,0,None
2025-01-06,INV-03,250.0,2.51,30.8,766.5,790.4,540.9,0.0,100.0,0,None
2025-01-06,INV-04,250.0,2.51,30.8,770.4,793.5,537.8,0.0,100.0,1,Comm loss
2025-01-06,INV-05,250.0,2.51,30.8,766.4,792.1,539.3,0.0,100.0,0,None
2025-01-06,INV-06,250.0,2.51,30.8,768.5,802.8,540.8,0.0,100.0,0,None
2025-01-06,INV-07,250.0,2.51,30.8,772.4,794.8,528.7,0.0,100.0,0,None
2025-01-06,INV-08,250.0,2.51,30.8,766.3,799.8,538.6,0.0,100.0,0,None
2025-01-06,INV-09,250.0,2.51,30.8,771.7,791.8,513.3,0.0,100.0,0,None
2025-01-06,INV-10,250.0,2.51,30.8,771.2,799.6,530.5,0.0,100.0,0,None
2025-01-06,INV-11,250.0,2.51,30.8,764.7,795.5,541.2,0.0,100.0,0,None
2025-01-06,INV-12,250.0,2.51,30.8,772.4,821.9,545.5,0.0,100.0,0,None
2025-01-07,INV-01,250.0,2.84,33.4,764.3,800.6,,0.0,100.0,0,None
2025-01-07,INV-02,250.0,2.84,33.4,762.7,794.1,603.7,0.0,100.0,0,None
2025-01-07,INV-03,250.0,2.84,33.4,765.0,789.8,603.1,0.0,100.0,0,None
2025-01-07,INV-04,250.0,2.84,33.4,763.5,803.3,594.2,0.0,100.0,0,None
2025-01-07,INV-05,250.0,2.84,33.4,763.7,806.4,600.5,0.0,100.0,0,None
2025-01-07,INV-06,250.0,2.84,33.4,761.6,795.6,,0.0,100.0,0,None
2025-01-07,INV-07,250.0,2.84,33.4,757.7,795.5,600.0,0.0,100.0,0,None
2025-01-07,INV-08,250.0,2.84,33.4,757.1,797.0,607.4,0.0,100.0,0,None
2025-01-07,INV-09,250.0,2.84,33.4,765.9,804.9,594.6,0.0,100.0,0,None
2025-01-07,INV-10,250.0,2.84,33.4,762.2,797.1,611.2,0.0,100.0,0,None
2025-01-07,INV-11,250.0,2.84,33.4,760.9,795.7,603.3,0.0,100.0,0,None
2025-01-07,INV-12,250.0,2.84,33.4,763.3,797.5,562.3,0.84,91.6,1,Grid trip
2025-01-08,INV-01,250.0,2.75,32.5,763.9,807.7,592.4,0.0,100.0,0,None
2025-01-08,INV-02,250.0,2.75,32.5,756.5,768.0,583.1,0.0,100.0,0,None
2025-01-08,INV-03,250.0,2.75,32.5,761.3,775.3,587.2,0.0,100.0,0,None
2025-01-08,INV-04,250.0,2.75,32.5,763.9,789.5,576.0,0.0,100.0,0,None
2025-01-08,INV-05,250.0,2.75,32.5,762.2,792.3,585.2,0.0,100.0,0,None
2025-01-08,INV-06,250.0,2.75,32.5,770.4,806.0,583.4,0.0,100.0,0,None
2025-01-08,INV-07,250.0,2.75,32.5,764.3,798.0,582.0,0.0,100.0,0,None
2025-01-08,INV-08,250.0,2.75,32.5,770.1,797.0,585.6,0.0,100.0,0,None
2025-01-08,INV-09,250.0,2.75,32.5,765.2,803.3,565.8,0.0,100.0,0,None
2025-01-08,INV-10,250.0,2.75,32.5,765.1,803.3,574.1,0.0,100.0,0,None
2025-01-08,INV-11,250.0,2.75,32.5,764.6,796.0,598.2,0.0,100.0,0,None
2025-01-08,INV-12,250.0,2.75,32.5,764.9,802.6,584.9,0.0,100.0,0,None
2025-01-09,INV-01,250.0,2.83,32.7,761.5,796.4,595.2,0.0,100.0,0,None
2025-01-09,INV-02,250.0,2.83,32.7,765.2,794.1,595.4,0.0,100.0,0,None
2025-01-09,INV-03,250.0,2.83,32.7,766.0,808.3,615.0,0.0,100.0,0,None
2025-01-09,INV-04,250.0,2.83,32.7,766.3,804.3,607.4,0.0,100.0,0,None
2025-01-09,INV-05,250.0,2.83,32.7,759.3,787.2,594.9,0.0,100.0,0,None
2025-01-09,INV-06,250.0,2.83,32.7,768.0,804.0,596.2,0.0,100.0,0,None
2025-01-09,INV-07,250.0,2.83,32.7,761.4,806.9,594.6,0.0,100.0,0,None
2025-01-09,INV-08,250.0,2.83,32.7,767.1,812.8,590.7,0.0,100.0,0,None
2025-01-09,INV-09,250.0,2.83,32.7,764.5,784.7,579.5,0.0,100.0,0,None
2025-01-09,INV-10,250.0,2.83,32.7,759.1,781.7,584.7,0.0,100.0,0,None
2025-01-09,INV-11,250.0,2.83,32.7,763.3,805.2,602.5,0.0,100.0,0,None
2025-01-09,INV-12,250.0,2.83,32.7,766.0,787.6,590.8,0.0,100.0,0,None
2025-01-10,INV-01,250.0,2.64,32.0,762.4,792.6,561.4,0.0,100.0,0,None
2025-01-10,INV-02,250.0,2.64,32.0,768.1,802.6,558.1,0.0,100.0,0,None
2025-01-10,INV-03,250.0,2.64,32.0,768.9,803.8,546.6,0.0,100.0,0,None
2025-01-10,INV-04,250.0,2.64,32.0,763.7,806.1,550.4,0.0,100.0,0,None
2025-01-10,INV-05,250.0,2.64,32.0,768.2,808.4,548.6,0.0,100.0,0,None
2025-01-10,INV-06,250.0,2.64,32.0,768.2,790.2,547.2,0.0,100.0,0,None
2025-01-10,INV-07,250.0,2.64,32.0,763.8,807.2,556.1,0.0,100.0,0,None
2025-01-10,INV-08,250.0,2.64,32.0,761.5,787.2,571.0,0.0,100.0,0,None
2025-01-10,INV-09,250.0,2.64,32.0,761.2,799.6,541.2,0.0,100.0,0,None
2025-01-10,INV-10,250.0,2.64,32.0,766.3,796.9,559.7,0.0,100.0,0,None
2025-01-10,INV-11,250.0,2.64,32.0,767.3,794.0,566.6,0.0,100.0,0,None
2025-01-10,INV-12,250.0,2.64,32.0,762.8,778.3,565.9,0.0,100.0,0,None
2025-01-11,INV-01,250.0,3.05,35.4,757.6,788.1,647.3,0.0,100.0,0,None
2025-01-11,INV-02,250.0,3.05,35.4,760.6,792.6,641.3,0.0,100.0,0,None
2025-01-11,INV-03,250.0,3.05,35.4,756.6,776.0,644.8,0.0,100.0,0,None
2025-01-11,INV-04,250.0,3.05,35.4,759.2,789.0,632.9,0.0,100.0,0,None
2025-01-11,INV-05,250.0,3.05,35.4,756.7,802.7,636.0,0.0,100.0,0,None
2025-01-11,INV-06,250.0,3.05,35.4,765.6,802.2,636.9,0.0,100.0,0,None
2025-01-11,INV-07,250.0,3.05,35.4,760.6,791.9,635.9,0.0,100.0,0,None
2025-01-11,INV-08,250.0,3.05,35.4,758.2,784.7,646.4,0.0,100.0,0,None
2025-01-11,INV-09,250.0,3.05,35.4,763.9,790.7,619.4,0.0,100.0,0,None
2025-01-11,INV-10,250.0,3.05,35.4,750.4,763.4,633.3,0.0,100.0,0,None
2025-01-11,INV-11,250.0,3.05,35.4,751.1,783.1,652.9,0.0,100.0,0,None
2025-01-11,INV-12,250.0,3.05,35.4,762.3,799.1,648.6,0.0,100.0,0,None
2025-01-12,INV-01,250.0,3.03,31.7,771.4,792.8,653.9,0.0,100.0,0,None
2025-01-12,INV-02,250.0,3.03,31.7,763.6,800.6,627.8,0.0,100.0,0,None
2025-01-12,INV-03,250.0,3.03,31.7,764.4,796.5,642.3,0.0,100.0,0,None
2025-01-12,INV-04,250.0,3.03,31.7,766.5,799.8,632.9,0.0,100.0,0,None
2025-01-12,INV-05,250.0,3.03,31.7,760.4,805.3,646.0,0.0,100.0,0,None
2025-01-12,INV-06,250.0,3.03,31.7,767.5,801.3,638.1,0.0,100.0,0,None
2025-01-12,INV-07,250.0,3.03,31.7,770.5,805.8,648.8,0.0,100.0,0,None
2025-01-12,INV-08,250.0,3.03,31.7,767.8,819.5,650.8,0.0,100.0,0,None
2025-01-12,INV-09,250.0,3.03,31.7,760.3,788.6,629.9,0.0,100.0,0,None
2025-01-12,INV-10,250.0,3.03,31.7,766.1,789.8,633.1,0.0,100.0,0,None
2025-01-12,INV-11,250.0,3.03,31.7,769.6,803.0,650.5,0.0,100.0,0,None
2025-01-12,INV-12,250.0,3.03,31.7,759.1,792.6,634.4,0.0,100.0,0,None
2025-01-13,INV-01,250.0,2.88,28.8,767.9,800.2,630.2,0.0,100.0,0,None
2025-01-13,INV-02,250.0,2.88,28.8,777.7,819.5,621.2,0.0,100.0,0,None
2025-01-13,INV-03,250.0,2.88,28.8,777.4,817.2,614.6,0.0,100.0,0,None
2025-01-13,INV-04,250.0,2.88,28.8,776.3,783.3,609.7,0.0,100.0,0,None
2025-01-13,INV-05,250.0,2.88,28.8,766.4,793.8,610.6,0.0,100.0,0,None
2025-01-13,INV-06,250.0,2.88,28.8,775.7,804.4,613.2,0.0,100.0,0,None
2025-01-13,INV-07,250.0,2.88,28.8,774.0,790.0,616.2,0.0,100.0,0,None
2025-01-13,INV-08,250.0,2.88,28.8,766.0,796.8,625.2,0.0,100.0,0,None
2025-01-13,INV-09,250.0,2.88,28.8,772.3,812.3,580.3,0.0,100.0,0,None
2025-01-13,INV-10,250.0,2.88,28.8,773.9,795.2,612.5,0.0,100.0,0,None
2025-01-13,INV-11,250.0,2.88,28.8,774.6,807.3,618.1,0.0,100.0,0,None
2025-01-13,INV-12,250.0,2.88,28.8,773.1,795.8,618.4,0.0,100.0,0,None
2025-01-14,INV-01,250.0,3.14,34.7,766.0,802.6,657.5,0.0,100.0,0,None
2025-01-14,INV-02,250.0,3.14,34.7,757.2,794.5,655.6,0.0,100.0,0,None
2025-01-14,INV-03,250.0,3.14,34.7,769.5,804.7,653.3,0.0,100.0,0,None
2025-01-14,INV-04,250.0,3.14,34.7,764.6,800.5,657.2,0.0,100.0,0,None
2025-01-14,INV-05,250.0,3.14,34.7,764.5,792.3,654.6,0.0,100.0,0,None
2025-01-14,INV-06,250.0,3.14,34.7,760.7,783.3,659.1,0.0,100.0,0,None
2025-01-14,INV-07,250.0,3.14,34.7,759.7,782.8,658.9,0.0,100.0,0,None
2025-01-14,INV-08,250.0,3.14,34.7,759.7,776.7,663.4,0.0,100.0,0,None
2025-01-14,INV-09,250.0,3.14,34.7,762.1,794.0,624.9,0.0,100.0,0,None
2025-01-14,INV-10,250.0,3.14,34.7,766.2,795.5,661.3,0.0,100.0,0,None
2025-01-14,INV-11,250.0,3.14,34.7,761.3,787.8,650.6,0.0,100.0,0,None
2025-01-14,INV-12,250.0,3.14,34.7,756.9,763.3,664.3,0.0,100.0,0,None
2025-01-15,INV-01,250.0,2.99,31.4,763.7,792.2,633.2,0.0,100.0,0,None
2025-01-15,INV-02,250.0,2.99,31.4,768.9,797.6,638.7,0.0,100.0,0,None
2025-01-15,INV-03,250.0,2.99,31.4,771.1,817.8,632.8,0.0,100.0,0,None
2025-01-15,INV-04,250.0,2.99,31.4,767.3,785.6,626.6,0.0,100.0,0,None
2025-01-15,INV-05,250.0,2.99,31.4,762.0,788.8,638.4,0.0,100.0,0,None
2025-01-15,INV-06,250.0,2.99,31.4,761.7,805.3,630.5,0.0,100.0,0,None
2025-01-15,INV-07,250.0,2.99,31.4,761.4,795.0,649.9,0.0,100.0,0,None
2025-01-15,INV-08,250.0,2.99,31.4,760.0,794.5,637.0,0.0,100.0,0,None
2025-01-15,INV-09,250.0,2.99,31.4,767.5,798.5,614.3,0.0,100.0,0,None
2025-01-15,INV-10,250.0,2.99,31.4,771.6,804.3,625.9,0.0,100.0,0,None
2025-01-15,INV-11,250.0,2.99,31.4,767.1,803.3,643.5,0.0,100.0,0,None
2025-01-15,INV-12,250.0,2.99,31.4,758.1,781.6,627.6,0.0,100.0,0,None
2025-01-16,INV-01,250.0,2.69,31.9,766.6,794.7,573.8,0.0,100.0,0,None
2025-01-16,INV-02,250.0,2.69,31.9,768.5,797.0,563.2,0.0,100.0,0,None
2025-01-16,INV-03,250.0,2.69,31.9,769.9,796.5,564.8,0.0,100.0,0,None
2025-01-16,INV-04,250.0,2.69,31.9,758.3,796.9,560.5,0.0,100.0,0,None
2025-01-16,INV-05,250.0,2.69,31.9,759.6,799.2,571.4,0.0,100.0,0,None
2025-01-16,INV-06,250.0,2.69,31.9,767.1,795.8,567.8,0.0,100.0,0,None
2025-01-16,INV-07,250.0,2.69,31.9,763.4,776.4,568.5,0.0,100.0,0,None
2025-01-16,INV-08,250.0,2.69,31.9,771.5,806.5,573.6,0.0,100.0,0,None
2025-01-16,INV-09,250.0,2.69,31.9,765.0,799.5,528.4,0.0,100.0,0,None
2025-01-16,INV-10,250.0,2.69,31.9,758.6,791.0,559.0,0.0,100.0,0,None
2025-01-16,INV-11,250.0,2.69,31.9,761.2,799.1,583.0,0.0,100.0,0,None
2025-01-16,INV-12,250.0,2.69,31.9,755.3,776.0,567.3,0.0,100.0,0,None
2025-01-17,INV-01,250.0,2.99,34.2,764.7,794.9,616.0,0.0,100.0,0,None
2025-01-17,INV-02,250.0,2.99,34.2,760.9,789.2,622.4,0.0,100.0,0,None
2025-01-17,INV-03,250.0,2.99,34.2,759.9,792.7,628.5,0.0,100.0,0,None
2025-01-17,INV-04,250.0,2.99,34.2,762.1,792.0,623.0,0.0,100.0,0,None
2025-01-17,INV-05,250.0,2.99,34.2,758.2,776.6,610.7,0.0,100.0,0,None
2025-01-17,INV-06,250.0,2.99,34.2,756.9,776.8,618.2,0.0,100.0,0,None
2025-01-17,INV-07,250.0,2.99,34.2,757.7,788.0,623.3,0.0,100.0,0,None
2025-01-17,INV-08,250.0,2.99,34.2,759.0,797.2,625.9,0.0,100.0,0,None
2025-01-17,INV-09,250.0,2.99,34.2,756.9,769.1,584.4,0.0,100.0,0,None
2025-01-17,INV-10,250.0,2.99,34.2,762.2,794.9,611.6,0.0,100.0,0,None
2025-01-17,INV-11,250.0,2.99,34.2,764.4,803.9,624.6,0.0,100.0,0,None
2025-01-17,INV-12,250.0,2.99,34.2,755.2,783.9,628.0,0.0,100.0,0,None
2025-01-18,INV-01,250.0,2.68,29.4,773.2,805.7,574.8,0.0,100.0,0,None
2025-01-18,INV-02,250.0,2.68,29.4,771.9,795.8,575.6,0.0,100.0,0,None
2025-01-18,INV-03,250.0,2.68,29.4,770.2,804.9,572.4,0.0,100.0,0,None
2025-01-18,INV-04,250.0,2.68,29.4,769.6,800.0,567.7,0.0,100.0,0,None
2025-01-18,INV-05,250.0,2.68,29.4,772.3,808.4,575.0,0.0,100.0,0,None
2025-01-18,INV-06,250.0,2.68,29.4,770.1,809.5,562.3,0.0,100.0,0,None
2025-01-18,INV-07,250.0,2.68,29.4,770.9,802.5,572.0,0.0,100.0,0,None
2025-01-18,INV-08,250.0,2.68,29.4,771.4,810.5,580.0,0.0,100.0,0,None
2025-01-18,INV-09,250.0,2.68,29.4,768.4,779.7,546.4,0.0,100.0,0,None
2025-01-18,INV-10,250.0,2.68,29.4,773.2,816.0,553.9,0.0,100.0,0,None
2025-01-18,INV-11,250.0,2.68,29.4,782.8,815.8,572.7,0.0,100.0,0,None
2025-01-18,INV-12,250.0,2.68,29.4,764.0,802.6,576.4,0.0,100.0,0,None
2025-01-19,INV-01,250.0,3.13,30.8,767.4,799.2,648.0,0.0,100.0,0,None
2025-01-19,INV-02,250.0,3.13,30.8,762.1,792.1,668.9,0.0,100.0,0,None
2025-01-19,INV-03,250.0,3.13,30.8,769.9,802.2,651.7,0.0,100.0,0,None
2025-01-19,INV-04,250.0,3.13,30.8,761.3,785.7,656.8,0.0,100.0,0,None
2025-01-19,INV-05,250.0,3.13,30.8,771.4,800.7,655.3,0.0,100.0,0,None
2025-01-19,INV-06,250.0,3.13,30.8,768.9,786.1,666.6,0.0,100.0,0,None
2025-01-19,INV-07,250.0,3.13,30.8,777.9,809.0,662.5,0.0,100.0,0,None
2025-01-19,INV-08,250.0,3.13,30.8,764.0,797.6,660.5,0.0,100.0,0,None
2025-01-19,INV-09,250.0,3.13,30.8,768.0,796.1,620.8,0.0,100.0,0,None
2025-01-19,INV-10,250.0,3.13,30.8,775.6,792.6,659.8,0.0,100.0,0,None
2025-01-19,INV-11,250.0,3.13,30.8,773.1,811.0,669.8,0.0,100.0,0,None
2025-01-19,INV-12,250.0,3.13,30.8,765.6,798.5,656.5,0.0,100.0,0,None
2025-01-20,INV-01,250.0,2.92,30.0,770.5,792.4,617.4,0.0,100.0,0,None
2025-01-20,INV-02,250.0,2.92,30.0,760.7,791.7,611.6,0.0,100.0,1,Comm loss
2025-01-20,INV-03,250.0,2.92,30.0,770.9,796.2,609.7,0.0,100.0,0,None
2025-01-20,INV-04,250.0,2.92,30.0,777.6,803.3,610.1,0.0,100.0,0,None
2025-01-20,INV-05,250.0,2.92,30.0,768.1,803.0,605.3,0.0,100.0,0,None
2025-01-20,INV-06,250.0,2.92,30.0,771.0,790.3,618.3,0.0,100.0,0,None
2025-01-20,INV-07,250.0,2.92,30.0,774.1,812.4,617.4,0.0,100.0,0,None
2025-01-20,INV-08,250.0,2.92,30.0,769.3,788.1,636.5,0.0,100.0,0,None
2025-01-20,INV-09,250.0,2.92,30.0,767.6,792.3,571.6,0.0,100.0,0,None
2025-01-20,INV-10,250.0,2.92,30.0,760.9,806.2,610.1,0.0,100.0,1,Comm loss
2025-01-20,INV-11,250.0,2.92,30.0,772.5,811.5,615.7,0.0,100.0,0,None
2025-01-20,INV-12,250.0,2.92,30.0,769.5,800.3,612.6,0.0,100.0,0,None
2025-01-21,INV-01,250.0,2.9,31.3,764.3,789.3,607.8,0.0,100.0,0,None
2025-01-21,INV-02,250.0,2.9,31.3,765.0,786.5,614.3,0.0,100.0,0,None
2025-01-21,INV-03,250.0,2.9,31.3,764.8,786.4,607.9,0.0,100.0,0,None
2025-01-21,INV-04,250.0,2.9,31.3,765.2,794.0,614.4,0.0,100.0,0,None
2025-01-21,INV-05,250.0,2.9,31.3,771.8,792.1,607.9,0.0,100.0,0,None
2025-01-21,INV-06,250.0,2.9,31.3,769.9,806.7,599.8,0.0,100.0,0,None
2025-01-21,INV-07,250.0,2.9,31.3,774.3,796.9,616.5,0.0,100.0,0,None
2025-01-21,INV-08,250.0,2.9,31.3,776.5,829.0,609.1,0.0,100.0,0,None
2025-01-21,INV-09,250.0,2.9,31.3,763.3,789.7,569.5,0.0,100.0,0,None
2025-01-21,INV-10,250.0,2.9,31.3,767.7,798.3,603.0,0.0,100.0,0,None
2025-01-21,INV-11,250.0,2.9,31.3,762.7,782.4,611.9,0.0,100.0,0,None
2025-01-21,INV-12,250.0,2.9,31.3,764.3,808.0,612.9,0.0,100.0,0,None
2025-01-22,INV-01,250.0,2.79,33.0,761.7,776.0,592.3,0.0,100.0,0,None
2025-01-22,INV-02,250.0,2.79,33.0,762.1,776.4,577.3,0.0,100.0,0,None
2025-01-22,INV-03,250.0,2.79,33.0,763.8,795.9,585.0,0.0,100.0,0,None
2025-01-22,INV-04,250.0,2.79,33.0,765.7,795.6,584.3,0.0,100.0,0,None
2025-01-22,INV-05,250.0,2.79,33.0,762.7,794.1,568.2,0.0,100.0,0,None
2025-01-22,INV-06,250.0,2.79,33.0,762.3,788.6,580.7,0.0,100.0,0,None
2025-01-22,INV-07,250.0,2.79,33.0,764.3,799.6,586.8,0.0,100.0,0,None
2025-01-22,INV-08,250.0,2.79,33.0,756.2,793.7,584.9,0.0,100.0,0,None
2025-01-22,INV-09,250.0,2.79,33.0,765.8,799.7,535.8,0.0,100.0,0,None
2025-01-22,INV-10,250.0,2.79,33.0,763.9,791.8,572.6,0.0,100.0,0,None
2025-01-22,INV-11,250.0,2.79,33.0,764.1,777.2,585.8,0.0,100.0,0,None
2025-01-22,INV-12,250.0,2.79,33.0,767.8,803.9,579.4,0.0,100.0,0,None
2025-01-23,INV-01,250.0,3.27,34.1,762.0,795.1,685.4,0.0,100.0,0,None
2025-01-23,INV-02,250.0,3.27,34.1,757.4,776.2,683.2,0.0,100.0,0,None
2025-01-23,INV-03,250.0,3.27,34.1,760.3,795.6,679.8,0.0,100.0,0,None
2025-01-23,INV-04,250.0,3.27,34.1,764.5,785.8,670.9,0.0,100.0,0,None
2025-01-23,INV-05,250.0,3.27,34.1,759.3,800.6,681.7,0.0,100.0,0,None
2025-01-23,INV-06,250.0,3.27,34.1,762.8,801.0,669.3,0.0,100.0,0,None
2025-01-23,INV-07,250.0,3.27,34.1,760.7,793.0,676.7,0.0,100.0,0,None
2025-01-23,INV-08,250.0,3.27,34.1,764.5,795.8,682.6,0.0,100.0,0,None
2025-01-23,INV-09,250.0,3.27,34.1,763.8,792.1,638.9,0.0,100.0,0,None
2025-01-23,INV-10,250.0,3.27,34.1,759.1,794.5,658.2,0.0,100.0,0,None
2025-01-23,INV-11,250.0,3.27,34.1,761.2,788.2,674.7,0.0,100.0,0,None
2025-01-23,INV-12,250.0,3.27,34.1,766.0,797.9,660.8,0.0,100.0,0,None
2025-01-24,INV-01,250.0,2.94,33.2,762.4,792.7,613.0,0.0,100.0,0,None
2025-01-24,INV-02,250.0,2.94,33.2,761.2,792.4,617.5,0.0,100.0,0,None
2025-01-24,INV-03,250.0,2.94,33.2,757.3,783.5,600.4,0.0,100.0,0,None
2025-01-24,INV-04,250.0,2.94,33.2,765.3,798.8,609.2,0.0,100.0,0,None
2025-01-24,INV-05,250.0,2.94,33.2,761.7,785.5,600.2,0.0,100.0,0,None
2025-01-24,INV-06,250.0,2.94,33.2,759.2,793.3,611.3,0.0,100.0,0,None
2025-01-24,INV-07,250.0,2.94,33.2,761.3,795.7,605.4,0.0,100.0,0,None
2025-01-24,INV-08,250.0,2.94,33.2,767.8,774.5,620.0,0.0,100.0,0,None
2025-01-24,INV-09,250.0,2.94,33.2,765.9,805.4,576.5,0.0,100.0,0,None
2025-01-24,INV-10,250.0,2.94,33.2,763.0,768.6,599.0,0.0,100.0,0,None
2025-01-24,INV-11,250.0,2.94,33.2,766.0,791.1,610.8,0.0,100.0,0,None
2025-01-24,INV-12,250.0,2.94,33.2,758.9,797.1,596.0,0.0,100.0,0,None
2025-01-25,INV-01,250.0,2.89,30.7,763.6,795.4,598.9,0.0,100.0,0,None
2025-01-25,INV-02,250.0,2.89,30.7,759.8,781.6,608.1,0.0,100.0,0,None
2025-01-25,INV-03,250.0,2.89,30.7,767.0,804.3,601.0,0.0,100.0,0,None
2025-01-25,INV-04,250.0,2.89,30.7,761.3,781.7,608.7,0.0,100.0,0,None
2025-01-25,INV-05,250.0,2.89,30.7,765.5,793.3,591.8,0.0,100.0,0,None
2025-01-25,INV-06,250.0,2.89,30.7,764.9,790.2,613.2,0.0,100.0,0,None
2025-01-25,INV-07,250.0,2.89,30.7,765.1,796.4,608.3,0.0,100.0,0,None
2025-01-25,INV-08,250.0,2.89,30.7,776.6,801.4,603.2,0.0,100.0,0,None
2025-01-25,INV-09,250.0,2.89,30.7,768.8,796.6,559.3,0.0,100.0,0,None
2025-01-25,INV-10,250.0,2.89,30.7,769.5,797.7,592.5,0.0,100.0,0,None
2025-01-25,INV-11,250.0,2.89,30.7,761.5,785.6,603.5,0.0,100.0,0,None
2025-01-25,INV-12,250.0,2.89,30.7,765.9,799.8,603.0,0.0,100.0,0,None
2025-01-26,INV-01,250.0,2.92,29.5,772.5,806.0,627.7,0.0,100.0,0,None
2025-01-26,INV-02,250.0,2.92,29.5,773.1,805.1,622.3,0.0,100.0,0,None
2025-01-26,INV-03,250.0,2.92,29.5,771.9,790.6,615.7,0.0,100.0,0,None
2025-01-26,INV-04,250.0,2.92,29.5,774.8,813.8,605.7,0.0,100.0,0,None
2025-01-26,INV-05,250.0,2.92,29.5,771.3,800.5,608.2,0.0,100.0,0,None
2025-01-26,INV-06,250.0,2.92,29.5,772.5,793.6,610.3,0.0,100.0,0,None
2025-01-26,INV-07,250.0,2.92,29.5,772.2,811.7,612.2,0.0,100.0,0,None
2025-01-26,INV-08,250.0,2.92,29.5,770.6,805.6,617.0,0.0,100.0,0,None
2025-01-26,INV-09,250.0,2.92,29.5,768.8,788.7,570.6,0.0,100.0,0,None
2025-01-26,INV-10,250.0,2.92,29.5,779.8,824.0,601.0,0.0,100.0,0,None
2025-01-26,INV-11,250.0,2.92,29.5,769.1,804.4,615.0,0.0,100.0,0,None
2025-01-26,INV-12,250.0,2.92,29.5,768.3,798.2,602.2,0.0,100.0,1,Comm loss
2025-01-27,INV-01,250.0,3.15,33.6,758.9,795.0,660.1,0.0,100.0,0,None
2025-01-27,INV-02,250.0,3.15,33.6,764.0,784.2,640.8,0.0,100.0,0,None
2025-01-27,INV-03,250.0,3.15,33.6,766.5,805.8,654.1,0.0,100.0,0,None
2025-01-27,INV-04,250.0,3.15,33.6,765.5,818.3,643.8,0.0,100.0,0,None
2025-01-27,INV-05,250.0,3.15,33.6,770.5,803.4,653.9,0.0,100.0,0,None
2025-01-27,INV-06,250.0,3.15,33.6,759.8,794.5,646.5,0.0,100.0,0,None
2025-01-27,INV-07,250.0,3.15,33.6,757.3,783.4,659.7,0.0,100.0,0,None
2025-01-27,INV-08,250.0,3.15,33.6,758.9,774.4,654.8,0.0,100.0,0,None
2025-01-27,INV-09,250.0,3.15,33.6,765.5,790.7,603.9,0.0,100.0,0,None
2025-01-27,INV-10,250.0,3.15,33.6,764.8,786.1,,0.0,100.0,0,None
2025-01-27,INV-11,250.0,3.15,33.6,763.3,781.7,655.5,0.0,100.0,0,None
2025-01-27,INV-12,250.0,3.15,33.6,758.4,802.1,654.6,0.0,100.0,0,None
2025-01-28,INV-01,250.0,3.13,32.8,763.9,779.5,652.2,0.0,100.0,0,None
2025-01-28,INV-02,250.0,3.13,32.8,762.4,804.8,645.1,0.0,100.0,0,None
2025-01-28,INV-03,250.0,3.13,32.8,761.8,793.8,647.8,0.0,100.0,0,None
2025-01-28,INV-04,250.0,3.13,32.8,766.2,782.5,642.4,0.0,100.0,0,None
2025-01-28,INV-05,250.0,3.13,32.8,765.1,789.4,626.8,0.0,100.0,0,None
2025-01-28,INV-06,250.0,3.13,32.8,766.8,803.0,639.1,0.0,100.0,1,Comm loss
2025-01-28,INV-07,250.0,3.13,32.8,764.8,792.6,653.4,0.0,100.0,0,None
2025-01-28,INV-08,250.0,3.13,32.8,767.6,793.5,655.3,0.0,100.0,0,None
2025-01-28,INV-09,250.0,3.13,32.8,764.7,805.9,590.5,0.0,100.0,0,None
2025-01-28,INV-10,250.0,3.13,32.8,767.4,789.1,639.7,0.0,100.0,0,None
2025-01-28,INV-11,250.0,3.13,32.8,767.8,791.4,660.7,0.0,100.0,0,None
2025-01-28,INV-12,250.0,3.13,32.8,761.1,792.8,648.2,0.0,100.0,0,None
2025-01-29,INV-01,250.0,3.15,34.4,759.8,797.3,653.4,0.0,100.0,0,None
2025-01-29,INV-02,250.0,3.15,34.4,762.2,1027.7,534.4,1.84,81.6,5,DC overvoltage
2025-01-29,INV-03,250.0,3.15,34.4,764.6,795.6,650.3,0.0,100.0,0,None
2025-01-29,INV-04,250.0,3.15,34.4,762.5,792.0,657.1,0.0,100.0,0,None
2025-01-29,INV-05,250.0,3.15,34.4,766.2,802.1,638.0,0.0,100.0,0,None
2025-01-29,INV-06,250.0,3.15,34.4,760.8,784.0,648.6,0.0,100.0,0,None
2025-01-29,INV-07,250.0,3.15,34.4,759.9,781.3,658.7,0.0,100.0,0,None
2025-01-29,INV-08,250.0,3.15,34.4,772.0,803.8,654.5,0.0,100.0,0,None
2025-01-29,INV-09,250.0,3.15,34.4,762.8,797.6,610.6,0.0,100.0,0,None
2025-01-29,INV-10,250.0,3.15,34.4,758.3,791.0,637.3,0.0,100.0,0,None
2025-01-29,INV-11,250.0,3.15,34.4,758.4,782.0,657.3,0.0,100.0,0,None
2025-01-29,INV-12,250.0,3.15,34.4,757.4,792.9,638.7,0.0,100.0,0,None
2025-01-30,INV-01,250.0,3.17,34.9,752.7,784.1,669.5,0.0,100.0,0,None
2025-01-30,INV-02,250.0,3.17,34.9,756.2,771.3,666.5,0.0,100.0,0,None
2025-01-30,INV-03,250.0,3.17,34.9,753.2,781.8,673.7,0.0,100.0,0,None
2025-01-30,INV-04,250.0,3.17,34.9,760.3,790.4,664.5,0.0,100.0,0,None
2025-01-30,INV-05,250.0,3.17,34.9,759.7,788.0,676.9,0.0,100.0,0,None
2025-01-30,INV-06,250.0,3.17,34.9,758.3,781.8,674.5,0.0,100.0,0,None
2025-01-30,INV-07,250.0,3.17,34.9,768.2,793.9,679.9,0.0,100.0,0,None
2025-01-30,INV-08,250.0,3.17,34.9,762.4,791.0,680.2,0.0,100.0,0,None
2025-01-30,INV-09,250.0,3.17,34.9,763.1,793.8,671.0,0.0,100.0,0,None
2025-01-30,INV-10,250.0,3.17,34.9,756.5,791.3,661.9,0.0,100.0,0,None
2025-01-30,INV-11,250.0,3.17,34.9,756.2,794.8,691.9,0.0,100.0,0,None
2025-01-30,INV-12,250.0,3.17,34.9,760.3,788.0,679.9,0.0,100.0,0,None
2025-01-31,INV-01,250.0,3.58,34.9,762.2,781.0,756.6,0.0,100.0,0,None
2025-01-31,INV-02,250.0,3.58,34.9,755.9,793.5,748.6,0.0,100.0,0,None
2025-01-31,INV-03,250.0,3.58,34.9,755.1,789.0,762.6,0.0,100.0,0,None
2025-01-31,INV-04,250.0,3.58,34.9,766.6,791.6,752.5,0.0,100.0,0,None
2025-01-31,INV-05,250.0,3.58,34.9,756.6,773.9,761.0,0.0,100.0,0,None
2025-01-31,INV-06,250.0,3.58,34.9,756.1,780.1,754.0,0.0,100.0,0,None
2025-01-31,INV-07,250.0,3.58,34.9,760.1,789.7,754.6,0.0,100.0,0,None
2025-01-31,INV-08,250.0,3.58,34.9,759.9,799.2,765.0,0.0,100.0,0,None
2025-01-31,INV-09,250.0,3.58,34.9,756.6,778.3,751.4,0.0,100.0,0,None
2025-01-31,INV-10,250.0,3.58,34.9,759.0,788.4,753.5,0.0,100.0,0,None
2025-01-31,INV-11,250.0,3.58,34.9,765.2,800.6,780.8,0.0,100.0,0,None
2025-01-31,INV-12,250.0,3.58,34.9,757.0,768.0,766.6,0.0,100.0,0,None
2025-02-01,INV-01,250.0,2.99,34.9,758.0,791.6,639.5,0.0,100.0,0,None
2025-02-01,INV-02,250.0,2.99,34.9,752.2,791.4,633.0,0.0,100.0,0,None
2025-02-01,INV-03,250.0,2.99,34.9,765.1,804.7,624.0,0.0,100.0,0,None
2025-02-01,INV-04,250.0,2.99,34.9,760.2,786.8,629.8,0.0,100.0,0,None
2025-02-01,INV-05,250.0,2.99,34.9,764.6,803.9,636.9,0.0,100.0,0,None
2025-02-01,INV-06,250.0,2.99,34.9,761.3,798.7,627.2,0.0,100.0,0,None
2025-02-01,INV-07,250.0,2.99,34.9,762.0,812.6,640.7,0.0,100.0,0,None
2025-02-01,INV-08,250.0,2.99,34.9,761.6,785.6,642.7,0.0,100.0,0,None
2025-02-01,INV-09,250.0,2.99,34.9,763.0,788.9,625.4,0.0,100.0,0,None
2025-02-01,INV-10,250.0,2.99,34.9,769.3,796.8,606.0,0.0,100.0,0,None
2025-02-01,INV-11,250.0,2.99,34.9,764.1,790.1,629.6,0.0,100.0,0,None
2025-02-01,INV-12,250.0,2.99,34.9,753.9,776.7,649.7,0.0,100.0,0,None
2025-02-02,INV-01,250.0,2.98,34.2,752.7,791.1,637.2,0.0,100.0,0,None
2025-02-02,INV-02,250.0,2.98,34.2,767.5,804.2,635.2,0.0,100.0,0,None
2025-02-02,INV-03,250.0,2.98,34.2,762.2,804.1,632.2,0.0,100.0,0,None
2025-02-02,INV-04,250.0,2.98,34.2,765.6,794.1,633.4,0.0,100.0,0,None
2025-02-02,INV-05,250.0,2.98,34.2,758.0,771.5,646.4,0.0,100.0,0,None
2025-02-02,INV-06,250.0,2.98,34.2,755.4,783.9,630.6,0.0,100.0,0,None
2025-02-02,INV-07,250.0,2.98,34.2,762.6,799.1,637.7,0.0,100.0,0,None
2025-02-02,INV-08,250.0,2.98,34.2,761.4,783.7,643.3,0.0,100.0,0,None
2025-02-02,INV-09,250.0,2.98,34.2,759.6,788.2,628.5,0.0,100.0,0,None
2025-02-02,INV-10,250.0,2.98,34.2,761.9,786.4,623.6,0.0,100.0,0,None
2025-02-02,INV-11,250.0,2.98,34.2,772.6,814.7,621.0,0.0,100.0,0,None
2025-02-02,INV-12,250.0,2.98,34.2,764.9,800.9,638.9,0.0,100.0,0,None
2025-02-03,INV-01,250.0,2.92,34.7,759.2,776.4,617.0,0.0,100.0,0,None
2025-02-03,INV-02,250.0,2.92,34.7,750.9,786.2,621.1,0.0,100.0,0,None
2025-02-03,INV-03,250.0,2.92,34.7,762.7,801.6,634.7,0.0,100.0,0,None
2025-02-03,INV-04,250.0,2.92,34.7,757.8,787.5,625.0,0.0,100.0,0,None
2025-02-03,INV-05,250.0,2.92,34.7,760.8,775.1,624.1,0.0,100.0,0,None
2025-02-03,INV-06,250.0,2.92,34.7,760.3,795.9,615.0,0.0,100.0,0,None
2025-02-03,INV-07,250.0,2.92,34.7,759.5,776.3,614.6,0.0,100.0,0,None
2025-02-03,INV-08,250.0,2.92,34.7,763.8,796.3,625.4,0.0,100.0,0,None
2025-02-03,INV-09,250.0,2.92,34.7,754.5,777.4,598.7,0.0,100.0,0,None
2025-02-03,INV-10,250.0,2.92,34.7,758.6,779.3,607.4,0.0,100.0,0,None
2025-02-03,INV-11,250.0,2.92,34.7,763.4,789.8,620.5,0.0,100.0,0,None
2025-02-03,INV-12,250.0,2.92,34.7,758.2,786.7,630.3,0.0,100.0,0,None
2025-02-04,INV-01,250.0,3.3,33.6,755.4,777.2,685.3,0.0,100.0,0,None
2025-02-04,INV-02,250.0,3.3,33.6,761.7,792.5,697.1,0.0,100.0,0,None
2025-02-04,INV-03,250.0,3.3,33.6,769.0,797.1,695.2,0.0,100.0,0,None
2025-02-04,INV-04,250.0,3.3,33.6,761.1,783.4,708.9,0.0,100.0,0,None
2025-02-04,INV-05,250.0,3.3,33.6,763.2,785.3,687.3,0.0,100.0,0,None
2025-02-04,INV-06,250.0,3.3,33.6,767.3,799.5,689.5,0.0,100.0,0,None
2025-02-04,INV-07,250.0,3.3,33.6,771.2,809.2,710.6,0.0,100.0,0,None
2025-02-04,INV-08,250.0,3.3,33.6,760.5,789.5,712.9,0.0,100.0,0,None
2025-02-04,INV-09,250.0,3.3,33.6,762.7,793.3,679.4,0.0,100.0,0,None
2025-02-04,INV-10,250.0,3.3,33.6,770.1,804.7,685.7,0.0,100.0,0,None
2025-02-04,INV-11,250.0,3.3,33.6,756.7,778.9,708.6,0.0,100.0,0,None
2025-02-04,INV-12,250.0,3.3,33.6,766.9,802.8,686.5,0.0,100.0,0,None
2025-02-05,INV-01,250.0,3.45,34.8,763.1,807.6,737.0,0.0,100.0,0,None
2025-02-05,INV-02,250.0,3.45,34.8,760.5,783.5,724.3,0.0,100.0,0,None
2025-02-05,INV-03,250.0,3.45,34.8,758.6,790.4,715.7,0.0,100.0,0,None
2025-02-05,INV-04,250.0,3.45,34.8,758.7,788.4,711.3,0.0,100.0,0,None
2025-02-05,INV-05,250.0,3.45,34.8,761.8,791.0,717.3,0.0,100.0,0,None
2025-02-05,INV-06,250.0,3.45,34.8,762.8,791.9,717.6,0.0,100.0,0,None
2025-02-05,INV-07,250.0,3.45,34.8,756.8,787.7,729.5,0.0,100.0,0,None
2025-02-05,INV-08,250.0,3.45,34.8,760.6,797.4,722.5,0.0,100.0,0,None
2025-02-05,INV-09,250.0,3.45,34.8,752.3,793.4,704.8,0.0,100.0,0,None
2025-02-05,INV-10,250.0,3.45,34.8,761.3,791.3,711.8,0.0,100.0,0,None
2025-02-05,INV-11,250.0,3.45,34.8,763.5,800.0,728.9,0.0,100.0,0,None
2025-02-05,INV-12,250.0,3.45,34.8,759.3,783.7,739.9,0.0,100.0,0,None
2025-02-06,INV-01,250.0,3.14,34.9,760.2,798.8,672.5,0.0,100.0,0,None
2025-02-06,INV-02,250.0,3.14,34.9,765.9,791.5,669.8,0.0,100.0,0,None
2025-02-06,INV-03,250.0,3.14,34.9,762.3,801.5,673.9,0.0,100.0,0,None
2025-02-06,INV-04,250.0,3.14,34.9,753.3,787.6,662.5,0.0,100.0,0,None
2025-02-06,INV-05,250.0,3.14,34.9,759.3,791.2,667.1,0.0,100.0,0,None
2025-02-06,INV-06,250.0,3.14,34.9,767.3,798.4,659.8,0.0,100.0,0,None
2025-02-06,INV-07,250.0,3.14,34.9,759.3,787.9,661.1,0.0,100.0,0,None
2025-02-06,INV-08,250.0,3.14,34.9,752.9,791.3,677.1,0.0,100.0,0,None
2025-02-06,INV-09,250.0,3.14,34.9,767.7,790.8,646.0,0.0,100.0,1,Comm loss
2025-02-06,INV-10,250.0,3.14,34.9,762.9,779.9,658.3,0.0,100.0,0,None
2025-02-06,INV-11,250.0,3.14,34.9,759.8,794.8,667.5,0.0,100.0,0,None
2025-02-06,INV-12,250.0,3.14,34.9,758.6,793.7,660.6,0.0,100.0,1,Comm loss
2025-02-07,INV-01,250.0,2.97,35.7,763.1,786.6,623.0,0.0,100.0,0,None
2025-02-07,INV-02,250.0,2.97,35.7,754.8,777.1,612.0,0.0,100.0,0,None
2025-02-07,INV-03,250.0,2.97,35.7,759.4,799.5,627.4,0.0,100.0,0,None
2025-02-07,INV-04,250.0,2.97,35.7,760.3,801.3,619.0,0.0,100.0,0,None
2025-02-07,INV-05,250.0,2.97,35.7,751.3,773.4,609.1,0.0,100.0,0,None
2025-02-07,INV-06,250.0,2.97,35.7,760.5,798.2,628.3,0.0,100.0,1,Comm loss
2025-02-07,INV-07,250.0,2.97,35.7,767.7,797.0,635.2,0.0,100.0,0,None
2025-02-07,INV-08,250.0,2.97,35.7,761.1,793.9,636.2,0.0,100.0,0,None
2025-02-07,INV-09,250.0,2.97,35.7,764.5,798.2,607.6,0.0,100.0,0,None
2025-02-07,INV-10,250.0,2.97,35.7,759.3,797.3,615.2,0.0,100.0,0,None
2025-02-07,INV-11,250.0,2.97,35.7,758.3,789.0,636.1,0.0,100.0,0,None
2025-02-07,INV-12,250.0,2.97,35.7,760.1,801.4,635.9,0.0,100.0,0,None
2025-02-08,INV-01,250.0,2.99,34.0,759.5,785.1,629.5,0.0,100.0,0,None
2025-02-08,INV-02,250.0,2.99,34.0,760.3,789.1,641.4,0.0,100.0,0,None
2025-02-08,INV-03,250.0,2.99,34.0,754.5,795.3,631.5,0.0,100.0,0,None
2025-02-08,INV-04,250.0,2.99,34.0,759.2,800.9,629.6,0.0,100.0,0,None
2025-02-08,INV-05,250.0,2.99,34.0,761.9,785.3,636.5,0.0,100.0,0,None
2025-02-08,INV-06,250.0,2.99,34.0,765.6,795.3,624.5,0.0,100.0,0,None
2025-02-08,INV-07,250.0,2.99,34.0,758.8,789.5,627.2,0.0,100.0,0,None
2025-02-08,INV-08,250.0,2.99,34.0,768.5,790.6,633.0,0.0,100.0,0,None
2025-02-08,INV-09,250.0,2.99,34.0,759.2,788.7,616.0,0.0,100.0,0,None
2025-02-08,INV-10,250.0,2.99,34.0,759.2,789.2,613.7,0.0,100.0,0,None
2025-02-08,INV-11,250.0,2.99,34.0,768.1,807.2,624.5,0.0,100.0,0,None
2025-02-08,INV-12,250.0,2.99,34.0,762.7,802.4,637.5,0.0,100.0,0,None
2025-02-09,INV-01,250.0,3.39,36.2,753.5,779.8,713.9,0.0,100.0,0,None
2025-02-09,INV-02,250.0,3.39,36.2,754.7,788.6,728.4,0.0,100.0,0,None
2025-02-09,INV-03,250.0,3.39,36.2,756.1,784.2,703.1,0.0,100.0,0,None
2025-02-09,INV-04,250.0,3.39,36.2,751.8,784.7,692.9,0.0,100.0,0,None
2025-02-09,INV-05,250.0,3.39,36.2,755.8,798.3,716.2,0.0,100.0,0,None
2025-02-09,INV-06,250.0,3.39,36.2,758.0,792.1,702.5,0.0,100.0,0,None
2025-02-09,INV-07,250.0,3.39,36.2,755.9,771.7,712.2,0.0,100.0,0,None
2025-02-09,INV-08,250.0,3.39,36.2,756.4,790.1,709.0,0.0,100.0,0,None
2025-02-09,INV-09,250.0,3.39,36.2,757.4,797.3,687.1,0.0,100.0,0,None
2025-02-09,INV-10,250.0,3.39,36.2,754.9,783.1,692.7,0.0,100.0,0,None
2025-02-09,INV-11,250.0,3.39,36.2,760.3,798.2,712.9,0.0,100.0,0,None
2025-02-09,INV-12,250.0,3.39,36.2,763.3,787.7,713.8,0.0,100.0,0,None
2025-02-10,INV-01,250.0,3.66,35.7,758.5,774.6,772.1,0.0,100.0,0,None
2025-02-10,INV-02,250.0,3.66,35.7,761.5,1035.1,583.1,2.35,76.5,4,DC overvoltage
2025-02-10,INV-03,250.0,3.66,35.7,758.4,783.7,774.2,0.0,100.0,0,None
2025-02-10,INV-04,250.0,3.66,35.7,754.1,781.2,754.3,0.0,100.0,0,None
2025-02-10,INV-05,250.0,3.66,35.7,758.1,780.9,769.8,0.0,100.0,0,None
2025-02-10,INV-06,250.0,3.66,35.7,759.0,787.6,774.2,0.0,100.0,0,None
2025-02-10,INV-07,250.0,3.66,35.7,759.1,803.9,771.1,0.0,100.0,0,None
2025-02-10,INV-08,250.0,3.66,35.7,759.3,779.2,769.1,0.0,100.0,0,None
2025-02-10,INV-09,250.0,3.66,35.7,762.8,783.5,741.3,0.0,100.0,0,None
2025-02-10,INV-10,250.0,3.66,35.7,754.3,773.9,733.8,0.0,100.0,0,None
2025-02-10,INV-11,250.0,3.66,35.7,759.4,803.2,773.9,0.0,100.0,0,None
2025-02-10,INV-12,250.0,3.66,35.7,763.8,790.1,766.3,0.0,100.0,0,None
2025-02-11,INV-01,250.0,3.63,36.0,761.6,796.2,756.9,0.0,100.0,0,None
2025-02-11,INV-02,250.0,3.63,36.0,755.3,783.3,759.0,0.0,100.0,0,None
2025-02-11,INV-03,250.0,3.63,36.0,751.6,780.3,764.6,0.0,100.0,0,None
2025-02-11,INV-04,250.0,3.63,36.0,755.9,782.5,756.9,0.0,100.0,0,None
2025-02-11,INV-05,250.0,3.63,36.0,761.6,812.7,751.5,0.0,100.0,0,None
2025-02-11,INV-06,250.0,3.63,36.0,755.9,790.4,744.1,0.0,100.0,0,None
2025-02-11,INV-07,250.0,3.63,36.0,755.3,781.6,761.6,0.0,100.0,0,None
2025-02-11,INV-08,250.0,3.63,36.0,750.8,784.5,770.1,0.0,100.0,0,None
2025-02-11,INV-09,250.0,3.63,36.0,765.1,787.0,719.5,0.0,100.0,0,None
2025-02-11,INV-10,250.0,3.63,36.0,761.4,803.4,751.7,0.0,100.0,0,None
2025-02-11,INV-11,250.0,3.63,36.0,761.2,785.9,765.5,0.0,100.0,0,None
2025-02-11,INV-12,250.0,3.63,36.0,762.0,796.0,763.8,0.0,100.0,0,None
2025-02-12,INV-01,250.0,3.33,37.0,748.3,785.1,698.4,0.0,100.0,0,None
2025-02-12,INV-02,250.0,3.33,37.0,757.1,774.8,697.6,0.0,100.0,0,None
2025-02-12,INV-03,250.0,3.33,37.0,750.5,782.9,690.3,0.0,100.0,0,None
2025-02-12,INV-04,250.0,3.33,37.0,753.5,788.9,691.5,0.0,100.0,0,None
2025-02-12,INV-05,250.0,3.33,37.0,754.5,776.3,683.5,0.0,100.0,0,None
2025-02-12,INV-06,250.0,3.33,37.0,754.3,784.4,688.0,0.0,100.0,0,None
2025-02-12,INV-07,250.0,3.33,37.0,753.9,782.9,700.7,0.0,100.0,0,None
2025-02-12,INV-08,250.0,3.33,37.0,756.0,800.8,701.1,0.0,100.0,0,None
2025-02-12,INV-09,250.0,3.33,37.0,753.9,799.3,656.1,0.0,100.0,0,None
2025-02-12,INV-10,250.0,3.33,37.0,750.2,766.8,675.4,0.0,100.0,0,None
2025-02-12,INV-11,250.0,3.33,37.0,759.1,809.1,696.8,0.0,100.0,0,None
2025-02-12,INV-12,250.0,3.33,37.0,759.0,781.7,703.1,0.0,100.0,0,None
2025-02-13,INV-01,250.0,3.58,33.3,769.6,811.8,762.5,0.0,100.0,0,None
2025-02-13,INV-02,250.0,3.58,33.3,763.1,793.6,752.0,0.0,100.0,0,None
2025-02-13,INV-03,250.0,3.58,33.3,763.8,798.4,747.1,0.0,100.0,0,None
2025-02-13,INV-04,250.0,3.58,33.3,761.9,777.2,745.6,0.0,100.0,0,None
2025-02-13,INV-05,250.0,3.58,33.3,759.7,784.3,745.5,0.0,100.0,0,None
2025-02-13,INV-06,250.0,3.58,33.3,757.4,778.8,758.3,0.0,100.0,0,None
2025-02-13,INV-07,250.0,3.58,33.3,765.8,780.7,764.4,0.0,100.0,0,None
2025-02-13,INV-08,250.0,3.58,33.3,760.2,791.1,757.1,0.0,100.0,0,None
2025-02-13,INV-09,250.0,3.58,33.3,775.5,787.6,731.3,0.0,100.0,0,None
2025-02-13,INV-10,250.0,3.58,33.3,759.0,778.4,753.4,0.0,100.0,0,None
2025-02-13,INV-11,250.0,3.58,33.3,758.3,784.0,761.3,0.0,100.0,0,None
2025-02-13,INV-12,250.0,3.58,33.3,765.3,788.7,747.5,0.0,100.0,0,None
2025-02-14,INV-01,250.0,3.57,34.5,758.8,804.4,753.8,0.0,100.0,0,None
2025-02-14,INV-02,250.0,3.57,34.5,759.3,801.9,750.1,0.0,100.0,0,None
2025-02-14,INV-03,250.0,3.57,34.5,761.1,805.8,743.6,0.0,100.0,0,None
2025-02-14,INV-04,250.0,3.57,34.5,765.5,787.4,738.4,0.0,100.0,0,None
2025-02-14,INV-05,250.0,3.57,34.5,761.1,798.3,734.4,0.0,100.0,0,None
2025-02-14,INV-06,250.0,3.57,34.5,756.2,780.4,753.1,0.0,100.0,0,None
2025-02-14,INV-07,250.0,3.57,34.5,763.1,794.9,751.2,0.0,100.0,0,None
2025-02-14,INV-08,250.0,3.57,34.5,759.0,778.8,745.5,0.0,100.0,0,None
2025-02-14,INV-09,250.0,3.57,34.5,768.5,793.4,718.8,0.0,100.0,0,None
2025-02-14,INV-10,250.0,3.57,34.5,761.0,785.6,732.8,0.0,100.0,0,None
2025-02-14,INV-11,250.0,3.57,34.5,752.0,789.2,742.5,0.0,100.0,0,None
2025-02-14,INV-12,250.0,3.57,34.5,762.4,798.8,754.5,0.0,100.0,0,None
2025-02-15,INV-01,250.0,3.62,34.5,764.1,788.2,754.3,0.0,100.0,0,None
2025-02-15,INV-02,250.0,3.62,34.5,759.9,790.1,772.8,0.0,100.0,0,None
2025-02-15,INV-03,250.0,3.62,34.5,751.0,768.2,767.3,0.0,100.0,0,None
2025-02-15,INV-04,250.0,3.62,34.5,752.6,793.8,752.5,0.0,100.0,0,None
2025-02-15,INV-05,250.0,3.62,34.5,757.0,781.6,750.1,0.0,100.0,0,None
2025-02-15,INV-06,250.0,3.62,34.5,763.2,809.5,753.9,0.0,100.0,0,None
2025-02-15,INV-07,250.0,3.62,34.5,761.5,791.3,761.6,0.0,100.0,0,None
2025-02-15,INV-08,250.0,3.62,34.5,761.8,800.0,773.5,0.0,100.0,0,None
2025-02-15,INV-09,250.0,3.62,34.5,768.9,798.5,723.1,0.0,100.0,0,None
2025-02-15,INV-10,250.0,3.62,34.5,756.0,785.8,751.4,0.0,100.0,0,None
2025-02-15,INV-11,250.0,3.62,34.5,761.0,786.3,771.4,0.0,100.0,0,None
2025-02-15,INV-12,250.0,3.62,34.5,762.3,793.3,746.9,0.0,100.0,0,None
2025-02-16,INV-01,250.0,3.82,33.7,772.0,807.9,799.5,0.0,100.0,0,None
2025-02-16,INV-02,250.0,3.82,33.7,765.9,814.8,805.2,0.0,100.0,0,None
2025-02-16,INV-03,250.0,3.82,33.7,761.3,788.5,813.1,0.0,100.0,0,None
2025-02-16,INV-04,250.0,3.82,33.7,767.7,794.3,796.4,0.0,100.0,0,None
2025-02-16,INV-05,250.0,3.82,33.7,765.4,796.4,805.4,0.0,100.0,0,None
2025-02-16,INV-06,250.0,3.82,33.7,770.5,808.4,802.5,0.0,100.0,0,None
2025-02-16,INV-07,250.0,3.82,33.7,756.5,781.9,815.9,0.0,100.0,0,None
2025-02-16,INV-08,250.0,3.82,33.7,761.6,786.6,804.0,0.0,100.0,0,None
2025-02-16,INV-09,250.0,3.82,33.7,760.8,799.3,776.9,0.0,100.0,0,None
2025-02-16,INV-10,250.0,3.82,33.7,754.8,787.8,784.3,0.0,100.0,0,None
2025-02-16,INV-11,250.0,3.82,33.7,766.9,780.6,799.5,0.0,100.0,0,None
2025-02-16,INV-12,250.0,3.82,33.7,761.6,781.8,788.4,0.0,100.0,0,None
2025-02-17,INV-01,250.0,3.66,36.0,758.7,785.2,753.5,0.0,100.0,0,None
2025-02-17,INV-02,250.0,3.66,36.0,756.5,782.7,766.2,0.0,100.0,0,None
2025-02-17,INV-03,250.0,3.66,36.0,759.9,784.5,768.5,0.0,100.0,0,None
2025-02-17,INV-04,250.0,3.66,36.0,760.0,787.5,758.2,0.0,100.0,0,None
2025-02-17,INV-05,250.0,3.66,36.0,761.5,800.9,755.3,0.0,100.0,0,None
2025-02-17,INV-06,250.0,3.66,36.0,763.6,795.2,756.6,0.0,100.0,0,None
2025-02-17,INV-07,250.0,3.66,36.0,761.9,811.7,756.2,0.0,100.0,0,None
2025-02-17,INV-08,250.0,3.66,36.0,754.2,785.6,763.6,0.0,100.0,0,None
2025-02-17,INV-09,250.0,3.66,36.0,754.3,782.0,727.9,0.0,100.0,0,None
2025-02-17,INV-10,250.0,3.66,36.0,757.6,787.7,747.7,0.0,100.0,0,None
2025-02-17,INV-11,250.0,3.66,36.0,756.1,788.2,758.6,0.0,100.0,0,None
2025-02-17,INV-12,250.0,3.66,36.0,753.4,786.9,753.9,0.0,100.0,0,None
2025-02-18,INV-01,250.0,3.81,38.6,749.7,780.1,776.5,0.0,100.0,0,None
2025-02-18,INV-02,250.0,3.81,38.6,760.2,796.2,787.7,0.0,100.0,0,None
2025-02-18,INV-03,250.0,3.81,38.6,748.3,779.4,778.2,0.0,100.0,0,None
2025-02-18,INV-04,250.0,3.81,38.6,758.2,777.8,772.7,0.0,100.0,0,None
2025-02-18,INV-05,250.0,3.81,38.6,750.2,773.7,781.6,0.0,100.0,0,None
2025-02-18,INV-06,250.0,3.81,38.6,760.9,792.8,770.1,0.0,100.0,0,None
2025-02-18,INV-07,250.0,3.81,38.6,755.2,795.0,777.7,0.0,100.0,0,None
2025-02-18,INV-08,250.0,3.81,38.6,748.8,791.7,787.7,0.0,100.0,0,None
2025-02-18,INV-09,250.0,3.81,38.6,750.8,787.0,663.2,1.1,89.0,2,Grid trip
2025-02-18,INV-10,250.0,3.81,38.6,756.0,788.3,779.9,0.0,100.0,0,None
2025-02-18,INV-11,250.0,3.81,38.6,757.1,793.1,782.6,0.0,100.0,0,None
2025-02-18,INV-12,250.0,3.81,38.6,752.6,777.2,786.6,0.0,100.0,0,None
2025-02-19,INV-01,250.0,3.66,36.9,768.3,797.2,761.4,0.0,100.0,1,Comm loss
2025-02-19,INV-02,250.0,3.66,36.9,755.3,780.4,764.5,0.0,100.0,0,None
2025-02-19,INV-03,250.0,3.66,36.9,757.2,781.0,750.5,0.0,100.0,0,None
2025-02-19,INV-04,250.0,3.66,36.9,754.6,806.0,750.1,0.0,100.0,0,None
2025-02-19,INV-05,250.0,3.66,36.9,757.7,785.6,744.4,0.0,100.0,0,None
2025-02-19,INV-06,250.0,3.66,36.9,759.5,777.9,748.5,0.0,100.0,0,None
2025-02-19,INV-07,250.0,3.66,36.9,755.7,780.1,749.5,0.0,100.0,0,None
2025-02-19,INV-08,250.0,3.66,36.9,763.3,792.9,769.4,0.0,100.0,0,None
2025-02-19,INV-09,250.0,3.66,36.9,757.1,791.5,718.5,0.0,100.0,0,None
2025-02-19,INV-10,250.0,3.66,36.9,757.3,791.7,748.1,0.0,100.0,0,None
2025-02-19,INV-11,250.0,3.66,36.9,752.5,788.0,776.1,0.0,100.0,0,None
2025-02-19,INV-12,250.0,3.66,36.9,757.9,782.7,751.0,0.0,100.0,0,None
2025-02-20,INV-01,250.0,3.74,37.9,748.7,788.0,773.4,0.0,100.0,0,None
2025-02-20,INV-02,250.0,3.74,37.9,748.5,776.0,777.8,0.0,100.0,0,None
2025-02-20,INV-03,250.0,3.74,37.9,750.9,789.7,771.7,0.0,100.0,0,None
2025-02-20,INV-04,250.0,3.74,37.9,754.5,787.9,755.1,0.0,100.0,0,None
2025-02-20,INV-05,250.0,3.74,37.9,749.4,776.7,750.5,0.0,100.0,0,None
2025-02-20,INV-06,250.0,3.74,37.9,753.7,787.5,760.1,0.0,100.0,0,None
2025-02-20,INV-07,250.0,3.74,37.9,758.4,790.9,775.7,0.0,100.0,0,None
2025-02-20,INV-08,250.0,3.74,37.9,748.9,787.1,778.6,0.0,100.0,0,None
2025-02-20,INV-09,250.0,3.74,37.9,753.3,778.9,711.6,0.0,100.0,0,None
2025-02-20,INV-10,250.0,3.74,37.9,758.2,788.6,749.8,0.0,100.0,0,None
2025-02-20,INV-11,250.0,3.74,37.9,752.5,782.0,769.0,0.0,100.0,0,None
2025-02-20,INV-12,250.0,3.74,37.9,751.9,787.5,762.5,0.0,100.0,0,None
2025-02-21,INV-01,250.0,3.86,39.6,753.7,785.2,785.8,0.0,100.0,0,None
2025-02-21,INV-02,250.0,3.86,39.6,754.4,793.6,784.4,0.0,100.0,0,None
2025-02-21,INV-03,250.0,3.86,39.6,746.2,775.8,786.5,0.0,100.0,0,None
2025-02-21,INV-04,250.0,3.86,39.6,755.2,774.0,785.4,0.0,100.0,0,None
2025-02-21,INV-05,250.0,3.86,39.6,747.4,785.1,768.3,0.0,100.0,0,None
2025-02-21,INV-06,250.0,3.86,39.6,751.8,778.8,780.1,0.0,100.0,0,None
2025-02-21,INV-07,250.0,3.86,39.6,751.8,784.5,801.6,0.0,100.0,0,None
2025-02-21,INV-08,250.0,3.86,39.6,752.7,777.5,783.2,0.0,100.0,0,None
2025-02-21,INV-09,250.0,3.86,39.6,752.1,795.3,743.1,0.0,100.0,0,None
2025-02-21,INV-10,250.0,3.86,39.6,747.4,770.4,771.4,0.0,100.0,0,None
2025-02-21,INV-11,250.0,3.86,39.6,745.4,772.7,797.4,0.0,100.0,0,None
2025-02-21,INV-12,250.0,3.86,39.6,754.3,785.1,791.6,0.0,100.0,1,Comm loss
2025-02-22,INV-01,250.0,3.29,39.2,755.7,785.2,672.4,0.0,100.0,0,None
2025-02-22,INV-02,250.0,3.29,39.2,746.3,772.7,663.1,0.0,100.0,0,None
2025-02-22,INV-03,250.0,3.29,39.2,756.0,787.2,664.2,0.0,100.0,0,None
2025-02-22,INV-04,250.0,3.29,39.2,750.1,784.5,672.6,0.0,100.0,0,None
2025-02-22,INV-05,250.0,3.29,39.2,747.6,794.1,651.3,0.0,100.0,0,None
2025-02-22,INV-06,250.0,3.29,39.2,750.8,788.3,663.8,0.0,100.0,0,None
2025-02-22,INV-07,250.0,3.29,39.2,752.8,790.6,671.5,0.0,100.0,0,None
2025-02-22,INV-08,250.0,3.29,39.2,749.7,804.4,687.8,0.0,100.0,0,None
2025-02-22,INV-09,250.0,3.29,39.2,753.9,788.0,632.1,0.0,100.0,0,None
2025-02-22,INV-10,250.0,3.29,39.2,749.4,783.2,658.1,0.0,100.0,0,None
2025-02-22,INV-11,250.0,3.29,39.2,754.2,789.8,686.0,0.0,100.0,0,None
2025-02-22,INV-12,250.0,3.29,39.2,753.5,775.4,663.2,0.0,100.0,0,None
2025-02-23,INV-01,250.0,3.64,37.8,753.3,784.7,753.7,0.0,100.0,0,None
2025-02-23,INV-02,250.0,3.64,37.8,753.4,1022.9,575.8,2.38,76.2,4,DC overvoltage
2025-02-23,INV-03,250.0,3.64,37.8,756.3,779.0,746.3,0.0,100.0,0,None
2025-02-23,INV-04,250.0,3.64,37.8,750.1,780.6,742.2,0.0,100.0,0,None
2025-02-23,INV-05,250.0,3.64,37.8,747.9,781.2,737.2,0.0,100.0,0,None
2025-02-23,INV-06,250.0,3.64,37.8,753.0,789.6,735.9,0.0,100.0,0,None
2025-02-23,INV-07,250.0,3.64,37.8,757.5,781.0,745.0,0.0,100.0,0,None
2025-02-23,INV-08,250.0,3.64,37.8,761.1,788.4,749.1,0.0,100.0,1,Comm loss
2025-02-23,INV-09,250.0,3.64,37.8,757.5,765.9,692.9,0.0,100.0,0,None
2025-02-23,INV-10,250.0,3.64,37.8,748.5,773.6,719.4,0.0,100.0,0,None
2025-02-23,INV-11,250.0,3.64,37.8,753.5,779.3,747.3,0.0,100.0,0,None
2025-02-23,INV-12,250.0,3.64,37.8,755.4,777.3,740.2,0.0,100.0,0,None
2025-02-24,INV-01,250.0,3.61,40.1,751.6,779.5,651.9,1.1,89.0,2,Grid trip
2025-02-24,INV-02,250.0,3.61,40.1,749.8,764.9,737.8,0.0,100.0,0,None
2025-02-24,INV-03,250.0,3.61,40.1,747.9,773.9,728.2,0.0,100.0,0,None
2025-02-24,INV-04,250.0,3.61,40.1,743.7,776.9,730.8,0.0,100.0,0,None
2025-02-24,INV-05,250.0,3.61,40.1,747.8,784.4,723.0,0.0,100.0,0,None
2025-02-24,INV-06,250.0,3.61,40.1,745.6,769.9,722.3,0.0,100.0,0,None
2025-02-24,INV-07,250.0,3.61,40.1,743.0,781.4,733.4,0.0,100.0,0,None
2025-02-24,INV-08,250.0,3.61,40.1,746.7,764.6,739.2,0.0,100.0,0,None
2025-02-24,INV-09,250.0,3.61,40.1,745.7,765.7,682.8,0.0,100.0,0,None
2025-02-24,INV-10,250.0,3.61,40.1,752.2,787.9,735.4,0.0,100.0,0,None
2025-02-24,INV-11,250.0,3.61,40.1,752.3,795.7,733.9,0.0,100.0,0,None
2025-02-24,INV-12,250.0,3.61,40.1,746.3,780.2,727.5,0.0,100.0,0,None
2025-02-25,INV-01,250.0,3.59,38.3,748.3,775.0,742.7,0.0,100.0,0,None
2025-02-25,INV-02,250.0,3.59,38.3,755.6,793.4,729.3,0.0,100.0,0,None
2025-02-25,INV-03,250.0,3.59,38.3,750.9,776.5,649.6,1.36,86.4,2,Grid trip
2025-02-25,INV-04,250.0,3.59,38.3,753.9,783.6,727.2,0.0,100.0,0,None
2025-02-25,INV-05,250.0,3.59,38.3,752.3,769.7,725.9,0.0,100.0,0,None
2025-02-25,INV-06,250.0,3.59,38.3,761.2,796.8,731.4,0.0,100.0,0,None
2025-02-25,INV-07,250.0,3.59,38.3,761.4,806.9,747.6,0.0,100.0,0,None
2025-02-25,INV-08,250.0,3.59,38.3,753.6,789.4,741.8,0.0,100.0,0,None
2025-02-25,INV-09,250.0,3.59,38.3,753.7,795.4,666.4,0.0,100.0,0,None
2025-02-25,INV-10,250.0,3.59,38.3,752.0,775.2,730.4,0.0,100.0,0,None
2025-02-25,INV-11,250.0,3.59,38.3,757.9,789.8,734.8,0.0,100.0,0,None
2025-02-25,INV-12,250.0,3.59,38.3,752.1,774.6,643.6,1.14,88.6,2,Grid trip
2025-02-26,INV-01,250.0,3.71,37.3,759.4,800.9,750.9,0.0,100.0,0,None
2025-02-26,INV-02,250.0,3.71,37.3,760.7,790.4,762.2,0.0,100.0,0,None
2025-02-26,INV-03,250.0,3.71,37.3,759.0,797.0,766.8,0.0,100.0,0,None
2025-02-26,INV-04,250.0,3.71,37.3,759.8,798.5,755.7,0.0,100.0,0,None
2025-02-26,INV-05,250.0,3.71,37.3,758.4,786.6,740.2,0.0,100.0,0,None
2025-02-26,INV-06,250.0,3.71,37.3,756.6,791.3,759.5,0.0,100.0,0,None
2025-02-26,INV-07,250.0,3.71,37.3,755.9,783.9,745.2,0.0,100.0,0,None
2025-02-26,INV-08,250.0,3.71,37.3,754.5,795.1,762.1,0.0,100.0,0,None
2025-02-26,INV-09,250.0,3.71,37.3,750.6,785.7,708.9,0.0,100.0,0,None
2025-02-26,INV-10,250.0,3.71,37.3,751.7,772.2,747.6,0.0,100.0,0,None
2025-02-26,INV-11,250.0,3.71,37.3,754.4,785.7,761.4,0.0,100.0,0,None
2025-02-26,INV-12,250.0,3.71,37.3,756.5,799.6,759.8,0.0,100.0,0,None
2025-02-27,INV-01,250.0,4.15,38.5,746.8,778.2,850.7,0.0,100.0,0,None
2025-02-27,INV-02,250.0,4.15,38.5,752.5,785.3,848.5,0.0,100.0,0,None
2025-02-27,INV-03,250.0,4.15,38.5,759.2,788.0,842.0,0.0,100.0,0,None
2025-02-27,INV-04,250.0,4.15,38.5,752.2,785.5,839.7,0.0,100.0,0,None
2025-02-27,INV-05,250.0,4.15,38.5,758.2,786.1,826.2,0.0,100.0,0,None
2025-02-27,INV-06,250.0,4.15,38.5,754.4,779.2,838.3,0.0,100.0,0,None
2025-02-27,INV-07,250.0,4.15,38.5,754.8,797.7,842.7,0.0,100.0,0,None
2025-02-27,INV-08,250.0,4.15,38.5,747.6,786.0,834.6,0.0,100.0,0,None
2025-02-27,INV-09,250.0,4.15,38.5,756.7,780.6,768.9,0.0,100.0,0,None
2025-02-27,INV-10,250.0,4.15,38.5,751.6,786.2,842.8,0.0,100.0,0,None
2025-02-27,INV-11,250.0,4.15,38.5,756.4,780.5,852.9,0.0,100.0,0,None
2025-02-27,INV-12,250.0,4.15,38.5,749.7,770.2,824.5,0.0,100.0,0,None
2025-02-28,INV-01,250.0,3.58,36.4,758.6,782.2,747.2,0.0,100.0,0,None
2025-02-28,INV-02,250.0,3.58,36.4,758.0,783.6,751.4,0.0,100.0,0,None
2025-02-28,INV-03,250.0,3.58,36.4,759.5,789.1,737.8,0.0,100.0,0,None
2025-02-28,INV-04,250.0,3.58,36.4,751.9,792.7,717.0,0.0,100.0,0,None
2025-02-28,INV-05,250.0,3.58,36.4,759.8,804.2,727.4,0.0,100.0,0,None
2025-02-28,INV-06,250.0,3.58,36.4,765.4,799.0,735.2,0.0,100.0,1,Comm loss
2025-02-28,INV-07,250.0,3.58,36.4,757.5,784.5,740.9,0.0,100.0,0,None
2025-02-28,INV-08,250.0,3.58,36.4,757.0,806.9,743.8,0.0,100.0,0,None
2025-02-28,INV-09,250.0,3.58,36.4,758.5,785.0,675.9,0.0,100.0,0,None
2025-02-28,INV-10,250.0,3.58,36.4,765.4,790.8,721.5,0.0,100.0,0,None
2025-02-28,INV-11,250.0,3.58,36.4,753.1,768.9,734.9,0.0,100.0,0,None
2025-02-28,INV-12,250.0,3.58,36.4,758.0,799.2,712.9,0.0,100.0,0,None
2025-03-01,INV-01,250.0,4.14,38.4,753.0,780.8,865.9,0.0,100.0,0,None
2025-03-01,INV-02,250.0,4.14,38.4,761.3,802.0,864.9,0.0,100.0,0,None
2025-03-01,INV-03,250.0,4.14,38.4,753.4,785.3,855.3,0.0,100.0,0,None
2025-03-01,INV-04,250.0,4.14,38.4,749.5,768.7,875.1,0.0,100.0,0,None
2025-03-01,INV-05,250.0,4.14,38.4,758.1,775.7,880.4,0.0,100.0,0,None
2025-03-01,INV-06,250.0,4.14,38.4,755.7,799.1,863.3,0.0,100.0,0,None
2025-03-01,INV-07,250.0,4.14,38.4,756.1,785.4,875.7,0.0,100.0,0,None
2025-03-01,INV-08,250.0,4.14,38.4,758.0,782.8,870.5,0.0,100.0,0,None
2025-03-01,INV-09,250.0,4.14,38.4,750.6,778.4,863.0,0.0,100.0,0,None
2025-03-01,INV-10,250.0,4.14,38.4,752.7,770.9,851.5,0.0,100.0,0,None
2025-03-01,INV-11,250.0,4.14,38.4,752.5,793.9,866.1,0.0,100.0,0,None
2025-03-01,INV-12,250.0,4.14,38.4,748.0,774.9,884.0,0.0,100.0,0,None
2025-03-02,INV-01,250.0,3.38,38.1,756.2,777.8,711.7,0.0,100.0,0,None
2025-03-02,INV-02,250.0,3.38,38.1,746.2,778.3,712.9,0.0,100.0,0,None
2025-03-02,INV-03,250.0,3.38,38.1,748.5,768.8,708.8,0.0,100.0,0,None
2025-03-02,INV-04,250.0,3.38,38.1,761.8,795.2,710.9,0.0,100.0,0,None
2025-03-02,INV-05,250.0,3.38,38.1,749.7,800.7,709.3,0.0,100.0,0,None
2025-03-02,INV-06,250.0,3.38,38.1,756.3,797.1,698.9,0.0,100.0,0,None
2025-03-02,INV-07,250.0,3.38,38.1,751.2,786.9,713.0,0.0,100.0,0,None
2025-03-02,INV-08,250.0,3.38,38.1,754.2,783.5,705.3,0.0,100.0,0,None
2025-03-02,INV-09,250.0,3.38,38.1,751.4,765.9,688.9,0.0,100.0,0,None
2025-03-02,INV-10,250.0,3.38,38.1,756.1,775.6,701.0,0.0,100.0,0,None
2025-03-02,INV-11,250.0,3.38,38.1,754.4,794.7,717.5,0.0,100.0,0,None
2025-03-02,INV-12,250.0,3.38,38.1,752.1,775.8,718.1,0.0,100.0,0,None
2025-03-03,INV-01,250.0,3.8,40.7,748.8,801.6,790.3,0.0,100.0,0,None
2025-03-03,INV-02,250.0,3.8,40.7,751.4,778.4,787.7,0.0,100.0,0,None
2025-03-03,INV-03,250.0,3.8,40.7,752.4,783.0,795.3,0.0,100.0,0,None
2025-03-03,INV-04,250.0,3.8,40.7,752.3,778.7,793.1,0.0,100.0,0,None
2025-03-03,INV-05,250.0,3.8,40.7,748.2,774.3,788.6,0.0,100.0,0,None
2025-03-03,INV-06,250.0,3.8,40.7,754.2,796.5,790.2,0.0,100.0,0,None
2025-03-03,INV-07,250.0,3.8,40.7,749.6,774.2,786.6,0.0,100.0,0,None
2025-03-03,INV-08,250.0,3.8,40.7,751.2,777.4,786.3,0.0,100.0,0,None
2025-03-03,INV-09,250.0,3.8,40.7,749.8,767.1,783.7,0.0,100.0,0,None
2025-03-03,INV-10,250.0,3.8,40.7,749.6,773.6,781.9,0.0,100.0,1,Comm loss
2025-03-03,INV-11,250.0,3.8,40.7,745.7,762.0,797.7,0.0,100.0,0,None
2025-03-03,INV-12,250.0,3.8,40.7,751.5,786.5,796.2,0.0,100.0,0,None
2025-03-04,INV-01,250.0,3.97,42.5,748.7,781.7,818.9,0.0,100.0,0,None
2025-03-04,INV-02,250.0,3.97,42.5,748.0,763.2,808.6,0.0,100.0,0,None
2025-03-04,INV-03,250.0,3.97,42.5,743.2,765.7,823.8,0.0,100.0,0,None
2025-03-04,INV-04,250.0,3.97,42.5,739.6,780.4,801.9,0.0,100.0,0,None
2025-03-04,INV-05,250.0,3.97,42.5,746.7,791.3,814.7,0.0,100.0,0,None
2025-03-04,INV-06,250.0,3.97,42.5,747.2,767.4,824.6,0.0,100.0,0,None
2025-03-04,INV-07,250.0,3.97,42.5,749.3,776.7,824.3,0.0,100.0,0,None
2025-03-04,INV-08,250.0,3.97,42.5,741.2,771.6,827.1,0.0,100.0,0,None
2025-03-04,INV-09,250.0,3.97,42.5,741.4,785.6,803.8,0.0,100.0,0,None
2025-03-04,INV-10,250.0,3.97,42.5,746.8,772.9,816.4,0.0,100.0,0,None
2025-03-04,INV-11,250.0,3.97,42.5,744.7,770.9,830.9,0.0,100.0,0,None
2025-03-04,INV-12,250.0,3.97,42.5,737.4,779.8,826.3,0.0,100.0,0,None
2025-03-05,INV-01,250.0,4.12,38.3,750.5,782.4,866.8,0.0,100.0,0,None
2025-03-05,INV-02,250.0,4.12,38.3,753.2,785.1,871.2,0.0,100.0,0,None
2025-03-05,INV-03,250.0,4.12,38.3,754.2,775.2,841.2,0.0,100.0,0,None
2025-03-05,INV-04,250.0,4.12,38.3,759.7,781.9,852.4,0.0,100.0,0,None
2025-03-05,INV-05,250.0,4.12,38.3,752.2,799.4,862.7,0.0,100.0,0,None
2025-03-05,INV-06,250.0,4.12,38.3,757.3,785.9,860.7,0.0,100.0,0,None
2025-03-05,INV-07,250.0,4.12,38.3,758.4,782.2,868.9,0.0,100.0,0,None
2025-03-05,INV-08,250.0,4.12,38.3,753.2,794.6,868.2,0.0,100.0,0,None
2025-03-05,INV-09,250.0,4.12,38.3,752.6,784.9,842.3,0.0,100.0,0,None
2025-03-05,INV-10,250.0,4.12,38.3,752.1,786.8,845.3,0.0,100.0,0,None
2025-03-05,INV-11,250.0,4.12,38.3,752.4,781.3,864.9,0.0,100.0,0,None
2025-03-05,INV-12,250.0,4.12,38.3,756.9,784.3,875.8,0.0,100.0,0,None
2025-03-06,INV-01,250.0,4.19,41.2,754.1,787.4,860.3,0.0,100.0,0,None
2025-03-06,INV-02,250.0,4.19,41.2,740.7,761.7,853.8,0.0,100.0,0,None
2025-03-06,INV-03,250.0,4.19,41.2,743.2,775.8,863.3,0.0,100.0,0,None
2025-03-06,INV-04,250.0,4.19,41.2,749.2,768.8,862.6,0.0,100.0,0,None
2025-03-06,INV-05,250.0,4.19,41.2,754.2,786.6,847.3,0.0,100.0,0,None
2025-03-06,INV-06,250.0,4.19,41.2,748.8,774.9,854.0,0.0,100.0,0,None
2025-03-06,INV-07,250.0,4.19,41.2,749.8,791.1,868.0,0.0,100.0,0,None
2025-03-06,INV-08,250.0,4.19,41.2,747.6,780.2,865.0,0.0,100.0,0,None
2025-03-06,INV-09,250.0,4.19,41.2,743.5,783.4,848.6,0.0,100.0,0,None
2025-03-06,INV-10,250.0,4.19,41.2,745.6,769.6,841.8,0.0,100.0,0,None
2025-03-06,INV-11,250.0,4.19,41.2,742.7,773.2,875.8,0.0,100.0,0,None
2025-03-06,INV-12,250.0,4.19,41.2,742.5,764.6,857.6,0.0,100.0,0,None
2025-03-07,INV-01,250.0,4.24,39.3,761.1,796.4,885.1,0.0,100.0,0,None
2025-03-07,INV-02,250.0,4.24,39.3,749.5,779.6,886.8,0.0,100.0,0,None
2025-03-07,INV-03,250.0,4.24,39.3,746.1,783.2,887.4,0.0,100.0,0,None
2025-03-07,INV-04,250.0,4.24,39.3,742.4,778.7,863.5,0.0,100.0,0,None
2025-03-07,INV-05,250.0,4.24,39.3,750.4,769.0,876.3,0.0,100.0,0,None
2025-03-07,INV-06,250.0,4.24,39.3,750.1,768.6,864.9,0.0,100.0,0,None
2025-03-07,INV-07,250.0,4.24,39.3,748.8,772.7,904.9,0.0,100.0,0,None
2025-03-07,INV-08,250.0,4.24,39.3,752.3,773.8,869.9,0.0,100.0,0,None
2025-03-07,INV-09,250.0,4.24,39.3,753.0,789.0,849.2,0.0,100.0,0,None
2025-03-07,INV-10,250.0,4.24,39.3,752.7,785.5,858.2,0.0,100.0,0,None
2025-03-07,INV-11,250.0,4.24,39.3,750.1,788.9,871.9,0.0,100.0,0,None
2025-03-07,INV-12,250.0,4.24,39.3,747.0,780.1,894.8,0.0,100.0,0,None
2025-03-08,INV-01,250.0,3.91,41.2,745.1,762.6,818.7,0.0,100.0,0,None
2025-03-08,INV-02,250.0,3.91,41.2,744.3,776.0,791.3,0.0,100.0,0,None
2025-03-08,INV-03,250.0,3.91,41.2,752.8,784.7,806.9,0.0,100.0,0,None
2025-03-08,INV-04,250.0,3.91,41.2,753.0,796.6,802.6,0.0,100.0,0,None
2025-03-08,INV-05,250.0,3.91,41.2,749.7,774.3,798.3,0.0,100.0,0,None
2025-03-08,INV-06,250.0,3.91,41.2,745.8,778.2,824.2,0.0,100.0,0,None
2025-03-08,INV-07,250.0,3.91,41.2,746.6,779.1,808.5,0.0,100.0,0,None
2025-03-08,INV-08,250.0,3.91,41.2,744.4,772.4,806.5,0.0,100.0,0,None
2025-03-08,INV-09,250.0,3.91,41.2,743.6,779.6,784.3,0.0,100.0,0,None
2025-03-08,INV-10,250.0,3.91,41.2,743.4,779.6,778.4,0.0,100.0,0,None
2025-03-08,INV-11,250.0,3.91,41.2,745.1,777.8,804.7,0.0,100.0,0,None
2025-03-08,INV-12,250.0,3.91,41.2,743.5,771.4,816.2,0.0,100.0,0,None
2025-03-09,INV-01,250.0,3.9,40.4,747.9,775.3,812.0,0.0,100.0,0,None
2025-03-09,INV-02,250.0,3.9,40.4,751.0,781.0,800.8,0.0,100.0,0,None
2025-03-09,INV-03,250.0,3.9,40.4,745.8,777.3,814.3,0.0,100.0,0,None
2025-03-09,INV-04,250.0,3.9,40.4,753.8,786.7,799.5,0.0,100.0,0,None
2025-03-09,INV-05,250.0,3.9,40.4,750.6,769.7,797.4,0.0,100.0,0,None
2025-03-09,INV-06,250.0,3.9,40.4,750.2,767.8,793.6,0.0,100.0,0,None
2025-03-09,INV-07,250.0,3.9,40.4,751.9,774.8,809.9,0.0,100.0,0,None
2025-03-09,INV-08,250.0,3.9,40.4,756.0,778.3,815.9,0.0,100.0,0,None
2025-03-09,INV-09,250.0,3.9,40.4,749.8,774.7,783.1,0.0,100.0,0,None
2025-03-09,INV-10,250.0,3.9,40.4,748.7,783.8,810.9,0.0,100.0,0,None
2025-03-09,INV-11,250.0,3.9,40.4,755.2,783.8,821.3,0.0,100.0,0,None
2025-03-09,INV-12,250.0,3.9,40.4,753.0,784.6,804.2,0.0,100.0,0,None
2025-03-10,INV-01,250.0,4.33,38.8,754.7,778.1,900.5,0.0,100.0,0,None
2025-03-10,INV-02,250.0,4.33,38.8,753.9,783.3,887.1,0.0,100.0,0,None
2025-03-10,INV-03,250.0,4.33,38.8,755.9,785.1,890.9,0.0,100.0,0,None
2025-03-10,INV-04,250.0,4.33,38.8,755.3,767.5,892.9,0.0,100.0,0,None
2025-03-10,INV-05,250.0,4.33,38.8,754.8,783.0,893.8,0.0,100.0,0,None
2025-03-10,INV-06,250.0,4.33,38.8,752.0,780.8,891.7,0.0,100.0,0,None
2025-03-10,INV-07,250.0,4.33,38.8,753.4,782.1,899.9,0.0,100.0,0,None
2025-03-10,INV-08,250.0,4.33,38.8,756.7,798.0,903.1,0.0,100.0,0,None
2025-03-10,INV-09,250.0,4.33,38.8,749.8,770.1,877.2,0.0,100.0,0,None
2025-03-10,INV-10,250.0,4.33,38.8,749.9,773.3,884.2,0.0,100.0,0,None
2025-03-10,INV-11,250.0,4.33,38.8,753.1,762.2,907.4,0.0,100.0,0,None
2025-03-10,INV-12,250.0,4.33,38.8,754.1,780.2,894.9,0.0,100.0,1,Comm loss
2025-03-11,INV-01,250.0,4.03,42.6,741.7,765.2,844.4,0.0,100.0,0,None
2025-03-11,INV-02,250.0,4.03,42.6,752.2,777.4,825.6,0.0,100.0,0,None
2025-03-11,INV-03,250.0,4.03,42.6,743.4,782.4,817.9,0.0,100.0,0,None
2025-03-11,INV-04,250.0,4.03,42.6,747.9,785.7,809.5,0.0,100.0,0,None
2025-03-11,INV-05,250.0,4.03,42.6,735.2,759.5,824.6,0.0,100.0,0,None
2025-03-11,INV-06,250.0,4.03,42.6,749.9,774.1,807.1,0.0,100.0,0,None
2025-03-11,INV-07,250.0,4.03,42.6,750.7,775.5,830.7,0.0,100.0,0,None
2025-03-11,INV-08,250.0,4.03,42.6,744.9,780.8,833.9,0.0,100.0,0,None
2025-03-11,INV-09,250.0,4.03,42.6,747.1,769.1,798.2,0.0,100.0,0,None
2025-03-11,INV-10,250.0,4.03,42.6,747.1,779.9,809.3,0.0,100.0,0,None
2025-03-11,INV-11,250.0,4.03,42.6,742.3,778.2,833.0,0.0,100.0,0,None
2025-03-11,INV-12,250.0,4.03,42.6,747.0,776.3,825.5,0.0,100.0,0,None
2025-03-12,INV-01,250.0,3.71,39.9,748.6,782.9,759.9,0.0,100.0,0,None
2025-03-12,INV-02,250.0,3.71,39.9,756.0,775.2,769.6,0.0,100.0,0,None
2025-03-12,INV-03,250.0,3.71,39.9,751.7,779.9,765.0,0.0,100.0,0,None
2025-03-12,INV-04,250.0,3.71,39.9,746.8,779.3,787.7,0.0,100.0,0,None
2025-03-12,INV-05,250.0,3.71,39.9,747.4,768.3,764.2,0.0,100.0,0,None
2025-03-12,INV-06,250.0,3.71,39.9,747.9,769.7,760.7,0.0,100.0,0,None
2025-03-12,INV-07,250.0,3.71,39.9,751.6,780.9,778.9,0.0,100.0,0,None
2025-03-12,INV-08,250.0,3.71,39.9,755.5,789.6,754.9,0.0,100.0,0,None
2025-03-12,INV-09,250.0,3.71,39.9,754.4,792.9,737.7,0.0,100.0,0,None
2025-03-12,INV-10,250.0,3.71,39.9,752.0,786.9,769.0,0.0,100.0,0,None
2025-03-12,INV-11,250.0,3.71,39.9,744.8,775.4,769.2,0.0,100.0,0,None
2025-03-12,INV-12,250.0,3.71,39.9,744.9,768.9,752.5,0.0,100.0,0,None
2025-03-13,INV-01,250.0,3.78,40.3,746.2,780.6,773.7,0.0,100.0,0,None
2025-03-13,INV-02,250.0,3.78,40.3,741.4,770.4,795.6,0.0,100.0,0,None
2025-03-13,INV-03,250.0,3.78,40.3,751.6,780.6,785.5,0.0,100.0,0,None
2025-03-13,INV-04,250.0,3.78,40.3,757.9,798.9,779.0,0.0,100.0,0,None
2025-03-13,INV-05,250.0,3.78,40.3,755.0,794.6,777.7,0.0,100.0,0,None
2025-03-13,INV-06,250.0,3.78,40.3,748.4,782.2,767.3,0.0,100.0,0,None
2025-03-13,INV-07,250.0,3.78,40.3,749.4,793.2,789.6,0.0,100.0,0,None
2025-03-13,INV-08,250.0,3.78,40.3,752.9,779.9,708.0,0.86,91.4,1,Grid trip
2025-03-13,INV-09,250.0,3.78,40.3,753.9,796.9,748.4,0.0,100.0,0,None
2025-03-13,INV-10,250.0,3.78,40.3,748.0,782.4,752.9,0.0,100.0,0,None
2025-03-13,INV-11,250.0,3.78,40.3,749.5,805.7,766.0,0.0,100.0,0,None
2025-03-13,INV-12,250.0,3.78,40.3,750.6,771.1,779.4,0.0,100.0,0,None
2025-03-14,INV-01,250.0,3.87,39.8,747.8,780.2,800.0,0.0,100.0,0,None
2025-03-14,INV-02,250.0,3.87,39.8,756.2,795.2,800.1,0.0,100.0,0,None
2025-03-14,INV-03,250.0,3.87,39.8,749.3,775.5,795.8,0.0,100.0,0,None
2025-03-14,INV-04,250.0,3.87,39.8,748.6,785.6,796.3,0.0,100.0,0,None
2025-03-14,INV-05,250.0,3.87,39.8,752.3,776.9,791.9,0.0,100.0,0,None
2025-03-14,INV-06,250.0,3.87,39.8,743.0,769.2,787.0,0.0,100.0,0,None
2025-03-14,INV-07,250.0,3.87,39.8,747.2,770.8,790.2,0.0,100.0,0,None
2025-03-14,INV-08,250.0,3.87,39.8,754.3,787.0,793.8,0.0,100.0,0,None
2025-03-14,INV-09,250.0,3.87,39.8,743.4,782.7,764.2,0.0,100.0,0,None
2025-03-14,INV-10,250.0,3.87,39.8,754.8,783.4,783.8,0.0,100.0,0,None
2025-03-14,INV-11,250.0,3.87,39.8,756.4,776.2,802.7,0.0,100.0,0,None
2025-03-14,INV-12,250.0,3.87,39.8,748.9,770.2,799.4,0.0,100.0,0,None
2025-03-15,INV-01,250.0,4.34,41.4,746.1,778.8,886.1,0.0,100.0,0,None
2025-03-15,INV-02,250.0,4.34,41.4,744.5,755.5,904.8,0.0,100.0,0,None
2025-03-15,INV-03,250.0,4.34,41.4,753.9,786.5,881.1,0.0,100.0,0,None
2025-03-15,INV-04,250.0,4.34,41.4,746.4,776.7,787.9,0.0,100.0,0,None
2025-03-15,INV-05,250.0,4.34,41.4,745.4,775.7,880.6,0.0,100.0,1,Comm loss
2025-03-15,INV-06,250.0,4.34,41.4,751.5,783.5,888.0,0.0,100.0,0,None
2025-03-15,INV-07,250.0,4.34,41.4,744.3,774.0,885.9,0.0,100.0,0,None
2025-03-15,INV-08,250.0,4.34,41.4,744.8,774.3,877.3,0.0,100.0,0,None
2025-03-15,INV-09,250.0,4.34,41.4,747.2,782.1,840.1,0.0,100.0,0,None
2025-03-15,INV-10,250.0,4.34,41.4,747.1,772.8,884.8,0.0,100.0,0,None
2025-03-15,INV-11,250.0,4.34,41.4,748.2,770.6,893.3,0.0,100.0,0,None
2025-03-15,INV-12,250.0,4.34,41.4,755.5,809.7,889.9,0.0,100.0,0,None
2025-03-16,INV-01,250.0,4.25,43.1,741.6,778.4,878.5,0.0,100.0,0,None
2025-03-16,INV-02,250.0,4.25,43.1,745.3,772.4,874.3,0.0,100.0,0,None
2025-03-16,INV-03,250.0,4.25,43.1,740.3,766.7,867.8,0.0,100.0,0,None
2025-03-16,INV-04,250.0,4.25,43.1,734.8,780.5,764.6,0.0,100.0,0,None
2025-03-16,INV-05,250.0,4.25,43.1,745.5,778.3,858.3,0.0,100.0,0,None
2025-03-16,INV-06,250.0,4.25,43.1,745.9,778.6,855.7,0.0,100.0,1,Comm loss
2025-03-16,INV-07,250.0,4.25,43.1,743.1,770.1,865.5,0.0,100.0,0,None
2025-03-16,INV-08,250.0,4.25,43.1,739.3,764.5,864.7,0.0,100.0,0,None
2025-03-16,INV-09,250.0,4.25,43.1,744.2,756.7,805.2,0.0,100.0,0,None
2025-03-16,INV-10,250.0,4.25,43.1,738.0,775.8,859.0,0.0,100.0,0,None
2025-03-16,INV-11,250.0,4.25,43.1,739.8,773.3,867.4,0.0,100.0,0,None
2025-03-16,INV-12,250.0,4.25,43.1,740.9,769.4,856.8,0.0,100.0,0,None
2025-03-17,INV-01,250.0,4.45,42.7,740.4,769.7,924.2,0.0,100.0,0,None
2025-03-17,INV-02,250.0,4.45,42.7,741.0,781.2,909.7,0.0,100.0,0,None
2025-03-17,INV-03,250.0,4.45,42.7,740.0,765.8,908.1,0.0,100.0,0,None
2025-03-17,INV-04,250.0,4.45,42.7,745.7,777.6,802.0,0.0,100.0,0,None
2025-03-17,INV-05,250.0,4.45,42.7,744.9,774.5,903.8,0.0,100.0,0,None
2025-03-17,INV-06,250.0,4.45,42.7,742.8,759.2,897.0,0.0,100.0,0,None
2025-03-17,INV-07,250.0,4.45,42.7,740.6,782.1,903.8,0.0,100.0,0,None
2025-03-17,INV-08,250.0,4.45,42.7,739.6,768.5,913.7,0.0,100.0,0,None
2025-03-17,INV-09,250.0,4.45,42.7,744.5,780.5,844.9,0.0,100.0,0,None
2025-03-17,INV-10,250.0,4.45,42.7,742.8,766.8,904.0,0.0,100.0,0,None
2025-03-17,INV-11,250.0,4.45,42.7,741.9,770.6,911.2,0.0,100.0,0,None
2025-03-17,INV-12,250.0,4.45,42.7,750.9,773.9,913.0,0.0,100.0,0,None
2025-03-18,INV-01,250.0,4.11,43.0,745.3,764.5,834.4,0.0,100.0,0,None
2025-03-18,INV-02,250.0,4.11,43.0,735.3,768.6,823.9,0.0,100.0,0,None
2025-03-18,INV-03,250.0,4.11,43.0,743.8,778.5,832.8,0.0,100.0,0,None
2025-03-18,INV-04,250.0,4.11,43.0,739.9,789.6,732.1,0.0,100.0,0,None
2025-03-18,INV-05,250.0,4.11,43.0,744.3,769.4,831.3,0.0,100.0,0,None
2025-03-18,INV-06,250.0,4.11,43.0,739.6,767.5,833.2,0.0,100.0,0,None
2025-03-18,INV-07,250.0,4.11,43.0,745.6,771.0,851.7,0.0,100.0,0,None
2025-03-18,INV-08,250.0,4.11,43.0,744.0,775.7,844.5,0.0,100.0,0,None
2025-03-18,INV-09,250.0,4.11,43.0,749.5,782.6,786.5,0.0,100.0,0,None
2025-03-18,INV-10,250.0,4.11,43.0,744.0,773.5,827.1,0.0,100.0,0,None
2025-03-18,INV-11,250.0,4.11,43.0,740.9,779.6,827.0,0.0,100.0,0,None
2025-03-18,INV-12,250.0,4.11,43.0,743.0,768.0,822.7,0.0,100.0,0,None
2025-03-19,INV-01,250.0,4.33,43.6,744.5,762.6,,0.0,100.0,0,None
2025-03-19,INV-02,250.0,4.33,43.6,741.5,780.2,872.6,0.0,100.0,0,None
2025-03-19,INV-03,250.0,4.33,43.6,749.8,769.3,880.1,0.0,100.0,0,None
2025-03-19,INV-04,250.0,4.33,43.6,739.1,775.5,783.3,0.0,100.0,0,None
2025-03-19,INV-05,250.0,4.33,43.6,739.8,764.2,868.5,0.0,100.0,0,None
2025-03-19,INV-06,250.0,4.33,43.6,738.9,781.7,869.7,0.0,100.0,0,None
2025-03-19,INV-07,250.0,4.33,43.6,744.1,780.1,879.9,0.0,100.0,0,None
2025-03-19,INV-08,250.0,4.33,43.6,737.3,759.2,880.0,0.0,100.0,0,None
2025-03-19,INV-09,250.0,4.33,43.6,740.8,763.5,826.4,0.0,100.0,0,None
2025-03-19,INV-10,250.0,4.33,43.6,734.2,769.0,854.6,0.0,100.0,0,None
2025-03-19,INV-11,250.0,4.33,43.6,743.7,771.6,894.3,0.0,100.0,0,None
2025-03-19,INV-12,250.0,4.33,43.6,740.8,769.4,861.4,0.0,100.0,0,None
2025-03-20,INV-01,250.0,4.5,45.5,740.4,780.3,905.6,0.0,100.0,0,None
2025-03-20,INV-02,250.0,4.5,45.5,735.3,1023.6,775.1,1.53,84.7,5,DC overvoltage
2025-03-20,INV-03,250.0,4.5,45.5,740.1,763.6,890.8,0.0,100.0,0,None
2025-03-20,INV-04,250.0,4.5,45.5,734.5,772.5,803.3,0.0,100.0,0,None
2025-03-20,INV-05,250.0,4.5,45.5,741.7,766.3,895.8,0.0,100.0,0,None
2025-03-20,INV-06,250.0,4.5,45.5,743.2,767.7,891.6,0.0,100.0,0,None
2025-03-20,INV-07,250.0,4.5,45.5,740.0,772.9,917.3,0.0,100.0,0,None
2025-03-20,INV-08,250.0,4.5,45.5,731.5,775.8,914.6,0.0,100.0,0,None
2025-03-20,INV-09,250.0,4.5,45.5,735.1,778.1,852.8,0.0,100.0,0,None
2025-03-20,INV-10,250.0,4.5,45.5,741.2,774.1,903.7,0.0,100.0,0,None
2025-03-20,INV-11,250.0,4.5,45.5,739.0,772.7,894.3,0.0,100.0,0,None
2025-03-20,INV-12,250.0,4.5,45.5,728.2,764.5,898.0,0.0,100.0,0,None
2025-03-21,INV-01,250.0,4.22,42.7,743.1,775.1,848.5,0.0,100.0,0,None
2025-03-21,INV-02,250.0,4.22,42.7,747.8,775.4,861.0,0.0,100.0,0,None
2025-03-21,INV-03,250.0,4.22,42.7,745.1,781.2,851.9,0.0,100.0,0,None
2025-03-21,INV-04,250.0,4.22,42.7,749.7,786.7,774.0,0.0,100.0,0,None
2025-03-21,INV-05,250.0,4.22,42.7,743.4,770.5,848.1,0.0,100.0,0,None
2025-03-21,INV-06,250.0,4.22,42.7,746.4,779.1,853.1,0.0,100.0,0,None
2025-03-21,INV-07,250.0,4.22,42.7,746.6,786.0,864.6,0.0,100.0,0,None
2025-03-21,INV-08,250.0,4.22,42.7,750.6,795.7,860.7,0.0,100.0,0,None
2025-03-21,INV-09,250.0,4.22,42.7,737.7,773.7,795.2,0.0,100.0,0,None
2025-03-21,INV-10,250.0,4.22,42.7,742.7,773.1,819.4,0.0,100.0,0,None
2025-03-21,INV-11,250.0,4.22,42.7,747.9,777.5,854.9,0.0,100.0,0,None
2025-03-21,INV-12,250.0,4.22,42.7,750.7,785.2,855.7,0.0,100.0,0,None
2025-03-22,INV-01,250.0,4.5,41.7,743.9,786.0,889.2,0.0,100.0,0,None
2025-03-22,INV-02,250.0,4.5,41.7,742.5,767.6,906.9,0.0,100.0,0,None
2025-03-22,INV-03,250.0,4.5,41.7,739.6,776.7,936.0,0.0,100.0,0,None
2025-03-22,INV-04,250.0,4.5,41.7,740.4,770.2,818.3,0.0,100.0,0,None
2025-03-22,INV-05,250.0,4.5,41.7,743.1,772.7,893.0,0.0,100.0,0,None
2025-03-22,INV-06,250.0,4.5,41.7,742.0,765.3,907.0,0.0,100.0,0,None
2025-03-22,INV-07,250.0,4.5,41.7,747.9,777.4,914.8,0.0,100.0,0,None
2025-03-22,INV-08,250.0,4.5,41.7,741.9,765.7,924.2,0.0,100.0,0,None
2025-03-22,INV-09,250.0,4.5,41.7,734.1,765.4,870.8,0.0,100.0,0,None
2025-03-22,INV-10,250.0,4.5,41.7,742.5,770.6,900.9,0.0,100.0,0,None
2025-03-22,INV-11,250.0,4.5,41.7,744.8,767.2,913.0,0.0,100.0,0,None
2025-03-22,INV-12,250.0,4.5,41.7,744.2,782.2,914.1,0.0,100.0,0,None
2025-03-23,INV-01,250.0,4.15,45.1,736.1,775.0,843.7,0.0,100.0,0,None
2025-03-23,INV-02,250.0,4.15,45.1,735.5,767.8,840.6,0.0,100.0,0,None
2025-03-23,INV-03,250.0,4.15,45.1,746.3,778.5,844.5,0.0,100.0,0,None
2025-03-23,INV-04,250.0,4.15,45.1,740.3,764.3,664.8,0.95,90.5,2,Grid trip
2025-03-23,INV-05,250.0,4.15,45.1,737.4,766.4,800.4,0.0,100.0,0,None
2025-03-23,INV-06,250.0,4.15,45.1,737.4,770.3,821.9,0.0,100.0,0,None
2025-03-23,INV-07,250.0,4.15,45.1,737.3,773.0,836.6,0.0,100.0,0,None
2025-03-23,INV-08,250.0,4.15,45.1,737.0,766.3,835.4,0.0,100.0,0,None
2025-03-23,INV-09,250.0,4.15,45.1,734.7,773.4,778.3,0.0,100.0,0,None
2025-03-23,INV-10,250.0,4.15,45.1,733.9,763.9,827.5,0.0,100.0,0,None
2025-03-23,INV-11,250.0,4.15,45.1,739.1,775.4,838.7,0.0,100.0,0,None
2025-03-23,INV-12,250.0,4.15,45.1,737.5,763.6,831.5,0.0,100.0,0,None
2025-03-24,INV-01,250.0,4.27,43.3,742.0,778.5,857.0,0.0,100.0,0,None
2025-03-24,INV-02,250.0,4.27,43.3,739.1,768.7,877.5,0.0,100.0,0,None
2025-03-24,INV-03,250.0,4.27,43.3,744.6,772.4,865.5,0.0,100.0,0,None
2025-03-24,INV-04,250.0,4.27,43.3,742.0,771.1,763.0,0.0,100.0,0,None
2025-03-24,INV-05,250.0,4.27,43.3,742.7,771.8,852.2,0.0,100.0,0,None
2025-03-24,INV-06,250.0,4.27,43.3,742.1,771.5,855.6,0.0,100.0,0,None
2025-03-24,INV-07,250.0,4.27,43.3,752.3,780.8,837.4,0.0,100.0,0,None
2025-03-24,INV-08,250.0,4.27,43.3,734.3,766.4,855.5,0.0,100.0,0,None
2025-03-24,INV-09,250.0,4.27,43.3,741.8,777.8,800.8,0.0,100.0,0,None
2025-03-24,INV-10,250.0,4.27,43.3,743.3,763.5,842.2,0.0,100.0,0,None
2025-03-24,INV-11,250.0,4.27,43.3,740.2,761.8,867.0,0.0,100.0,0,None
2025-03-24,INV-12,250.0,4.27,43.3,746.9,762.9,863.0,0.0,100.0,0,None
2025-03-25,INV-01,250.0,4.29,45.7,737.6,757.1,859.4,0.0,100.0,0,None
2025-03-25,INV-02,250.0,4.29,45.7,741.4,771.5,872.2,0.0,100.0,0,None
2025-03-25,INV-03,250.0,4.29,45.7,735.2,781.0,862.9,0.0,100.0,0,None
2025-03-25,INV-04,250.0,4.29,45.7,733.3,768.0,763.7,0.0,100.0,0,None
2025-03-25,INV-05,250.0,4.29,45.7,738.3,754.5,835.8,0.0,100.0,0,None
2025-03-25,INV-06,250.0,4.29,45.7,738.7,743.8,857.9,0.0,100.0,0,None
2025-03-25,INV-07,250.0,4.29,45.7,737.2,773.0,843.0,0.0,100.0,0,None
2025-03-25,INV-08,250.0,4.29,45.7,743.5,772.7,871.9,0.0,100.0,0,None
2025-03-25,INV-09,250.0,4.29,45.7,735.2,774.3,795.7,0.0,100.0,0,None
2025-03-25,INV-10,250.0,4.29,45.7,739.8,762.8,817.8,0.0,100.0,0,None
2025-03-25,INV-11,250.0,4.29,45.7,738.8,771.6,856.8,0.0,100.0,0,None
2025-03-25,INV-12,250.0,4.29,45.7,732.3,769.1,853.2,0.0,100.0,0,None
2025-03-26,INV-01,250.0,4.04,44.4,738.6,762.1,809.3,0.0,100.0,0,None
2025-03-26,INV-02,250.0,4.04,44.4,747.2,764.2,811.9,0.0,100.0,0,None
2025-03-26,INV-03,250.0,4.04,44.4,738.9,763.1,802.5,0.0,100.0,0,None
2025-03-26,INV-04,250.0,4.04,44.4,744.3,758.2,718.7,0.0,100.0,0,None
2025-03-26,INV-05,250.0,4.04,44.4,738.7,760.5,797.0,0.0,100.0,0,None
2025-03-26,INV-06,250.0,4.04,44.4,739.5,779.1,803.4,0.0,100.0,0,None
2025-03-26,INV-07,250.0,4.04,44.4,740.3,773.5,789.6,0.0,100.0,0,None
2025-03-26,INV-08,250.0,4.04,44.4,746.4,777.9,826.3,0.0,100.0,0,None
2025-03-26,INV-09,250.0,4.04,44.4,733.7,755.7,747.3,0.0,100.0,0,None
2025-03-26,INV-10,250.0,4.04,44.4,736.0,753.7,798.4,0.0,100.0,0,None
2025-03-26,INV-11,250.0,4.04,44.4,733.5,754.4,801.3,0.0,100.0,0,None
2025-03-26,INV-12,250.0,4.04,44.4,736.9,766.6,796.8,0.0,100.0,0,None
2025-03-27,INV-01,250.0,4.63,44.8,740.8,773.0,920.4,0.0,100.0,0,None
2025-03-27,INV-02,250.0,4.63,44.8,735.7,760.7,923.5,0.0,100.0,0,None
2025-03-27,INV-03,250.0,4.63,44.8,741.2,768.9,919.3,0.0,100.0,1,Comm loss
2025-03-27,INV-04,250.0,4.63,44.8,735.0,768.6,808.8,0.0,100.0,0,None
2025-03-27,INV-05,250.0,4.63,44.8,735.7,762.9,917.0,0.0,100.0,0,None
2025-03-27,INV-06,250.0,4.63,44.8,736.3,768.1,923.3,0.0,100.0,0,None
2025-03-27,INV-07,250.0,4.63,44.8,738.7,781.4,929.7,0.0,100.0,0,None
2025-03-27,INV-08,250.0,4.63,44.8,744.2,772.8,919.7,0.0,100.0,0,None
2025-03-27,INV-09,250.0,4.63,44.8,742.8,782.2,854.5,0.0,100.0,0,None
2025-03-27,INV-10,250.0,4.63,44.8,742.5,777.0,899.8,0.0,100.0,0,None
2025-03-27,INV-11,250.0,4.63,44.8,736.1,754.3,926.3,0.0,100.0,0,None
2025-03-27,INV-12,250.0,4.63,44.8,738.3,759.5,935.0,0.0,100.0,0,None
2025-03-28,INV-01,250.0,4.33,45.1,739.5,778.0,874.6,0.0,100.0,0,None
2025-03-28,INV-02,250.0,4.33,45.1,740.8,776.3,872.6,0.0,100.0,0,None
2025-03-28,INV-03,250.0,4.33,45.1,743.6,766.3,850.7,0.0,100.0,0,None
2025-03-28,INV-04,250.0,4.33,45.1,738.4,782.2,762.2,0.0,100.0,0,None
2025-03-28,INV-05,250.0,4.33,45.1,743.0,777.3,848.7,0.0,100.0,0,None
2025-03-28,INV-06,250.0,4.33,45.1,740.5,767.4,848.4,0.0,100.0,0,None
2025-03-28,INV-07,250.0,4.33,45.1,734.4,759.1,866.7,0.0,100.0,0,None
2025-03-28,INV-08,250.0,4.33,45.1,734.0,766.1,868.2,0.0,100.0,0,None
2025-03-28,INV-09,250.0,4.33,45.1,744.2,760.8,785.2,0.0,100.0,0,None
2025-03-28,INV-10,250.0,4.33,45.1,744.5,780.1,856.6,0.0,100.0,0,None
2025-03-28,INV-11,250.0,4.33,45.1,741.0,763.4,867.6,0.0,100.0,0,None
2025-03-28,INV-12,250.0,4.33,45.1,745.7,778.7,838.1,0.0,100.0,0,None
2025-03-29,INV-01,250.0,4.52,48.0,734.4,768.9,874.4,0.0,100.0,0,None
2025-03-29,INV-02,250.0,4.52,48.0,732.3,771.3,902.9,0.0,100.0,0,None
2025-03-29,INV-03,250.0,4.52,48.0,729.5,753.8,903.7,0.0,100.0,0,None
2025-03-29,INV-04,250.0,4.52,48.0,732.6,767.3,790.2,0.0,100.0,0,None
2025-03-29,INV-05,250.0,4.52,48.0,735.3,766.8,856.7,0.0,100.0,0,None
2025-03-29,INV-06,250.0,4.52,48.0,733.2,749.5,886.6,0.0,100.0,0,None
2025-03-29,INV-07,250.0,4.52,48.0,728.3,773.5,881.0,0.0,100.0,0,None
2025-03-29,INV-08,250.0,4.52,48.0,737.9,756.4,886.0,0.0,100.0,0,None
2025-03-29,INV-09,250.0,4.52,48.0,723.0,756.3,821.3,0.0,100.0,0,None
2025-03-29,INV-10,250.0,4.52,48.0,732.1,765.2,874.9,0.0,100.0,0,None
2025-03-29,INV-11,250.0,4.52,48.0,731.4,763.6,889.2,0.0,100.0,0,None
2025-03-29,INV-12,250.0,4.52,48.0,734.5,760.5,873.1,0.0,100.0,0,None
2025-03-30,INV-01,250.0,4.7,48.7,739.3,748.3,921.0,0.0,100.0,0,None
2025-03-30,INV-02,250.0,4.7,48.7,734.0,763.0,919.8,0.0,100.0,0,None
2025-03-30,INV-03,250.0,4.7,48.7,730.9,759.5,922.1,0.0,100.0,0,None
2025-03-30,INV-04,250.0,4.7,48.7,728.8,765.4,820.5,0.0,100.0,0,None
2025-03-30,INV-05,250.0,4.7,48.7,730.5,745.4,892.9,0.0,100.0,0,None
2025-03-30,INV-06,250.0,4.7,48.7,727.8,767.1,898.7,0.0,100.0,0,None
2025-03-30,INV-07,250.0,4.7,48.7,736.1,772.7,926.0,0.0,100.0,0,None
2025-03-30,INV-08,250.0,4.7,48.7,729.5,769.5,917.6,0.0,100.0,0,None
2025-03-30,INV-09,250.0,4.7,48.7,736.9,766.5,846.7,0.0,100.0,0,None
2025-03-30,INV-10,250.0,4.7,48.7,731.0,769.1,912.1,0.0,100.0,0,None
2025-03-30,INV-11,250.0,4.7,48.7,728.4,746.6,915.1,0.0,100.0,0,None
2025-03-30,INV-12,250.0,4.7,48.7,730.9,766.6,898.0,0.0,100.0,0,None
2025-03-31,INV-01,250.0,4.72,45.9,734.0,779.3,964.0,0.0,100.0,0,None
2025-03-31,INV-02,250.0,4.72,45.9,741.4,769.2,971.6,0.0,100.0,0,None
2025-03-31,INV-03,250.0,4.72,45.9,734.3,774.2,968.7,0.0,100.0,0,None
2025-03-31,INV-04,250.0,4.72,45.9,737.3,767.6,865.6,0.0,100.0,0,None
2025-03-31,INV-05,250.0,4.72,45.9,737.0,770.3,973.6,0.0,100.0,0,None
2025-03-31,INV-06,250.0,4.72,45.9,739.6,770.2,955.4,0.0,100.0,0,None
2025-03-31,INV-07,250.0,4.72,45.9,729.7,766.5,966.3,0.0,100.0,0,None
2025-03-31,INV-08,250.0,4.72,45.9,741.8,766.3,966.0,0.0,100.0,0,None
2025-03-31,INV-09,250.0,4.72,45.9,735.5,757.6,949.5,0.0,100.0,0,None
2025-03-31,INV-10,250.0,4.72,45.9,743.1,768.0,944.8,0.0,100.0,0,None
2025-03-31,INV-11,250.0,4.72,45.9,736.3,767.1,968.0,0.0,100.0,0,None
2025-03-31,INV-12,250.0,4.72,45.9,738.0,766.2,968.7,0.0,100.0,0,None
2025-04-01,INV-01,250.0,4.82,46.4,736.2,767.6,992.4,0.0,100.0,0,None
2025-04-01,INV-02,250.0,4.82,46.4,739.7,758.3,1002.4,0.0,100.0,0,None
2025-04-01,INV-03,250.0,4.82,46.4,736.5,763.9,972.9,0.0,100.0,0,None
2025-04-01,INV-04,250.0,4.82,46.4,736.3,765.6,871.0,0.0,100.0,0,None
2025-04-01,INV-05,250.0,4.82,46.4,737.3,763.2,971.7,0.0,100.0,0,None
2025-04-01,INV-06,250.0,4.82,46.4,740.4,782.3,995.6,0.0,100.0,0,None
2025-04-01,INV-07,250.0,4.82,46.4,743.8,777.7,993.9,0.0,100.0,0,None
2025-04-01,INV-08,250.0,4.82,46.4,739.6,780.6,982.6,0.0,100.0,0,None
2025-04-01,INV-09,250.0,4.82,46.4,740.5,772.6,967.6,0.0,100.0,0,None
2025-04-01,INV-10,250.0,4.82,46.4,736.4,767.1,958.0,0.0,100.0,0,None
2025-04-01,INV-11,250.0,4.82,46.4,734.4,756.9,993.9,0.0,100.0,0,None
2025-04-01,INV-12,250.0,4.82,46.4,739.9,770.0,981.9,0.0,100.0,0,None
2025-04-02,INV-01,250.0,4.57,47.5,732.4,770.5,911.8,0.0,100.0,0,None
2025-04-02,INV-02,250.0,4.57,47.5,737.0,784.8,926.6,0.0,100.0,0,None
2025-04-02,INV-03,250.0,4.57,47.5,732.5,768.3,942.2,0.0,100.0,0,None
2025-04-02,INV-04,250.0,4.57,47.5,726.5,755.8,824.5,0.0,100.0,0,None
2025-04-02,INV-05,250.0,4.57,47.5,734.8,761.3,925.4,0.0,100.0,0,None
2025-04-02,INV-06,250.0,4.57,47.5,729.1,751.4,913.1,0.0,100.0,0,None
2025-04-02,INV-07,250.0,4.57,47.5,741.5,787.9,944.1,0.0,100.0,0,None
2025-04-02,INV-08,250.0,4.57,47.5,735.7,764.2,928.5,0.0,100.0,0,None
2025-04-02,INV-09,250.0,4.57,47.5,731.4,778.3,911.7,0.0,100.0,0,None
2025-04-02,INV-10,250.0,4.57,47.5,732.2,773.3,924.5,0.0,100.0,0,None
2025-04-02,INV-11,250.0,4.57,47.5,727.4,743.5,936.6,0.0,100.0,0,None
2025-04-02,INV-12,250.0,4.57,47.5,730.6,755.3,922.2,0.0,100.0,0,None
2025-04-03,INV-01,250.0,4.48,44.6,737.0,771.3,918.8,0.0,100.0,0,None
2025-04-03,INV-02,250.0,4.48,44.6,736.0,760.3,920.8,0.0,100.0,1,Comm loss
2025-04-03,INV-03,250.0,4.48,44.6,734.1,757.9,920.8,0.0,100.0,0,None
2025-04-03,INV-04,250.0,4.48,44.6,739.8,779.4,826.6,0.0,100.0,0,None
2025-04-03,INV-05,250.0,4.48,44.6,734.9,771.9,928.3,0.0,100.0,0,None
2025-04-03,INV-06,250.0,4.48,44.6,736.7,771.5,924.0,0.0,100.0,0,None
2025-04-03,INV-07,250.0,4.48,44.6,739.2,776.6,919.9,0.0,100.0,0,None
2025-04-03,INV-08,250.0,4.48,44.6,735.4,749.6,908.9,0.0,100.0,0,None
2025-04-03,INV-09,250.0,4.48,44.6,742.3,783.1,894.2,0.0,100.0,0,None
2025-04-03,INV-10,250.0,4.48,44.6,743.7,776.8,900.6,0.0,100.0,0,None
2025-04-03,INV-11,250.0,4.48,44.6,738.5,776.6,923.2,0.0,100.0,0,None
2025-04-03,INV-12,250.0,4.48,44.6,739.0,772.1,915.8,0.0,100.0,0,None
2025-04-04,INV-01,250.0,4.63,46.8,736.0,770.0,931.7,0.0,100.0,0,None
2025-04-04,INV-02,250.0,4.63,46.8,742.1,776.3,935.3,0.0,100.0,0,None
2025-04-04,INV-03,250.0,4.63,46.8,743.2,765.3,946.3,0.0,100.0,0,None
2025-04-04,INV-04,250.0,4.63,46.8,742.3,771.4,834.3,0.0,100.0,0,None
2025-04-04,INV-05,250.0,4.63,46.8,739.5,757.5,942.9,0.0,100.0,0,None
2025-04-04,INV-06,250.0,4.63,46.8,731.3,745.3,943.5,0.0,100.0,0,None
2025-04-04,INV-07,250.0,4.63,46.8,738.3,774.2,949.9,0.0,100.0,0,None
2025-04-04,INV-08,250.0,4.63,46.8,731.4,755.4,941.9,0.0,100.0,0,None
2025-04-04,INV-09,250.0,4.63,46.8,730.4,767.4,947.4,0.0,100.0,0,None
2025-04-04,INV-10,250.0,4.63,46.8,737.3,776.2,932.7,0.0,100.0,0,None
2025-04-04,INV-11,250.0,4.63,46.8,738.5,763.5,944.8,0.0,100.0,0,None
2025-04-04,INV-12,250.0,4.63,46.8,740.0,774.7,932.2,0.0,100.0,0,None
2025-04-05,INV-01,250.0,4.08,45.5,741.5,763.6,822.6,0.0,100.0,0,None
2025-04-05,INV-02,250.0,4.08,45.5,740.6,762.3,822.9,0.0,100.0,0,None
2025-04-05,INV-03,250.0,4.08,45.5,735.9,769.9,837.7,0.0,100.0,0,None
2025-04-05,INV-04,250.0,4.08,45.5,735.8,764.3,756.3,0.0,100.0,0,None
2025-04-05,INV-05,250.0,4.08,45.5,742.9,772.7,831.2,0.0,100.0,0,None
2025-04-05,INV-06,250.0,4.08,45.5,743.8,782.3,820.3,0.0,100.0,0,None
2025-04-05,INV-07,250.0,4.08,45.5,745.0,781.1,834.4,0.0,100.0,0,None
2025-04-05,INV-08,250.0,4.08,45.5,746.2,786.9,852.3,0.0,100.0,0,None
2025-04-05,INV-09,250.0,4.08,45.5,739.5,754.1,810.7,0.0,100.0,0,None
2025-04-05,INV-10,250.0,4.08,45.5,737.8,769.8,828.4,0.0,100.0,0,None
2025-04-05,INV-11,250.0,4.08,45.5,744.4,780.0,827.0,0.0,100.0,0,None
2025-04-05,INV-12,250.0,4.08,45.5,741.8,759.6,831.2,0.0,100.0,0,None
2025-04-06,INV-01,250.0,4.18,46.4,743.0,771.9,839.4,0.0,100.0,0,None
2025-04-06,INV-02,250.0,4.18,46.4,739.3,765.3,854.0,0.0,100.0,0,None
2025-04-06,INV-03,250.0,4.18,46.4,737.2,768.3,763.4,1.07,89.3,1,Grid trip
2025-04-06,INV-04,250.0,4.18,46.4,735.0,780.4,761.3,0.0,100.0,0,None
2025-04-06,INV-05,250.0,4.18,46.4,738.5,765.9,854.2,0.0,100.0,0,None
2025-04-06,INV-06,250.0,4.18,46.4,741.2,773.6,847.0,0.0,100.0,0,None
2025-04-06,INV-07,250.0,4.18,46.4,734.0,779.9,851.1,0.0,100.0,0,None
2025-04-06,INV-08,250.0,4.18,46.4,737.3,762.9,851.1,0.0,100.0,0,None
2025-04-06,INV-09,250.0,4.18,46.4,740.8,785.3,808.6,0.0,100.0,0,None
2025-04-06,INV-10,250.0,4.18,46.4,729.5,759.6,833.3,0.0,100.0,0,None
2025-04-06,INV-11,250.0,4.18,46.4,737.1,781.3,845.5,0.0,100.0,0,None
2025-04-06,INV-12,250.0,4.18,46.4,735.6,771.6,838.9,0.0,100.0,0,None
2025-04-07,INV-01,250.0,4.25,44.9,736.9,776.1,859.7,0.0,100.0,1,Comm loss
2025-04-07,INV-02,250.0,4.25,44.9,741.3,758.6,858.7,0.0,100.0,0,None
2025-04-07,INV-03,250.0,4.25,44.9,742.7,772.9,867.9,0.0,100.0,0,None
2025-04-07,INV-04,250.0,4.25,44.9,741.9,763.2,785.6,0.0,100.0,0,None
2025-04-07,INV-05,250.0,4.25,44.9,744.9,778.9,871.0,0.0,100.0,0,None
2025-04-07,INV-06,250.0,4.25,44.9,733.1,769.3,851.3,0.0,100.0,0,None
2025-04-07,INV-07,250.0,4.25,44.9,744.9,785.2,864.1,0.0,100.0,0,None
2025-04-07,INV-08,250.0,4.25,44.9,738.9,764.6,859.1,0.0,100.0,0,None
2025-04-07,INV-09,250.0,4.25,44.9,743.1,780.5,837.4,0.0,100.0,0,None
2025-04-07,INV-10,250.0,4.25,44.9,734.9,775.8,864.3,0.0,100.0,0,None
2025-04-07,INV-11,250.0,4.25,44.9,740.2,757.0,856.0,0.0,100.0,0,None
2025-04-07,INV-12,250.0,4.25,44.9,741.1,776.0,851.5,0.0,100.0,0,None
2025-04-08,INV-01,250.0,4.38,44.2,736.3,758.1,915.6,0.0,100.0,0,None
2025-04-08,INV-02,250.0,4.38,44.2,744.5,768.7,880.8,0.0,100.0,0,None
2025-04-08,INV-03,250.0,4.38,44.2,741.4,776.0,896.9,0.0,100.0,0,None
2025-04-08,INV-04,250.0,4.38,44.2,746.3,761.4,791.3,0.0,100.0,0,None
2025-04-08,INV-05,250.0,4.38,44.2,738.8,779.0,899.2,0.0,100.0,0,None
2025-04-08,INV-06,250.0,4.38,44.2,735.2,770.2,883.0,0.0,100.0,0,None
2025-04-08,INV-07,250.0,4.38,44.2,741.5,778.7,889.9,0.0,100.0,0,None
2025-04-08,INV-08,250.0,4.38,44.2,746.8,781.3,891.6,0.0,100.0,0,None
2025-04-08,INV-09,250.0,4.38,44.2,742.3,771.0,865.5,0.0,100.0,0,None
2025-04-08,INV-10,250.0,4.38,44.2,740.8,762.3,882.5,0.0,100.0,0,None
2025-04-08,INV-11,250.0,4.38,44.2,738.2,767.0,902.4,0.0,100.0,0,None
2025-04-08,INV-12,250.0,4.38,44.2,748.7,770.9,894.6,0.0,100.0,0,None
2025-04-09,INV-01,250.0,4.91,44.5,738.1,750.3,1006.9,0.0,100.0,0,None
2025-04-09,INV-02,250.0,4.91,44.5,739.9,761.2,1008.6,0.0,100.0,0,None
2025-04-09,INV-03,250.0,4.91,44.5,731.5,755.6,989.2,0.0,100.0,0,None
2025-04-09,INV-04,250.0,4.91,44.5,740.1,770.7,899.9,0.0,100.0,0,None
2025-04-09,INV-05,250.0,4.91,44.5,738.8,761.2,989.1,0.0,100.0,0,None
2025-04-09,INV-06,250.0,4.91,44.5,744.1,770.0,996.2,0.0,100.0,0,None
2025-04-09,INV-07,250.0,4.91,44.5,742.4,762.6,1015.5,0.0,100.0,0,None
2025-04-09,INV-08,250.0,4.91,44.5,738.5,769.9,1010.5,0.0,100.0,0,None
2025-04-09,INV-09,250.0,4.91,44.5,743.3,776.7,973.4,0.0,100.0,0,None
2025-04-09,INV-10,250.0,4.91,44.5,743.8,777.1,1001.9,0.0,100.0,0,None
2025-04-09,INV-11,250.0,4.91,44.5,737.9,768.0,996.8,0.0,100.0,0,None
2025-04-09,INV-12,250.0,4.91,44.5,739.0,756.7,989.5,0.0,100.0,0,None
2025-04-10,INV-01,250.0,4.46,45.3,730.5,752.4,891.9,0.0,100.0,0,None
2025-04-10,INV-02,250.0,4.46,45.3,741.6,777.3,908.2,0.0,100.0,0,None
2025-04-10,INV-03,250.0,4.46,45.3,734.5,763.2,905.1,0.0,100.0,0,None
2025-04-10,INV-04,250.0,4.46,45.3,739.8,774.3,806.0,0.0,100.0,0,None
2025-04-10,INV-05,250.0,4.46,45.3,740.8,765.7,898.2,0.0,100.0,0,None
2025-04-10,INV-06,250.0,4.46,45.3,741.7,770.3,893.8,0.0,100.0,0,None
2025-04-10,INV-07,250.0,4.46,45.3,734.5,765.8,910.8,0.0,100.0,0,None
2025-04-10,INV-08,250.0,4.46,45.3,739.1,771.0,906.0,0.0,100.0,0,None
2025-04-10,INV-09,250.0,4.46,45.3,746.0,779.9,872.3,0.0,100.0,0,None
2025-04-10,INV-10,250.0,4.46,45.3,746.2,771.5,891.9,0.0,100.0,0,None
2025-04-10,INV-11,250.0,4.46,45.3,743.3,762.5,897.1,0.0,100.0,0,None
2025-04-10,INV-12,250.0,4.46,45.3,740.7,783.7,894.9,0.0,100.0,0,None
2025-04-11,INV-01,250.0,4.67,46.9,736.9,761.2,947.5,0.0,100.0,0,None
2025-04-11,INV-02,250.0,4.67,46.9,734.0,766.3,951.8,0.0,100.0,0,None
2025-04-11,INV-03,250.0,4.67,46.9,739.4,766.7,939.1,0.0,100.0,0,None
2025-04-11,INV-04,250.0,4.67,46.9,735.5,779.0,844.0,0.0,100.0,0,None
2025-04-11,INV-05,250.0,4.67,46.9,732.3,773.0,930.4,0.0,100.0,0,None
2025-04-11,INV-06,250.0,4.67,46.9,736.5,771.6,928.9,0.0,100.0,0,None
2025-04-11,INV-07,250.0,4.67,46.9,737.0,770.0,951.8,0.0,100.0,0,None
2025-04-11,INV-08,250.0,4.67,46.9,740.0,769.3,947.1,0.0,100.0,0,None
2025-04-11,INV-09,250.0,4.67,46.9,737.9,757.8,908.5,0.0,100.0,0,None
2025-04-11,INV-10,250.0,4.67,46.9,738.1,766.4,938.9,0.0,100.0,0,None
2025-04-11,INV-11,250.0,4.67,46.9,737.6,768.4,934.8,0.0,100.0,0,None
2025-04-11,INV-12,250.0,4.67,46.9,735.5,767.4,934.2,0.0,100.0,0,None
2025-04-12,INV-01,250.0,5.25,48.3,737.2,751.3,1054.0,0.0,100.0,0,None
2025-04-12,INV-02,250.0,5.25,48.3,733.4,751.3,1058.7,0.0,100.0,0,None
2025-04-12,INV-03,250.0,5.25,48.3,724.1,747.3,1032.1,0.0,100.0,0,None
2025-04-12,INV-04,250.0,5.25,48.3,735.3,752.5,934.2,0.0,100.0,0,None
2025-04-12,INV-05,250.0,5.25,48.3,738.1,768.4,1056.6,0.0,100.0,0,None
2025-04-12,INV-06,250.0,5.25,48.3,734.9,768.1,1050.5,0.0,100.0,0,None
2025-04-12,INV-07,250.0,5.25,48.3,735.8,754.4,1006.2,0.0,100.0,0,None
2025-04-12,INV-08,250.0,5.25,48.3,731.8,768.0,1061.0,0.0,100.0,0,None
2025-04-12,INV-09,250.0,5.25,48.3,726.0,760.8,1026.7,0.0,100.0,0,None
2025-04-12,INV-10,250.0,5.25,48.3,736.2,761.9,1012.6,0.0,100.0,0,None
2025-04-12,INV-11,250.0,5.25,48.3,740.5,769.1,1071.5,0.0,100.0,0,None
2025-04-12,INV-12,250.0,5.25,48.3,738.0,752.4,1019.7,0.0,100.0,0,None
2025-04-13,INV-01,250.0,4.72,50.9,735.9,777.4,940.5,0.0,100.0,0,None
2025-04-13,INV-02,250.0,4.72,50.9,726.8,762.0,930.3,0.0,100.0,0,None
2025-04-13,INV-03,250.0,4.72,50.9,724.8,772.4,937.0,0.0,100.0,0,None
2025-04-13,INV-04,250.0,4.72,50.9,724.3,756.3,834.8,0.0,100.0,0,None
2025-04-13,INV-05,250.0,4.72,50.9,721.3,748.2,924.9,0.0,100.0,0,None
2025-04-13,INV-06,250.0,4.72,50.9,734.4,759.5,927.1,0.0,100.0,0,None
2025-04-13,INV-07,250.0,4.72,50.9,733.8,749.0,931.1,0.0,100.0,0,None
2025-04-13,INV-08,250.0,4.72,50.9,730.7,758.5,921.9,0.0,100.0,0,None
2025-04-13,INV-09,250.0,4.72,50.9,724.7,763.8,897.0,0.0,100.0,0,None
2025-04-13,INV-10,250.0,4.72,50.9,735.5,770.3,920.9,0.0,100.0,0,None
2025-04-13,INV-11,250.0,4.72,50.9,726.9,757.0,946.7,0.0,100.0,0,None
2025-04-13,INV-12,250.0,4.72,50.9,727.2,749.2,927.2,0.0,100.0,0,None
2025-04-14,INV-01,250.0,5.15,50.5,723.6,762.7,1015.8,0.0,100.0,0,None
2025-04-14,INV-02,250.0,5.15,50.5,720.4,755.0,1031.2,0.0,100.0,0,None
2025-04-14,INV-03,250.0,5.15,50.5,729.1,764.3,1022.7,0.0,100.0,0,None
2025-04-14,INV-04,250.0,5.15,50.5,734.5,768.6,911.3,0.0,100.0,0,None
2025-04-14,INV-05,250.0,5.15,50.5,729.2,766.1,1019.4,0.0,100.0,0,None
2025-04-14,INV-06,250.0,5.15,50.5,727.6,743.1,1014.5,0.0,100.0,0,None
2025-04-14,INV-07,250.0,5.15,50.5,721.6,739.5,1053.1,0.0,100.0,0,None
2025-04-14,INV-08,250.0,5.15,50.5,730.8,754.9,1023.9,0.0,100.0,0,None
2025-04-14,INV-09,250.0,5.15,50.5,731.6,760.6,974.0,0.0,100.0,0,None
2025-04-14,INV-10,250.0,5.15,50.5,721.9,755.0,984.9,0.0,100.0,0,None
2025-04-14,INV-11,250.0,5.15,50.5,733.5,766.1,1018.4,0.0,100.0,1,Comm loss
2025-04-14,INV-12,250.0,5.15,50.5,732.1,771.0,1027.8,0.0,100.0,0,None
2025-04-15,INV-01,250.0,4.55,46.5,737.6,778.6,915.7,0.0,100.0,0,None
2025-04-15,INV-02,250.0,4.55,46.5,742.2,781.2,910.3,0.0,100.0,0,None
2025-04-15,INV-03,250.0,4.55,46.5,734.5,764.8,927.0,0.0,100.0,0,None
2025-04-15,INV-04,250.0,4.55,46.5,735.8,762.3,814.2,0.0,100.0,0,None
2025-04-15,INV-05,250.0,4.55,46.5,730.8,769.8,907.1,0.0,100.0,1,Comm loss
2025-04-15,INV-06,250.0,4.55,46.5,732.2,754.3,919.6,0.0,100.0,0,None
2025-04-15,INV-07,250.0,4.55,46.5,734.9,768.0,919.9,0.0,100.0,0,None
2025-04-15,INV-08,250.0,4.55,46.5,736.7,784.9,915.6,0.0,100.0,0,None
2025-04-15,INV-09,250.0,4.55,46.5,744.0,775.7,878.4,0.0,100.0,0,None
2025-04-15,INV-10,250.0,4.55,46.5,739.1,762.9,920.6,0.0,100.0,0,None
2025-04-15,INV-11,250.0,4.55,46.5,733.3,766.6,920.5,0.0,100.0,0,None
2025-04-15,INV-12,250.0,4.55,46.5,734.0,760.3,911.0,0.0,100.0,1,Comm loss
2025-04-16,INV-01,250.0,4.84,49.2,733.7,757.6,971.2,0.0,100.0,0,None
2025-04-16,INV-02,250.0,4.84,49.2,735.6,765.3,970.5,0.0,100.0,0,None
2025-04-16,INV-03,250.0,4.84,49.2,741.8,760.4,955.8,0.0,100.0,0,None
2025-04-16,INV-04,250.0,4.84,49.2,730.1,755.5,860.0,0.0,100.0,0,None
2025-04-16,INV-05,250.0,4.84,49.2,729.5,757.3,950.3,0.0,100.0,0,None
2025-04-16,INV-06,250.0,4.84,49.2,727.3,757.2,960.4,0.0,100.0,0,None
2025-04-16,INV-07,250.0,4.84,49.2,732.5,766.4,965.8,0.0,100.0,0,None
2025-04-16,INV-08,250.0,4.84,49.2,732.5,774.0,960.7,0.0,100.0,0,None
2025-04-16,INV-09,250.0,4.84,49.2,728.4,764.3,899.9,0.0,100.0,0,None
2025-04-16,INV-10,250.0,4.84,49.2,731.0,768.7,946.3,0.0,100.0,0,None
2025-04-16,INV-11,250.0,4.84,49.2,723.8,765.3,963.9,0.0,100.0,0,None
2025-04-16,INV-12,250.0,4.84,49.2,735.4,770.0,939.2,0.0,100.0,0,None
2025-04-17,INV-01,250.0,4.59,47.7,734.6,777.1,926.3,0.0,100.0,0,None
2025-04-17,INV-02,250.0,4.59,47.7,729.4,762.4,906.3,0.0,100.0,0,None
2025-04-17,INV-03,250.0,4.59,47.7,739.0,784.8,916.6,0.0,100.0,0,None
2025-04-17,INV-04,250.0,4.59,47.7,732.5,769.7,810.1,0.0,100.0,0,None
2025-04-17,INV-05,250.0,4.59,47.7,731.9,760.1,890.5,0.0,100.0,0,None
2025-04-17,INV-06,250.0,4.59,47.7,739.7,776.3,906.2,0.0,100.0,0,None
2025-04-17,INV-07,250.0,4.59,47.7,739.2,782.8,927.1,0.0,100.0,0,None
2025-04-17,INV-08,250.0,4.59,47.7,739.1,785.1,921.0,0.0,100.0,0,None
2025-04-17,INV-09,250.0,4.59,47.7,733.1,772.6,882.2,0.0,100.0,0,None
2025-04-17,INV-10,250.0,4.59,47.7,734.3,764.5,899.8,0.0,100.0,0,None
2025-04-17,INV-11,250.0,4.59,47.7,734.3,762.6,940.7,0.0,100.0,0,None
2025-04-17,INV-12,250.0,4.59,47.7,737.7,772.3,911.1,0.0,100.0,0,None
2025-04-18,INV-01,250.0,4.84,48.5,743.8,761.2,977.0,0.0,100.0,0,None
2025-04-18,INV-02,250.0,4.84,48.5,728.2,1039.2,704.0,2.7,73.0,6,DC overvoltage
2025-04-18,INV-03,250.0,4.84,48.5,728.0,749.0,963.6,0.0,100.0,0,None
2025-04-18,INV-04,250.0,4.84,48.5,729.2,765.3,745.2,1.28,87.2,2,Grid trip
2025-04-18,INV-05,250.0,4.84,48.5,732.6,764.6,955.5,0.0,100.0,0,None
2025-04-18,INV-06,250.0,4.84,48.5,736.6,771.5,957.3,0.0,100.0,0,None
2025-04-18,INV-07,250.0,4.84,48.5,735.4,750.7,961.6,0.0,100.0,0,None
2025-04-18,INV-08,250.0,4.84,48.5,733.7,751.8,964.4,0.0,100.0,0,None
2025-04-18,INV-09,250.0,4.84,48.5,735.1,770.4,910.0,0.0,100.0,0,None
2025-04-18,INV-10,250.0,4.84,48.5,730.2,738.0,940.6,0.0,100.0,0,None
2025-04-18,INV-11,250.0,4.84,48.5,732.0,771.8,962.3,0.0,100.0,0,None
2025-04-18,INV-12,250.0,4.84,48.5,732.9,748.3,971.1,0.0,100.0,0,None
2025-04-19,INV-01,250.0,5.3,50.2,731.4,759.8,1031.5,0.0,100.0,0,None
2025-04-19,INV-02,250.0,5.3,50.2,730.4,766.0,1060.6,0.0,100.0,0,None
2025-04-19,INV-03,250.0,5.3,50.2,728.9,739.1,1038.5,0.0,100.0,0,None
2025-04-19,INV-04,250.0,5.3,50.2,729.5,764.0,918.3,0.0,100.0,0,None
2025-04-19,INV-05,250.0,5.3,50.2,734.9,763.6,1050.7,0.0,100.0,0,None
2025-04-19,INV-06,250.0,5.3,50.2,729.7,755.8,1037.9,0.0,100.0,0,None
2025-04-19,INV-07,250.0,5.3,50.2,728.1,759.6,1066.1,0.0,100.0,0,None
2025-04-19,INV-08,250.0,5.3,50.2,727.4,753.5,1061.2,0.0,100.0,0,None
2025-04-19,INV-09,250.0,5.3,50.2,727.5,740.5,975.7,0.0,100.0,0,None
2025-04-19,INV-10,250.0,5.3,50.2,724.1,761.5,1026.0,0.0,100.0,0,None
2025-04-19,INV-11,250.0,5.3,50.2,726.7,758.6,1051.4,0.0,100.0,0,None
2025-04-19,INV-12,250.0,5.3,50.2,735.7,763.2,1054.7,0.0,100.0,0,None
2025-04-20,INV-01,250.0,4.35,49.3,735.6,768.4,851.3,0.0,100.0,0,None
2025-04-20,INV-02,250.0,4.35,49.3,730.7,773.7,848.6,0.0,100.0,0,None
2025-04-20,INV-03,250.0,4.35,49.3,731.0,772.5,854.9,0.0,100.0,0,None
2025-04-20,INV-04,250.0,4.35,49.3,724.5,757.6,768.0,0.0,100.0,0,None
2025-04-20,INV-05,250.0,4.35,49.3,730.8,758.4,835.2,0.0,100.0,0,None
2025-04-20,INV-06,250.0,4.35,49.3,733.8,758.7,859.1,0.0,100.0,0,None
2025-04-20,INV-07,250.0,4.35,49.3,726.0,753.6,865.9,0.0,100.0,0,None
2025-04-20,INV-08,250.0,4.35,49.3,733.4,767.7,861.7,0.0,100.0,0,None
2025-04-20,INV-09,250.0,4.35,49.3,731.7,755.3,798.9,0.0,100.0,0,None
2025-04-20,INV-10,250.0,4.35,49.3,728.8,764.8,835.3,0.0,100.0,0,None
2025-04-20,INV-11,250.0,4.35,49.3,734.8,781.8,871.6,0.0,100.0,0,None
2025-04-20,INV-12,250.0,4.35,49.3,722.6,752.1,840.0,0.0,100.0,0,None
2025-04-21,INV-01,250.0,5.19,49.5,733.6,780.0,1024.3,0.0,100.0,0,None
2025-04-21,INV-02,250.0,5.19,49.5,733.9,752.3,1033.2,0.0,100.0,0,None
2025-04-21,INV-03,250.0,5.19,49.5,726.4,749.9,1015.5,0.0,100.0,0,None
2025-04-21,INV-04,250.0,5.19,49.5,727.2,739.6,902.0,0.0,100.0,0,None
2025-04-21,INV-05,250.0,5.19,49.5,726.7,759.6,1009.5,0.0,100.0,0,None
2025-04-21,INV-06,250.0,5.19,49.5,725.7,746.9,1028.0,0.0,100.0,0,None
2025-04-21,INV-07,250.0,5.19,49.5,734.2,755.6,1019.1,0.0,100.0,0,None
2025-04-21,INV-08,250.0,5.19,49.5,732.2,751.2,1018.0,0.0,100.0,0,None
2025-04-21,INV-09,250.0,5.19,49.5,731.4,767.6,959.7,0.0,100.0,0,None
2025-04-21,INV-10,250.0,5.19,49.5,720.7,756.4,1010.7,0.0,100.0,0,None
2025-04-21,INV-11,250.0,5.19,49.5,739.3,783.8,1045.6,0.0,100.0,0,None
2025-04-21,INV-12,250.0,5.19,49.5,727.5,752.0,1019.9,0.0,100.0,0,None
2025-04-22,INV-01,250.0,5.14,51.6,728.5,764.7,999.5,0.0,100.0,0,None
2025-04-22,INV-02,250.0,5.14,51.6,732.5,766.5,1024.1,0.0,100.0,0,None
2025-04-22,INV-03,250.0,5.14,51.6,721.5,761.8,1003.8,0.0,100.0,0,None
2025-04-22,INV-04,250.0,5.14,51.6,722.2,750.5,894.8,0.0,100.0,0,None
2025-04-22,INV-05,250.0,5.14,51.6,724.8,753.7,988.8,0.0,100.0,0,None
2025-04-22,INV-06,250.0,5.14,51.6,725.0,756.3,1020.8,0.0,100.0,0,None
2025-04-22,INV-07,250.0,5.14,51.6,734.7,771.9,1017.3,0.0,100.0,0,None
2025-04-22,INV-08,250.0,5.14,51.6,730.7,749.0,999.5,0.0,100.0,0,None
2025-04-22,INV-09,250.0,5.14,51.6,730.5,766.4,934.2,0.0,100.0,0,None
2025-04-22,INV-10,250.0,5.14,51.6,725.7,755.5,983.6,0.0,100.0,0,None
2025-04-22,INV-11,250.0,5.14,51.6,725.6,747.1,1009.9,0.0,100.0,0,None
2025-04-22,INV-12,250.0,5.14,51.6,720.9,734.2,988.7,0.0,100.0,0,None
2025-04-23,INV-01,250.0,4.84,48.0,734.4,778.1,952.7,0.0,100.0,0,None
2025-04-23,INV-02,250.0,4.84,48.0,732.2,764.1,952.7,0.0,100.0,0,None
2025-04-23,INV-03,250.0,4.84,48.0,740.5,764.4,943.1,0.0,100.0,0,None
2025-04-23,INV-04,250.0,4.84,48.0,736.3,766.5,850.1,0.0,100.0,0,None
2025-04-23,INV-05,250.0,4.84,48.0,736.8,745.9,961.8,0.0,100.0,0,None
2025-04-23,INV-06,250.0,4.84,48.0,723.4,744.7,970.2,0.0,100.0,0,None
2025-04-23,INV-07,250.0,4.84,48.0,733.8,764.1,941.9,0.0,100.0,0,None
2025-04-23,INV-08,250.0,4.84,48.0,742.4,779.2,956.9,0.0,100.0,0,None
2025-04-23,INV-09,250.0,4.84,48.0,739.4,753.9,882.0,0.0,100.0,0,None
2025-04-23,INV-10,250.0,4.84,48.0,726.7,753.6,949.5,0.0,100.0,0,None
2025-04-23,INV-11,250.0,4.84,48.0,732.8,770.9,964.8,0.0,100.0,0,None
2025-04-23,INV-12,250.0,4.84,48.0,729.3,747.7,943.1,0.0,100.0,0,None
2025-04-24,INV-01,250.0,4.53,49.3,735.5,777.4,899.4,0.0,100.0,0,None
2025-04-24,INV-02,250.0,4.53,49.3,728.9,756.4,898.4,0.0,100.0,0,None
2025-04-24,INV-03,250.0,4.53,49.3,728.9,759.1,880.8,0.0,100.0,0,None
2025-04-24,INV-04,250.0,4.53,49.3,736.3,772.3,793.0,0.0,100.0,0,None
2025-04-24,INV-05,250.0,4.53,49.3,735.4,765.6,891.7,0.0,100.0,0,None
2025-04-24,INV-06,250.0,4.53,49.3,732.2,759.9,876.2,0.0,100.0,0,None
2025-04-24,INV-07,250.0,4.53,49.3,734.5,764.2,892.0,0.0,100.0,0,None
2025-04-24,INV-08,250.0,4.53,49.3,730.3,767.4,891.4,0.0,100.0,0,None
2025-04-24,INV-09,250.0,4.53,49.3,731.4,756.1,826.0,0.0,100.0,0,None
2025-04-24,INV-10,250.0,4.53,49.3,728.8,757.8,860.1,0.0,100.0,0,None
2025-04-24,INV-11,250.0,4.53,49.3,735.0,765.1,907.4,0.0,100.0,0,None
2025-04-24,INV-12,250.0,4.53,49.3,728.6,765.6,875.4,0.0,100.0,0,None
2025-04-25,INV-01,250.0,5.13,54.4,717.3,731.1,985.9,0.0,100.0,0,None
2025-04-25,INV-02,250.0,5.13,54.4,719.0,1019.0,867.5,1.42,85.8,2,DC overvoltage
2025-04-25,INV-03,250.0,5.13,54.4,723.2,778.0,988.1,0.0,100.0,0,None
2025-04-25,INV-04,250.0,5.13,54.4,720.0,749.0,877.1,0.0,100.0,0,None
2025-04-25,INV-05,250.0,5.13,54.4,718.7,747.7,982.5,0.0,100.0,0,None
2025-04-25,INV-06,250.0,5.13,54.4,721.5,757.4,991.2,0.0,100.0,0,None
2025-04-25,INV-07,250.0,5.13,54.4,716.7,759.8,983.8,0.0,100.0,0,None
2025-04-25,INV-08,250.0,5.13,54.4,723.0,760.8,994.5,0.0,100.0,0,None
2025-04-25,INV-09,250.0,5.13,54.4,725.8,738.6,924.2,0.0,100.0,0,None
2025-04-25,INV-10,250.0,5.13,54.4,721.0,755.5,861.6,1.02,89.8,1,Grid trip
2025-04-25,INV-11,250.0,5.13,54.4,720.5,771.0,994.2,0.0,100.0,0,None
2025-04-25,INV-12,250.0,5.13,54.4,722.8,757.7,968.6,0.0,100.0,0,None
2025-04-26,INV-01,250.0,4.92,50.6,733.9,752.9,950.3,0.0,100.0,0,None
2025-04-26,INV-02,250.0,4.92,50.6,723.1,751.0,965.5,0.0,100.0,0,None
2025-04-26,INV-03,250.0,4.92,50.6,731.1,761.9,966.6,0.0,100.0,0,None
2025-04-26,INV-04,250.0,4.92,50.6,733.7,759.7,849.1,0.0,100.0,0,None
2025-04-26,INV-05,250.0,4.92,50.6,729.2,761.4,961.8,0.0,100.0,0,None
2025-04-26,INV-06,250.0,4.92,50.6,731.1,781.6,946.0,0.0,100.0,0,None
2025-04-26,INV-07,250.0,4.92,50.6,735.9,764.9,958.7,0.0,100.0,0,None
2025-04-26,INV-08,250.0,4.92,50.6,736.6,763.2,953.4,0.0,100.0,0,None
2025-04-26,INV-09,250.0,4.92,50.6,728.6,766.7,895.7,0.0,100.0,0,None
2025-04-26,INV-10,250.0,4.92,50.6,726.7,758.6,963.0,0.0,100.0,0,None
2025-04-26,INV-11,250.0,4.92,50.6,725.2,766.7,948.5,0.0,100.0,0,None
2025-04-26,INV-12,250.0,4.92,50.6,732.8,764.1,947.5,0.0,100.0,0,None
2025-04-27,INV-01,250.0,5.24,53.1,727.1,749.5,1003.5,0.0,100.0,0,None
2025-04-27,INV-02,250.0,5.24,53.1,726.8,769.7,1027.9,0.0,100.0,0,None
2025-04-27,INV-03,250.0,5.24,53.1,728.4,763.4,1011.4,0.0,100.0,0,None
2025-04-27,INV-04,250.0,5.24,53.1,720.5,767.5,896.7,0.0,100.0,0,None
2025-04-27,INV-05,250.0,5.24,53.1,728.2,754.6,1003.0,0.0,100.0,0,None
2025-04-27,INV-06,250.0,5.24,53.1,731.2,762.3,1003.2,0.0,100.0,0,None
2025-04-27,INV-07,250.0,5.24,53.1,722.8,747.5,1015.7,0.0,100.0,0,None
2025-04-27,INV-08,250.0,5.24,53.1,724.0,755.1,1006.7,0.0,100.0,0,None
2025-04-27,INV-09,250.0,5.24,53.1,721.8,737.6,950.7,0.0,100.0,0,None
2025-04-27,INV-10,250.0,5.24,53.1,722.5,757.9,987.4,0.0,100.0,0,None
2025-04-27,INV-11,250.0,5.24,53.1,730.7,763.3,1032.6,0.0,100.0,0,None
2025-04-27,INV-12,250.0,5.24,53.1,719.8,749.4,998.7,0.0,100.0,0,None
2025-04-28,INV-01,250.0,5.17,51.1,727.1,768.0,1011.8,0.0,100.0,0,None
2025-04-28,INV-02,250.0,5.17,51.1,731.2,760.0,1010.3,0.0,100.0,0,None
2025-04-28,INV-03,250.0,5.17,51.1,726.1,771.2,1021.2,0.0,100.0,0,None
2025-04-28,INV-04,250.0,5.17,51.1,726.8,756.1,891.2,0.0,100.0,0,None
2025-04-28,INV-05,250.0,5.17,51.1,723.3,753.0,1002.1,0.0,100.0,0,None
2025-04-28,INV-06,250.0,5.17,51.1,725.2,760.4,984.6,0.0,100.0,0,None
2025-04-28,INV-07,250.0,5.17,51.1,734.9,743.5,995.7,0.0,100.0,0,None
2025-04-28,INV-08,250.0,5.17,51.1,728.1,759.8,1016.6,0.0,100.0,0,None
2025-04-28,INV-09,250.0,5.17,51.1,723.8,753.4,933.6,0.0,100.0,0,None
2025-04-28,INV-10,250.0,5.17,51.1,726.6,768.5,978.0,0.0,100.0,0,None
2025-04-28,INV-11,250.0,5.17,51.1,721.4,759.2,1011.4,0.0,100.0,0,None
2025-04-28,INV-12,250.0,5.17,51.1,723.8,744.7,980.7,0.0,100.0,0,None
2025-04-29,INV-01,250.0,5.63,52.7,727.7,755.5,1098.1,0.0,100.0,0,None
2025-04-29,INV-02,250.0,5.63,52.7,725.8,761.8,1107.9,0.0,100.0,0,None
2025-04-29,INV-03,250.0,5.63,52.7,723.2,753.8,1089.5,0.0,100.0,0,None
2025-04-29,INV-04,250.0,5.63,52.7,725.8,745.9,967.1,0.0,100.0,0,None
2025-04-29,INV-05,250.0,5.63,52.7,724.4,759.8,1083.4,0.0,100.0,0,None
2025-04-29,INV-06,250.0,5.63,52.7,721.8,753.0,1076.7,0.0,100.0,0,None
2025-04-29,INV-07,250.0,5.63,52.7,725.0,775.8,1087.8,0.0,100.0,1,Comm loss
2025-04-29,INV-08,250.0,5.63,52.7,725.6,767.2,1109.8,0.0,100.0,0,None
2025-04-29,INV-09,250.0,5.63,52.7,723.0,758.7,1011.7,0.0,100.0,0,None
2025-04-29,INV-10,250.0,5.63,52.7,728.1,760.1,1067.2,0.0,100.0,0,None
2025-04-29,INV-11,250.0,5.63,52.7,729.7,761.0,1088.1,0.0,100.0,0,None
2025-04-29,INV-12,250.0,5.63,52.7,728.4,750.4,1090.0,0.0,100.0,0,None
2025-04-30,INV-01,250.0,5.11,51.0,729.8,754.5,1023.1,0.0,100.0,0,None
2025-04-30,INV-02,250.0,5.11,51.0,736.9,761.4,1021.1,0.0,100.0,0,None
2025-04-30,INV-03,250.0,5.11,51.0,733.0,766.3,1016.5,0.0,100.0,0,None
2025-04-30,INV-04,250.0,5.11,51.0,733.8,762.6,910.8,0.0,100.0,0,None
2025-04-30,INV-05,250.0,5.11,51.0,739.2,753.7,1033.1,0.0,100.0,0,None
2025-04-30,INV-06,250.0,5.11,51.0,731.0,749.3,1017.7,0.0,100.0,1,Comm loss
2025-04-30,INV-07,250.0,5.11,51.0,728.6,749.4,1014.6,0.0,100.0,0,None
2025-04-30,INV-08,250.0,5.11,51.0,731.8,754.8,1025.5,0.0,100.0,0,None
2025-04-30,INV-09,250.0,5.11,51.0,725.7,759.0,1012.3,0.0,100.0,0,None
2025-04-30,INV-10,250.0,5.11,51.0,728.4,760.1,987.4,0.0,100.0,0,None
2025-04-30,INV-11,250.0,5.11,51.0,725.4,763.9,1026.8,0.0,100.0,0,None
2025-04-30,INV-12,250.0,5.11,51.0,729.5,765.6,1037.2,0.0,100.0,0,None
2025-05-01,INV-01,250.0,4.81,50.5,728.9,755.3,952.0,0.0,100.0,0,None
2025-05-01,INV-02,250.0,4.81,50.5,735.8,764.5,977.5,0.0,100.0,0,None
2025-05-01,INV-03,250.0,4.81,50.5,717.7,747.6,955.0,0.0,100.0,0,None
2025-05-01,INV-04,250.0,4.81,50.5,725.2,741.3,855.9,0.0,100.0,0,None
2025-05-01,INV-05,250.0,4.81,50.5,729.1,762.8,962.2,0.0,100.0,0,None
2025-05-01,INV-06,250.0,4.81,50.5,724.7,751.1,961.0,0.0,100.0,0,None
2025-05-01,INV-07,250.0,4.81,50.5,728.0,768.1,952.7,0.0,100.0,0,None
2025-05-01,INV-08,250.0,4.81,50.5,728.5,763.3,974.3,0.0,100.0,0,None
2025-05-01,INV-09,250.0,4.81,50.5,726.4,765.8,958.1,0.0,100.0,0,None
2025-05-01,INV-10,250.0,4.81,50.5,729.3,751.2,960.3,0.0,100.0,0,None
2025-05-01,INV-11,250.0,4.81,50.5,731.6,758.6,965.0,0.0,100.0,0,None
2025-05-01,INV-12,250.0,4.81,50.5,728.1,748.2,969.3,0.0,100.0,0,None
2025-05-02,INV-01,250.0,5.31,50.5,728.0,763.0,1062.7,0.0,100.0,0,None
2025-05-02,INV-02,250.0,5.31,50.5,728.3,753.3,1058.2,0.0,100.0,0,None
2025-05-02,INV-03,250.0,5.31,50.5,724.9,734.9,1073.3,0.0,100.0,0,None
2025-05-02,INV-04,250.0,5.31,50.5,734.0,755.3,956.1,0.0,100.0,0,None
2025-05-02,INV-05,250.0,5.31,50.5,732.4,762.0,1055.0,0.0,100.0,0,None
2025-05-02,INV-06,250.0,5.31,50.5,727.7,758.2,998.9,0.59,94.1,1,Grid trip
2025-05-02,INV-07,250.0,5.31,50.5,731.5,774.9,1070.1,0.0,100.0,0,None
2025-05-02,INV-08,250.0,5.31,50.5,729.8,764.5,1084.7,0.0,100.0,0,None
2025-05-02,INV-09,250.0,5.31,50.5,731.8,762.4,1054.0,0.0,100.0,0,None
2025-05-02,INV-10,250.0,5.31,50.5,723.5,753.3,1059.4,0.0,100.0,0,None
2025-05-02,INV-11,250.0,5.31,50.5,728.3,767.2,1061.2,0.0,100.0,1,Comm loss
2025-05-02,INV-12,250.0,5.31,50.5,728.7,754.0,1062.0,0.0,100.0,0,None
2025-05-03,INV-01,250.0,5.34,52.5,720.7,761.7,1057.9,0.0,100.0,0,None
2025-05-03,INV-02,250.0,5.34,52.5,722.5,749.3,1055.0,0.0,100.0,0,None
2025-05-03,INV-03,250.0,5.34,52.5,725.0,753.3,1047.5,0.0,100.0,0,None
2025-05-03,INV-04,250.0,5.34,52.5,721.8,760.3,951.5,0.0,100.0,0,None
2025-05-03,INV-05,250.0,5.34,52.5,725.3,740.8,1056.9,0.0,100.0,0,None
2025-05-03,INV-06,250.0,5.34,52.5,721.0,766.8,1055.5,0.0,100.0,0,None
2025-05-03,INV-07,250.0,5.34,52.5,718.3,767.8,1065.5,0.0,100.0,0,None
2025-05-03,INV-08,250.0,5.34,52.5,728.2,736.5,1071.9,0.0,100.0,0,None
2025-05-03,INV-09,250.0,5.34,52.5,723.0,752.2,1048.0,0.0,100.0,0,None
2025-05-03,INV-10,250.0,5.34,52.5,721.6,745.8,1049.9,0.0,100.0,0,None
2025-05-03,INV-11,250.0,5.34,52.5,720.5,748.4,1062.7,0.0,100.0,0,None
2025-05-03,INV-12,250.0,5.34,52.5,726.6,753.2,1058.4,0.0,100.0,0,None
2025-05-04,INV-01,250.0,5.73,51.4,726.2,745.6,1148.9,0.0,100.0,0,None
2025-05-04,INV-02,250.0,5.73,51.4,728.9,771.8,1161.0,0.0,100.0,0,None
2025-05-04,INV-03,250.0,5.73,51.4,722.2,744.1,1149.0,0.0,100.0,0,None
2025-05-04,INV-04,250.0,5.73,51.4,729.7,759.7,1007.4,0.0,100.0,0,None
2025-05-04,INV-05,250.0,5.73,51.4,725.2,751.3,1123.2,0.0,100.0,0,None
2025-05-04,INV-06,250.0,5.73,51.4,722.8,750.1,1134.7,0.0,100.0,0,None
2025-05-04,INV-07,250.0,5.73,51.4,726.0,762.4,1141.3,0.0,100.0,0,None
2025-05-04,INV-08,250.0,5.73,51.4,725.3,767.3,1125.3,0.0,100.0,0,None
2025-05-04,INV-09,250.0,5.73,51.4,725.9,765.4,1126.3,0.0,100.0,0,None
2025-05-04,INV-10,250.0,5.73,51.4,731.0,757.7,1111.4,0.0,100.0,0,None
2025-05-04,INV-11,250.0,5.73,51.4,724.0,755.5,1163.6,0.0,100.0,0,None
2025-05-04,INV-12,250.0,5.73,51.4,734.1,757.8,1165.7,0.0,100.0,0,None
2025-05-05,INV-01,250.0,5.63,53.6,720.4,755.9,1123.3,0.0,100.0,0,None
2025-05-05,INV-02,250.0,5.63,53.6,718.7,747.6,1106.9,0.0,100.0,0,None
2025-05-05,INV-03,250.0,5.63,53.6,717.3,740.9,1130.7,0.0,100.0,0,None
2025-05-05,INV-04,250.0,5.63,53.6,728.6,763.4,976.9,0.0,100.0,0,None
2025-05-05,INV-05,250.0,5.63,53.6,719.6,749.1,1116.9,0.0,100.0,0,None
2025-05-05,INV-06,250.0,5.63,53.6,728.6,762.6,1106.2,0.0,100.0,0,None
2025-05-05,INV-07,250.0,5.63,53.6,724.8,751.2,1108.8,0.0,100.0,0,None
2025-05-05,INV-08,250.0,5.63,53.6,724.0,744.4,1098.0,0.0,100.0,0,None
2025-05-05,INV-09,250.0,5.63,53.6,721.5,765.4,1089.9,0.0,100.0,0,None
2025-05-05,INV-10,250.0,5.63,53.6,725.4,767.7,1099.6,0.0,100.0,0,None
2025-05-05,INV-11,250.0,5.63,53.6,722.7,759.7,1134.5,0.0,100.0,0,None
2025-05-05,INV-12,250.0,5.63,53.6,721.3,748.1,1123.7,0.0,100.0,0,None
2025-05-06,INV-01,250.0,5.45,54.1,714.8,732.3,1060.9,0.0,100.0,0,None
2025-05-06,INV-02,250.0,5.45,54.1,719.2,761.4,1083.6,0.0,100.0,0,None
2025-05-06,INV-03,250.0,5.45,54.1,716.0,742.2,1064.3,0.0,100.0,0,None
2025-05-06,INV-04,250.0,5.45,54.1,719.3,757.7,959.2,0.0,100.0,0,None
2025-05-06,INV-05,250.0,5.45,54.1,724.8,753.8,1055.5,0.0,100.0,0,None
2025-05-06,INV-06,250.0,5.45,54.1,720.3,755.2,1086.2,0.0,100.0,0,None
2025-05-06,INV-07,250.0,5.45,54.1,723.2,758.6,1087.1,0.0,100.0,0,None
2025-05-06,INV-08,250.0,5.45,54.1,718.9,745.3,1075.2,0.0,100.0,0,None
2025-05-06,INV-09,250.0,5.45,54.1,722.1,760.8,1032.1,0.0,100.0,0,None
2025-05-06,INV-10,250.0,5.45,54.1,729.5,753.4,1071.4,0.0,100.0,0,None
2025-05-06,INV-11,250.0,5.45,54.1,720.4,756.7,1073.0,0.0,100.0,0,None
2025-05-06,INV-12,250.0,5.45,54.1,723.4,750.2,1062.3,0.0,100.0,0,None
2025-05-07,INV-01,250.0,5.79,53.7,722.6,731.4,1152.1,0.0,100.0,0,None
2025-05-07,INV-02,250.0,5.79,53.7,724.0,729.5,1141.8,0.0,100.0,0,None
2025-05-07,INV-03,250.0,5.79,53.7,720.5,760.7,1152.2,0.0,100.0,0,None
2025-05-07,INV-04,250.0,5.79,53.7,728.1,768.0,999.1,0.0,100.0,0,None
2025-05-07,INV-05,250.0,5.79,53.7,722.2,767.3,1105.3,0.0,100.0,0,None
2025-05-07,INV-06,250.0,5.79,53.7,729.7,759.5,1067.9,0.56,94.4,1,Grid trip
2025-05-07,INV-07,250.0,5.79,53.7,719.4,739.1,1125.5,0.0,100.0,0,None
2025-05-07,INV-08,250.0,5.79,53.7,725.6,752.2,1139.5,0.0,100.0,0,None
2025-05-07,INV-09,250.0,5.79,53.7,722.4,752.4,1108.3,0.0,100.0,0,None
2025-05-07,INV-10,250.0,5.79,53.7,721.3,743.2,1130.8,0.0,100.0,0,None
2025-05-07,INV-11,250.0,5.79,53.7,725.1,768.3,1130.8,0.0,100.0,0,None
2025-05-07,INV-12,250.0,5.79,53.7,721.4,769.3,1144.7,0.0,100.0,0,None
2025-05-08,INV-01,250.0,4.86,51.2,730.7,759.9,964.0,0.0,100.0,0,None
2025-05-08,INV-02,250.0,4.86,51.2,726.0,749.2,975.2,0.0,100.0,0,None
2025-05-08,INV-03,250.0,4.86,51.2,726.6,757.3,961.9,0.0,100.0,0,None
2025-05-08,INV-04,250.0,4.86,51.2,728.2,748.5,861.3,0.0,100.0,0,None
2025-05-08,INV-05,250.0,4.86,51.2,727.0,748.7,948.0,0.0,100.0,0,None
2025-05-08,INV-06,250.0,4.86,51.2,723.4,741.7,968.3,0.0,100.0,0,None
2025-05-08,INV-07,250.0,4.86,51.2,727.4,748.8,957.5,0.0,100.0,0,None
2025-05-08,INV-08,250.0,4.86,51.2,731.5,772.3,962.2,0.0,100.0,0,None
2025-05-08,INV-09,250.0,4.86,51.2,723.3,747.4,933.8,0.0,100.0,0,None
2025-05-08,INV-10,250.0,4.86,51.2,726.0,759.7,949.5,0.0,100.0,0,None
2025-05-08,INV-11,250.0,4.86,51.2,722.0,745.3,951.7,0.0,100.0,0,None
2025-05-08,INV-12,250.0,4.86,51.2,731.3,767.3,962.3,0.0,100.0,0,None
2025-05-09,INV-01,250.0,5.09,52.9,724.7,755.8,1019.1,0.0,100.0,0,None
2025-05-09,INV-02,250.0,5.09,52.9,725.0,1026.9,838.7,1.53,84.7,5,DC overvoltage
2025-05-09,INV-03,250.0,5.09,52.9,730.0,775.6,1001.5,0.0,100.0,0,None
2025-05-09,INV-04,250.0,5.09,52.9,722.5,758.6,907.2,0.0,100.0,0,None
2025-05-09,INV-05,250.0,5.09,52.9,721.3,762.4,998.5,0.0,100.0,0,None
2025-05-09,INV-06,250.0,5.09,52.9,722.0,758.2,990.6,0.0,100.0,0,None
2025-05-09,INV-07,250.0,5.09,52.9,723.5,767.1,992.2,0.0,100.0,0,None
2025-05-09,INV-08,250.0,5.09,52.9,723.9,768.7,1004.6,0.0,100.0,0,None
2025-05-09,INV-09,250.0,5.09,52.9,720.9,758.5,962.6,0.0,100.0,0,None
2025-05-09,INV-10,250.0,5.09,52.9,716.1,751.8,989.5,0.0,100.0,0,None
2025-05-09,INV-11,250.0,5.09,52.9,722.0,750.3,994.2,0.0,100.0,0,None
2025-05-09,INV-12,250.0,5.09,52.9,725.7,755.3,1012.0,0.0,100.0,0,None
2025-05-10,INV-01,250.0,4.99,51.7,724.4,754.7,999.1,0.0,100.0,0,None
2025-05-10,INV-02,250.0,4.99,51.7,724.9,760.4,989.8,0.0,100.0,0,None
2025-05-10,INV-03,250.0,4.99,51.7,721.8,760.4,1000.8,0.0,100.0,0,None
2025-05-10,INV-04,250.0,4.99,51.7,722.3,749.8,872.4,0.0,100.0,0,None
2025-05-10,INV-05,250.0,4.99,51.7,728.3,749.9,978.9,0.0,100.0,0,None
2025-05-10,INV-06,250.0,4.99,51.7,722.2,752.8,997.8,0.0,100.0,0,None
2025-05-10,INV-07,250.0,4.99,51.7,729.6,763.4,970.6,0.0,100.0,0,None
2025-05-10,INV-08,250.0,4.99,51.7,724.0,742.3,995.8,0.0,100.0,0,None
2025-05-10,INV-09,250.0,4.99,51.7,721.8,744.7,956.5,0.0,100.0,0,None
2025-05-10,INV-10,250.0,4.99,51.7,724.5,748.8,990.2,0.0,100.0,0,None
2025-05-10,INV-11,250.0,4.99,51.7,728.0,756.3,976.0,0.0,100.0,0,None
2025-05-10,INV-12,250.0,4.99,51.7,725.5,749.4,1002.5,0.0,100.0,0,None
2025-05-11,INV-01,250.0,5.23,54.1,723.9,763.1,1029.2,0.0,100.0,0,None
2025-05-11,INV-02,250.0,5.23,54.1,721.2,733.9,1015.5,0.0,100.0,0,None
2025-05-11,INV-03,250.0,5.23,54.1,728.6,774.8,1023.3,0.0,100.0,0,None
2025-05-11,INV-04,250.0,5.23,54.1,722.2,748.8,915.5,0.0,100.0,0,None
2025-05-11,INV-05,250.0,5.23,54.1,720.3,751.4,1029.1,0.0,100.0,0,None
2025-05-11,INV-06,250.0,5.23,54.1,720.0,754.6,1012.8,0.0,100.0,0,None
2025-05-11,INV-07,250.0,5.23,54.1,717.0,752.8,1032.6,0.0,100.0,0,None
2025-05-11,INV-08,250.0,5.23,54.1,724.1,756.3,1026.6,0.0,100.0,0,None
2025-05-11,INV-09,250.0,5.23,54.1,718.6,756.6,998.1,0.0,100.0,0,None
2025-05-11,INV-10,250.0,5.23,54.1,726.3,760.4,1019.1,0.0,100.0,0,None
2025-05-11,INV-11,250.0,5.23,54.1,716.7,760.8,1029.6,0.0,100.0,0,None
2025-05-11,INV-12,250.0,5.23,54.1,722.4,756.6,1019.1,0.0,100.0,0,None
2025-05-12,INV-01,250.0,4.84,49.3,730.0,759.6,968.3,0.0,100.0,0,None
2025-05-12,INV-02,250.0,4.84,49.3,727.7,749.3,972.8,0.0,100.0,0,None
2025-05-12,INV-03,250.0,4.84,49.3,732.7,749.2,941.2,0.0,100.0,0,None
2025-05-12,INV-04,250.0,4.84,49.3,736.2,772.9,859.5,0.0,100.0,0,None
2025-05-12,INV-05,250.0,4.84,49.3,735.5,761.1,960.4,0.0,100.0,0,None
2025-05-12,INV-06,250.0,4.84,49.3,730.8,763.4,960.9,0.0,100.0,0,None
2025-05-12,INV-07,250.0,4.84,49.3,734.8,774.7,973.7,0.0,100.0,0,None
2025-05-12,INV-08,250.0,4.84,49.3,734.8,754.3,962.3,0.0,100.0,0,None
2025-05-12,INV-09,250.0,4.84,49.3,731.0,760.6,923.6,0.0,100.0,0,None
2025-05-12,INV-10,250.0,4.84,49.3,728.5,757.2,958.0,0.0,100.0,0,None
2025-05-12,INV-11,250.0,4.84,49.3,728.8,761.8,945.2,0.0,100.0,0,None
2025-05-12,INV-12,250.0,4.84,49.3,734.7,774.6,966.8,0.0,100.0,0,None
2025-05-13,INV-01,250.0,5.68,53.1,725.8,751.3,1116.5,0.0,100.0,0,None
2025-05-13,INV-02,250.0,5.68,53.1,722.2,778.5,1097.6,0.0,100.0,0,None
2025-05-13,INV-03,250.0,5.68,53.1,720.5,753.9,1110.5,0.0,100.0,0,None
2025-05-13,INV-04,250.0,5.68,53.1,720.6,739.6,995.9,0.0,100.0,0,None
2025-05-13,INV-05,250.0,5.68,53.1,721.6,758.3,1092.3,0.0,100.0,0,None
2025-05-13,INV-06,250.0,5.68,53.1,723.8,746.5,1104.0,0.0,100.0,0,None
2025-05-13,INV-07,250.0,5.68,53.1,724.3,761.6,1099.0,0.0,100.0,0,None
2025-05-13,INV-08,250.0,5.68,53.1,723.0,751.3,1123.2,0.0,100.0,0,None
2025-05-13,INV-09,250.0,5.68,53.1,722.0,748.5,1066.1,0.0,100.0,0,None
2025-05-13,INV-10,250.0,5.68,53.1,722.3,765.2,1076.3,0.0,100.0,0,None
2025-05-13,INV-11,250.0,5.68,53.1,733.8,768.3,1122.0,0.0,100.0,0,None
2025-05-13,INV-12,250.0,5.68,53.1,720.6,758.4,1109.6,0.0,100.0,0,None
2025-05-14,INV-01,250.0,5.34,50.2,727.7,762.5,1061.1,0.0,100.0,0,None
2025-05-14,INV-02,250.0,5.34,50.2,735.8,760.9,1054.4,0.0,100.0,0,None
2025-05-14,INV-03,250.0,5.34,50.2,735.2,770.9,1059.6,0.0,100.0,0,None
2025-05-14,INV-04,250.0,5.34,50.2,731.4,754.2,944.2,0.0,100.0,0,None
2025-05-14,INV-05,250.0,5.34,50.2,729.2,754.6,1057.4,0.0,100.0,0,None
2025-05-14,INV-06,250.0,5.34,50.2,732.1,757.9,1059.3,0.0,100.0,0,None
2025-05-14,INV-07,250.0,5.34,50.2,729.9,751.4,1060.7,0.0,100.0,0,None
2025-05-14,INV-08,250.0,5.34,50.2,728.9,767.0,1046.2,0.0,100.0,0,None
2025-05-14,INV-09,250.0,5.34,50.2,731.0,753.2,1026.6,0.0,100.0,0,None
2025-05-14,INV-10,250.0,5.34,50.2,727.9,752.3,1038.1,0.0,100.0,0,None
2025-05-14,INV-11,250.0,5.34,50.2,730.7,770.7,1061.4,0.0,100.0,0,None
2025-05-14,INV-12,250.0,5.34,50.2,730.5,755.9,1050.6,0.0,100.0,0,None
2025-05-15,INV-01,250.0,4.83,50.2,729.4,754.0,958.4,0.0,100.0,0,None
2025-05-15,INV-02,250.0,4.83,50.2,732.0,765.0,955.4,0.0,100.0,0,None
2025-05-15,INV-03,250.0,4.83,50.2,728.9,768.3,944.6,0.0,100.0,0,None
2025-05-15,INV-04,250.0,4.83,50.2,726.5,769.9,855.4,0.0,100.0,0,None
2025-05-15,INV-05,250.0,4.83,50.2,730.1,760.5,944.9,0.0,100.0,0,None
2025-05-15,INV-06,250.0,4.83,50.2,724.6,769.3,942.8,0.0,100.0,0,None
2025-05-15,INV-07,250.0,4.83,50.2,731.8,759.5,943.9,0.0,100.0,0,None
2025-05-15,INV-08,250.0,4.83,50.2,725.9,764.7,944.7,0.0,100.0,0,None
2025-05-15,INV-09,250.0,4.83,50.2,733.4,755.8,906.7,0.0,100.0,0,None
2025-05-15,INV-10,250.0,4.83,50.2,728.3,761.7,939.7,0.0,100.0,0,None
2025-05-15,INV-11,250.0,4.83,50.2,733.9,745.2,952.8,0.0,100.0,0,None
2025-05-15,INV-12,250.0,4.83,50.2,725.2,746.2,959.5,0.0,100.0,0,None
2025-05-16,INV-01,250.0,5.04,54.9,722.5,762.5,992.4,0.0,100.0,0,None
2025-05-16,INV-02,250.0,5.04,54.9,722.9,753.2,969.0,0.0,100.0,0,None
2025-05-16,INV-03,250.0,5.04,54.9,714.4,731.9,976.5,0.0,100.0,0,None
2025-05-16,INV-04,250.0,5.04,54.9,722.1,756.4,882.3,0.0,100.0,0,None
2025-05-16,INV-05,250.0,5.04,54.9,716.1,743.0,979.8,0.0,100.0,0,None
2025-05-16,INV-06,250.0,5.04,54.9,717.9,760.2,968.1,0.0,100.0,0,None
2025-05-16,INV-07,250.0,5.04,54.9,728.9,754.0,984.1,0.0,100.0,0,None
2025-05-16,INV-08,250.0,5.04,54.9,719.2,757.6,984.6,0.0,100.0,0,None
2025-05-16,INV-09,250.0,5.04,54.9,717.3,761.5,922.3,0.0,100.0,0,None
2025-05-16,INV-10,250.0,5.04,54.9,724.8,748.0,876.4,0.93,90.7,1,Grid trip
2025-05-16,INV-11,250.0,5.04,54.9,716.4,744.9,1000.3,0.0,100.0,0,None
2025-05-16,INV-12,250.0,5.04,54.9,718.4,751.5,977.9,0.0,100.0,0,None
2025-05-17,INV-01,250.0,5.6,55.3,718.8,758.0,1081.3,0.0,100.0,0,None
2025-05-17,INV-02,250.0,5.6,55.3,715.7,746.3,1090.2,0.0,100.0,0,None
2025-05-17,INV-03,250.0,5.6,55.3,718.4,768.3,1062.9,0.0,100.0,0,None
2025-05-17,INV-04,250.0,5.6,55.3,709.2,736.3,960.1,0.0,100.0,0,None
2025-05-17,INV-05,250.0,5.6,55.3,715.0,760.8,1071.4,0.0,100.0,0,None
2025-05-17,INV-06,250.0,5.6,55.3,725.3,754.1,1069.2,0.0,100.0,0,None
2025-05-17,INV-07,250.0,5.6,55.3,722.8,763.5,1103.5,0.0,100.0,0,None
2025-05-17,INV-08,250.0,5.6,55.3,724.8,768.3,1088.1,0.0,100.0,0,None
2025-05-17,INV-09,250.0,5.6,55.3,725.0,746.9,1028.0,0.0,100.0,0,None
2025-05-17,INV-10,250.0,5.6,55.3,722.2,748.3,1060.8,0.0,100.0,0,None
2025-05-17,INV-11,250.0,5.6,55.3,717.7,739.4,1089.5,0.0,100.0,0,None
2025-05-17,INV-12,250.0,5.6,55.3,715.3,735.5,1066.2,0.0,100.0,1,Comm loss
2025-05-18,INV-01,250.0,5.83,53.3,723.7,738.7,1139.2,0.0,100.0,0,None
2025-05-18,INV-02,250.0,5.83,53.3,721.6,740.8,1141.6,0.0,100.0,0,None
2025-05-18,INV-03,250.0,5.83,53.3,725.2,753.1,1122.8,0.0,100.0,0,None
2025-05-18,INV-04,250.0,5.83,53.3,728.7,758.2,1015.0,0.0,100.0,0,None
2025-05-18,INV-05,250.0,5.83,53.3,725.9,749.6,1121.5,0.0,100.0,0,None
2025-05-18,INV-06,250.0,5.83,53.3,726.1,756.7,1115.0,0.0,100.0,0,None
2025-05-18,INV-07,250.0,5.83,53.3,725.8,752.3,1145.7,0.0,100.0,0,None
2025-05-18,INV-08,250.0,5.83,53.3,717.8,756.5,1134.0,0.0,100.0,0,None
2025-05-18,INV-09,250.0,5.83,53.3,719.8,748.5,1068.5,0.0,100.0,0,None
2025-05-18,INV-10,250.0,5.83,53.3,722.5,758.1,1112.0,0.0,100.0,0,None
2025-05-18,INV-11,250.0,5.83,53.3,720.4,752.1,1156.4,0.0,100.0,0,None
2025-05-18,INV-12,250.0,5.83,53.3,719.1,737.9,1130.2,0.0,100.0,0,None
2025-05-19,INV-01,250.0,5.97,52.5,718.0,752.0,980.8,1.48,85.2,2,Grid trip
2025-05-19,INV-02,250.0,5.97,52.5,719.7,747.1,1159.0,0.0,100.0,1,Comm loss
2025-05-19,INV-03,250.0,5.97,52.5,724.1,752.8,1196.9,0.0,100.0,1,Comm loss
2025-05-19,INV-04,250.0,5.97,52.5,722.0,760.4,1037.0,0.0,100.0,0,None
2025-05-19,INV-05,250.0,5.97,52.5,723.9,748.1,1132.9,0.0,100.0,0,None
2025-05-19,INV-06,250.0,5.97,52.5,720.0,760.8,1152.9,0.0,100.0,0,None
2025-05-19,INV-07,250.0,5.97,52.5,725.9,767.4,1135.7,0.0,100.0,0,None
2025-05-19,INV-08,250.0,5.97,52.5,724.4,760.5,1173.4,0.0,100.0,0,None
2025-05-19,INV-09,250.0,5.97,52.5,727.2,749.4,1107.1,0.0,100.0,0,None
2025-05-19,INV-10,250.0,5.97,52.5,725.8,738.3,1136.1,0.0,100.0,0,None
2025-05-19,INV-11,250.0,5.97,52.5,725.9,764.5,1167.0,0.0,100.0,0,None
2025-05-19,INV-12,250.0,5.97,52.5,719.2,750.1,1170.6,0.0,100.0,0,None
2025-05-20,INV-01,250.0,5.99,50.4,726.0,761.1,1166.5,0.0,100.0,0,None
2025-05-20,INV-02,250.0,5.99,50.4,729.7,751.5,1189.8,0.0,100.0,0,None
2025-05-20,INV-03,250.0,5.99,50.4,731.0,762.4,1156.6,0.0,100.0,0,None
2025-05-20,INV-04,250.0,5.99,50.4,727.6,738.6,1045.7,0.0,100.0,0,None
2025-05-20,INV-05,250.0,5.99,50.4,732.5,758.0,1168.7,0.0,100.0,0,None
2025-05-20,INV-06,250.0,5.99,50.4,729.8,767.5,1187.3,0.0,100.0,0,None
2025-05-20,INV-07,250.0,5.99,50.4,732.3,761.3,1171.9,0.0,100.0,0,None
2025-05-20,INV-08,250.0,5.99,50.4,730.0,760.9,1173.8,0.0,100.0,0,None
2025-05-20,INV-09,250.0,5.99,50.4,730.7,736.6,1104.8,0.0,100.0,0,None
2025-05-20,INV-10,250.0,5.99,50.4,726.7,753.5,1161.1,0.0,100.0,0,None
2025-05-20,INV-11,250.0,5.99,50.4,726.7,759.4,1181.6,0.0,100.0,0,None
2025-05-20,INV-12,250.0,5.99,50.4,734.1,767.8,1064.3,1.0,90.0,2,Grid trip
2025-05-21,INV-01,250.0,5.7,53.6,717.9,751.7,1087.0,0.0,100.0,0,None
2025-05-21,INV-02,250.0,5.7,53.6,724.0,749.8,1118.6,0.0,100.0,0,None
2025-05-21,INV-03,250.0,5.7,53.6,723.4,765.3,1078.2,0.0,100.0,0,None
2025-05-21,INV-04,250.0,5.7,53.6,726.6,752.9,978.6,0.0,100.0,0,None
2025-05-21,INV-05,250.0,5.7,53.6,722.2,755.6,1091.7,0.0,100.0,0,None
2025-05-21,INV-06,250.0,5.7,53.6,725.9,760.7,1100.1,0.0,100.0,0,None
2025-05-21,INV-07,250.0,5.7,53.6,722.1,765.8,1097.9,0.0,100.0,0,None
2025-05-21,INV-08,250.0,5.7,53.6,724.5,752.0,1088.2,0.0,100.0,0,None
2025-05-21,INV-09,250.0,5.7,53.6,716.7,741.5,1026.1,0.0,100.0,0,None
2025-05-21,INV-10,250.0,5.7,53.6,712.2,730.2,1077.5,0.0,100.0,0,None
2025-05-21,INV-11,250.0,5.7,53.6,724.3,766.7,1101.9,0.0,100.0,1,Comm loss
2025-05-21,INV-12,250.0,5.7,53.6,724.5,757.9,1107.7,0.0,100.0,0,None
2025-05-22,INV-01,250.0,5.12,57.2,717.2,752.4,977.4,0.0,100.0,0,None
2025-05-22,INV-02,250.0,5.12,57.2,717.3,742.9,988.4,0.0,100.0,0,None
2025-05-22,INV-03,250.0,5.12,57.2,713.2,746.9,979.9,0.0,100.0,0,None
2025-05-22,INV-04,250.0,5.12,57.2,712.4,742.3,873.0,0.0,100.0,0,None
2025-05-22,INV-05,250.0,5.12,57.2,714.3,742.7,972.8,0.0,100.0,0,None
2025-05-22,INV-06,250.0,5.12,57.2,713.7,742.9,972.4,0.0,100.0,0,None
2025-05-22,INV-07,250.0,5.12,57.2,709.8,739.7,985.2,0.0,100.0,0,None
2025-05-22,INV-08,250.0,5.12,57.2,713.1,753.8,988.5,0.0,100.0,0,None
2025-05-22,INV-09,250.0,5.12,57.2,716.7,746.6,914.5,0.0,100.0,0,None
2025-05-22,INV-10,250.0,5.12,57.2,720.7,759.4,958.6,0.0,100.0,0,None
2025-05-22,INV-11,250.0,5.12,57.2,717.9,755.4,997.9,0.0,100.0,0,None
2025-05-22,INV-12,250.0,5.12,57.2,705.3,740.6,965.7,0.0,100.0,0,None
2025-05-23,INV-01,250.0,4.64,53.5,718.4,759.4,889.7,0.0,100.0,0,None
2025-05-23,INV-02,250.0,4.64,53.5,730.5,766.5,902.7,0.0,100.0,0,None
2025-05-23,INV-03,250.0,4.64,53.5,723.0,750.9,887.5,0.0,100.0,0,None
2025-05-23,INV-04,250.0,4.64,53.5,722.8,751.4,797.6,0.0,100.0,0,None
2025-05-23,INV-05,250.0,4.64,53.5,721.5,754.1,896.8,0.0,100.0,0,None
2025-05-23,INV-06,250.0,4.64,53.5,727.8,751.2,895.6,0.0,100.0,0,None
2025-05-23,INV-07,250.0,4.64,53.5,721.0,751.0,887.1,0.0,100.0,0,None
2025-05-23,INV-08,250.0,4.64,53.5,716.9,749.4,910.5,0.0,100.0,0,None
2025-05-23,INV-09,250.0,4.64,53.5,720.4,736.9,837.7,0.0,100.0,0,None
2025-05-23,INV-10,250.0,4.64,53.5,728.4,756.9,879.1,0.0,100.0,0,None
2025-05-23,INV-11,250.0,4.64,53.5,726.4,754.0,911.1,0.0,100.0,0,None
2025-05-23,INV-12,250.0,4.64,53.5,722.1,760.3,890.8,0.0,100.0,0,None
2025-05-24,INV-01,250.0,5.67,53.8,720.2,744.7,1088.4,0.0,100.0,0,None
2025-05-24,INV-02,250.0,5.67,53.8,718.0,755.4,1104.4,0.0,100.0,0,None
2025-05-24,INV-03,250.0,5.67,53.8,720.8,767.9,1105.4,0.0,100.0,0,None
2025-05-24,INV-04,250.0,5.67,53.8,722.5,754.2,953.0,0.0,100.0,0,None
2025-05-24,INV-05,250.0,5.67,53.8,723.3,763.2,1096.0,0.0,100.0,0,None
2025-05-24,INV-06,250.0,5.67,53.8,719.2,757.5,1085.7,0.0,100.0,0,None
2025-05-24,INV-07,250.0,5.67,53.8,726.0,751.2,1075.4,0.0,100.0,0,None
2025-05-24,INV-08,250.0,5.67,53.8,719.9,750.1,1066.1,0.0,100.0,0,None
2025-05-24,INV-09,250.0,5.67,53.8,718.9,738.7,1001.6,0.0,100.0,0,None
2025-05-24,INV-10,250.0,5.67,53.8,720.2,748.6,1075.7,0.0,100.0,0,None
2025-05-24,INV-11,250.0,5.67,53.8,726.7,751.7,1100.3,0.0,100.0,0,None
2025-05-24,INV-12,250.0,5.67,53.8,721.9,748.7,1092.5,0.0,100.0,0,None
2025-05-25,INV-01,250.0,5.22,54.6,719.5,740.2,1001.8,0.0,100.0,0,None
2025-05-25,INV-02,250.0,5.22,54.6,721.1,761.5,997.1,0.0,100.0,0,None
2025-05-25,INV-03,250.0,5.22,54.6,719.1,758.0,1008.8,0.0,100.0,0,None
2025-05-25,INV-04,250.0,5.22,54.6,727.7,756.9,900.7,0.0,100.0,0,None
2025-05-25,INV-05,250.0,5.22,54.6,716.1,734.9,1000.4,0.0,100.0,0,None
2025-05-25,INV-06,250.0,5.22,54.6,718.5,738.0,990.8,0.0,100.0,0,None
2025-05-25,INV-07,250.0,5.22,54.6,717.1,748.5,1017.0,0.0,100.0,0,None
2025-05-25,INV-08,250.0,5.22,54.6,718.5,752.9,1003.1,0.0,100.0,0,None
2025-05-25,INV-09,250.0,5.22,54.6,724.8,738.3,936.4,0.0,100.0,0,None
2025-05-25,INV-10,250.0,5.22,54.6,726.6,754.1,981.6,0.0,100.0,0,None
2025-05-25,INV-11,250.0,5.22,54.6,717.9,760.9,1007.6,0.0,100.0,0,None
2025-05-25,INV-12,250.0,5.22,54.6,717.8,746.1,971.0,0.0,100.0,0,None
2025-05-26,INV-01,250.0,5.4,52.0,726.0,755.7,1056.6,0.0,100.0,0,None
2025-05-26,INV-02,250.0,5.4,52.0,727.3,761.7,1031.4,0.0,100.0,0,None
2025-05-26,INV-03,250.0,5.4,52.0,724.9,743.3,1049.6,0.0,100.0,0,None
2025-05-26,INV-04,250.0,5.4,52.0,728.1,760.1,909.2,0.0,100.0,0,None
2025-05-26,INV-05,250.0,5.4,52.0,726.9,756.4,1031.5,0.0,100.0,0,None
2025-05-26,INV-06,250.0,5.4,52.0,723.9,763.7,1049.1,0.0,100.0,0,None
2025-05-26,INV-07,250.0,5.4,52.0,718.3,744.0,1055.6,0.0,100.0,0,None
2025-05-26,INV-08,250.0,5.4,52.0,726.6,754.6,1038.5,0.0,100.0,0,None
2025-05-26,INV-09,250.0,5.4,52.0,722.2,760.7,957.0,0.0,100.0,0,None
2025-05-26,INV-10,250.0,5.4,52.0,723.7,753.0,1022.6,0.0,100.0,0,None
2025-05-26,INV-11,250.0,5.4,52.0,727.9,749.1,1056.1,0.0,100.0,0,None
2025-05-26,INV-12,250.0,5.4,52.0,731.7,782.1,895.6,1.19,88.1,2,Grid trip
2025-05-27,INV-01,250.0,5.33,53.8,726.2,762.0,1024.2,0.0,100.0,0,None
2025-05-27,INV-02,250.0,5.33,53.8,721.8,746.7,1025.5,0.0,100.0,0,None
2025-05-27,INV-03,250.0,5.33,53.8,716.8,724.8,1006.2,0.0,100.0,0,None
2025-05-27,INV-04,250.0,5.33,53.8,716.9,752.1,910.1,0.0,100.0,0,None
2025-05-27,INV-05,250.0,5.33,53.8,725.8,747.5,1006.6,0.0,100.0,1,Comm loss
2025-05-27,INV-06,250.0,5.33,53.8,717.3,751.0,1029.2,0.0,100.0,0,None
2025-05-27,INV-07,250.0,5.33,53.8,723.9,765.1,1013.9,0.0,100.0,0,None
2025-05-27,INV-08,250.0,5.33,53.8,722.8,752.9,1023.4,0.0,100.0,0,None
2025-05-27,INV-09,250.0,5.33,53.8,723.9,761.8,936.1,0.0,100.0,0,None
2025-05-27,INV-10,250.0,5.33,53.8,724.2,755.5,1021.7,0.0,100.0,0,None
2025-05-27,INV-11,250.0,5.33,53.8,718.6,761.3,1022.2,0.0,100.0,0,None
2025-05-27,INV-12,250.0,5.33,53.8,718.4,740.0,1020.5,0.0,100.0,0,None
2025-05-28,INV-01,250.0,5.54,54.8,722.7,744.3,1076.3,0.0,100.0,0,None
2025-05-28,INV-02,250.0,5.54,54.8,722.8,744.6,1068.5,0.0,100.0,0,None
2025-05-28,INV-03,250.0,5.54,54.8,725.3,752.4,1054.3,0.0,100.0,0,None
2025-05-28,INV-04,250.0,5.54,54.8,728.8,748.9,942.4,0.0,100.0,0,None
2025-05-28,INV-05,250.0,5.54,54.8,713.5,743.1,1019.7,0.0,100.0,0,None
2025-05-28,INV-06,250.0,5.54,54.8,718.8,747.4,1049.7,0.0,100.0,0,None
2025-05-28,INV-07,250.0,5.54,54.8,717.3,741.0,1053.1,0.0,100.0,0,None
2025-05-28,INV-08,250.0,5.54,54.8,721.0,758.0,1074.2,0.0,100.0,0,None
2025-05-28,INV-09,250.0,5.54,54.8,720.4,749.9,983.8,0.0,100.0,0,None
2025-05-28,INV-10,250.0,5.54,54.8,719.4,757.9,1047.5,0.0,100.0,0,None
2025-05-28,INV-11,250.0,5.54,54.8,724.4,752.9,1070.6,0.0,100.0,0,None
2025-05-28,INV-12,250.0,5.54,54.8,715.9,745.7,1033.1,0.0,100.0,0,None
2025-05-29,INV-01,250.0,6.06,55.5,718.1,752.8,1152.0,0.0,100.0,0,None
2025-05-29,INV-02,250.0,6.06,55.5,727.1,755.0,1146.2,0.0,100.0,0,None
2025-05-29,INV-03,250.0,6.06,55.5,716.8,745.5,1136.2,0.0,100.0,0,None
2025-05-29,INV-04,250.0,6.06,55.5,722.3,738.8,1033.6,0.0,100.0,0,None
2025-05-29,INV-05,250.0,6.06,55.5,723.3,744.5,1138.5,0.0,100.0,0,None
2025-05-29,INV-06,250.0,6.06,55.5,716.9,743.0,1141.0,0.0,100.0,0,None
2025-05-29,INV-07,250.0,6.06,55.5,716.0,740.6,1152.5,0.0,100.0,0,None
2025-05-29,INV-08,250.0,6.06,55.5,721.9,752.8,1153.8,0.0,100.0,0,None
2025-05-29,INV-09,250.0,6.06,55.5,721.2,755.9,1076.7,0.0,100.0,0,None
2025-05-29,INV-10,250.0,6.06,55.5,713.3,761.4,1043.5,0.74,92.6,1,Grid trip
2025-05-29,INV-11,250.0,6.06,55.5,714.4,744.3,1147.6,0.0,100.0,0,None
2025-05-29,INV-12,250.0,6.06,55.5,708.8,747.7,1152.1,0.0,100.0,0,None
2025-05-30,INV-01,250.0,5.68,56.3,719.9,755.3,1128.0,0.0,100.0,0,None
2025-05-30,INV-02,250.0,5.68,56.3,717.6,746.1,1105.1,0.0,100.0,0,None
2025-05-30,INV-03,250.0,5.68,56.3,715.8,728.3,1110.5,0.0,100.0,0,None
2025-05-30,INV-04,250.0,5.68,56.3,722.6,740.3,1003.9,0.0,100.0,0,None
2025-05-30,INV-05,250.0,5.68,56.3,711.8,758.2,1121.3,0.0,100.0,0,None
2025-05-30,INV-06,250.0,5.68,56.3,724.1,745.3,1122.4,0.0,100.0,0,None
2025-05-30,INV-07,250.0,5.68,56.3,717.4,758.8,1117.0,0.0,100.0,0,None
2025-05-30,INV-08,250.0,5.68,56.3,718.7,741.3,1124.1,0.0,100.0,0,None
2025-05-30,INV-09,250.0,5.68,56.3,715.9,744.4,,0.0,100.0,0,None
2025-05-30,INV-10,250.0,5.68,56.3,710.8,745.8,1100.0,0.0,100.0,0,None
2025-05-30,INV-11,250.0,5.68,56.3,716.9,740.4,1117.9,0.0,100.0,0,None
2025-05-30,INV-12,250.0,5.68,56.3,718.8,761.6,1104.6,0.0,100.0,0,None
2025-05-31,INV-01,250.0,5.55,55.4,716.8,747.6,1093.5,0.0,100.0,0,None
2025-05-31,INV-02,250.0,5.55,55.4,717.1,740.8,1081.7,0.0,100.0,0,None
2025-05-31,INV-03,250.0,5.55,55.4,727.3,755.8,1097.7,0.0,100.0,0,None
2025-05-31,INV-04,250.0,5.55,55.4,713.8,730.4,981.4,0.0,100.0,0,None
2025-05-31,INV-05,250.0,5.55,55.4,720.8,754.1,1090.9,0.0,100.0,0,None
2025-05-31,INV-06,250.0,5.55,55.4,720.1,736.6,1090.4,0.0,100.0,0,None
2025-05-31,INV-07,250.0,5.55,55.4,720.5,751.7,1094.4,0.0,100.0,0,None
2025-05-31,INV-08,250.0,5.55,55.4,724.1,744.3,1091.7,0.0,100.0,0,None
2025-05-31,INV-09,250.0,5.55,55.4,724.0,747.2,1078.7,0.0,100.0,0,None
2025-05-31,INV-10,250.0,5.55,55.4,717.3,756.6,1068.7,0.0,100.0,0,None
2025-05-31,INV-11,250.0,5.55,55.4,719.9,754.6,1126.2,0.0,100.0,0,None
2025-05-31,INV-12,250.0,5.55,55.4,711.7,750.9,1082.1,0.0,100.0,0,None
2025-06-01,INV-01,250.0,5.19,55.3,722.3,749.8,1025.7,0.0,100.0,0,None
2025-06-01,INV-02,250.0,5.19,55.3,711.0,742.0,1021.4,0.0,100.0,0,None
2025-06-01,INV-03,250.0,5.19,55.3,717.2,742.2,1026.0,0.0,100.0,0,None
2025-06-01,INV-04,250.0,5.19,55.3,720.8,760.9,915.9,0.0,100.0,0,None
2025-06-01,INV-05,250.0,5.19,55.3,707.7,749.9,1026.7,0.0,100.0,0,None
2025-06-01,INV-06,250.0,5.19,55.3,715.4,756.4,1001.4,0.0,100.0,0,None
2025-06-01,INV-07,250.0,5.19,55.3,723.7,750.4,1020.7,0.0,100.0,0,None
2025-06-01,INV-08,250.0,5.19,55.3,723.3,745.7,1008.3,0.0,100.0,0,None
2025-06-01,INV-09,250.0,5.19,55.3,720.8,761.0,1005.4,0.0,100.0,0,None
2025-06-01,INV-10,250.0,5.19,55.3,722.8,757.2,1020.0,0.0,100.0,0,None
2025-06-01,INV-11,250.0,5.19,55.3,720.2,752.8,1018.8,0.0,100.0,0,None
2025-06-01,INV-12,250.0,5.19,55.3,721.5,746.5,1024.9,0.0,100.0,0,None
2025-06-02,INV-01,250.0,4.92,52.9,729.0,749.4,982.0,0.0,100.0,0,None
2025-06-02,INV-02,250.0,4.92,52.9,740.3,781.0,998.4,0.0,100.0,0,None
2025-06-02,INV-03,250.0,4.92,52.9,726.9,756.6,968.8,0.0,100.0,0,None
2025-06-02,INV-04,250.0,4.92,52.9,724.6,740.8,865.4,0.0,100.0,0,None
2025-06-02,INV-05,250.0,4.92,52.9,719.0,754.7,985.3,0.0,100.0,0,None
2025-06-02,INV-06,250.0,4.92,52.9,721.6,759.8,961.8,0.0,100.0,0,None
2025-06-02,INV-07,250.0,4.92,52.9,723.3,733.9,975.6,0.0,100.0,0,None
2025-06-02,INV-08,250.0,4.92,52.9,722.0,745.4,977.4,0.0,100.0,0,None
2025-06-02,INV-09,250.0,4.92,52.9,724.1,753.2,966.6,0.0,100.0,0,None
2025-06-02,INV-10,250.0,4.92,52.9,731.3,767.2,965.8,0.0,100.0,0,None
2025-06-02,INV-11,250.0,4.92,52.9,729.2,755.0,983.7,0.0,100.0,0,None
2025-06-02,INV-12,250.0,4.92,52.9,723.5,746.9,974.6,0.0,100.0,0,None
2025-06-03,INV-01,250.0,5.43,56.2,719.4,752.5,1076.9,0.0,100.0,0,None
2025-06-03,INV-02,250.0,5.43,56.2,723.6,752.2,1075.8,0.0,100.0,0,None
2025-06-03,INV-03,250.0,5.43,56.2,719.8,743.9,1072.4,0.0,100.0,0,None
2025-06-03,INV-04,250.0,5.43,56.2,721.8,760.6,945.5,0.0,100.0,0,None
2025-06-03,INV-05,250.0,5.43,56.2,719.5,752.3,1051.4,0.0,100.0,0,None
2025-06-03,INV-06,250.0,5.43,56.2,721.5,743.3,1058.2,0.0,100.0,0,None
2025-06-03,INV-07,250.0,5.43,56.2,712.4,740.9,1051.3,0.0,100.0,0,None
2025-06-03,INV-08,250.0,5.43,56.2,717.1,733.1,1055.5,0.0,100.0,0,None
2025-06-03,INV-09,250.0,5.43,56.2,717.4,747.7,1046.6,0.0,100.0,0,None
2025-06-03,INV-10,250.0,5.43,56.2,716.6,745.0,1052.6,0.0,100.0,0,None
2025-06-03,INV-11,250.0,5.43,56.2,719.3,744.7,1055.9,0.0,100.0,0,None
2025-06-03,INV-12,250.0,5.43,56.2,720.1,762.8,1072.9,0.0,100.0,0,None
2025-06-04,INV-01,250.0,5.63,57.7,721.6,743.4,1099.1,0.0,100.0,0,None
2025-06-04,INV-02,250.0,5.63,57.7,710.3,740.7,1078.6,0.0,100.0,0,None
2025-06-04,INV-03,250.0,5.63,57.7,717.2,750.2,1085.7,0.0,100.0,0,None
2025-06-04,INV-04,250.0,5.63,57.7,715.4,731.8,977.2,0.0,100.0,0,None
2025-06-04,INV-05,250.0,5.63,57.7,717.0,751.0,1087.4,0.0,100.0,0,None
2025-06-04,INV-06,250.0,5.63,57.7,721.4,744.9,1110.2,0.0,100.0,0,None
2025-06-04,INV-07,250.0,5.63,57.7,716.8,757.1,1097.8,0.0,100.0,0,None
2025-06-04,INV-08,250.0,5.63,57.7,712.4,739.5,1078.3,0.0,100.0,0,None
2025-06-04,INV-09,250.0,5.63,57.7,719.0,740.0,1071.1,0.0,100.0,0,None
2025-06-04,INV-10,250.0,5.63,57.7,712.1,742.7,1081.2,0.0,100.0,0,None
2025-06-04,INV-11,250.0,5.63,57.7,715.3,737.9,1096.0,0.0,100.0,0,None
2025-06-04,INV-12,250.0,5.63,57.7,709.4,749.6,1081.9,0.0,100.0,0,None
2025-06-05,INV-01,250.0,6.15,54.7,719.9,751.7,1197.0,0.0,100.0,0,None
2025-06-05,INV-02,250.0,6.15,54.7,719.3,740.2,1227.7,0.0,100.0,0,None
2025-06-05,INV-03,250.0,6.15,54.7,718.8,759.3,1217.9,0.0,100.0,0,None
2025-06-05,INV-04,250.0,6.15,54.7,721.4,752.9,1075.9,0.0,100.0,0,None
2025-06-05,INV-05,250.0,6.15,54.7,722.2,746.8,1209.5,0.0,100.0,0,None
2025-06-05,INV-06,250.0,6.15,54.7,721.3,750.0,1187.2,0.0,100.0,0,None
2025-06-05,INV-07,250.0,6.15,54.7,715.8,741.6,1201.2,0.0,100.0,0,None
2025-06-05,INV-08,250.0,6.15,54.7,716.5,757.0,1211.6,0.0,100.0,0,None
2025-06-05,INV-09,250.0,6.15,54.7,722.1,750.5,1180.2,0.0,100.0,0,None
2025-06-05,INV-10,250.0,6.15,54.7,726.4,757.6,1186.2,0.0,100.0,0,None
2025-06-05,INV-11,250.0,6.15,54.7,721.1,755.7,1214.9,0.0,100.0,0,None
2025-06-05,INV-12,250.0,6.15,54.7,718.9,742.9,1209.7,0.0,100.0,0,None
2025-06-06,INV-01,250.0,5.72,54.2,720.2,755.0,1130.2,0.0,100.0,0,None
2025-06-06,INV-02,250.0,5.72,54.2,720.9,743.9,1128.7,0.0,100.0,0,None
2025-06-06,INV-03,250.0,5.72,54.2,724.6,754.0,1154.7,0.0,100.0,0,None
2025-06-06,INV-04,250.0,5.72,54.2,725.0,752.9,1011.9,0.0,100.0,0,None
2025-06-06,INV-05,250.0,5.72,54.2,717.6,743.5,1131.9,0.0,100.0,0,None
2025-06-06,INV-06,250.0,5.72,54.2,724.7,751.2,1117.0,0.0,100.0,0,None
2025-06-06,INV-07,250.0,5.72,54.2,719.1,757.9,1114.8,0.0,100.0,0,None
2025-06-06,INV-08,250.0,5.72,54.2,723.5,748.7,1123.5,0.0,100.0,0,None
2025-06-06,INV-09,250.0,5.72,54.2,720.9,755.4,1099.1,0.0,100.0,0,None
2025-06-06,INV-10,250.0,5.72,54.2,727.9,760.4,1110.0,0.0,100.0,0,None
2025-06-06,INV-11,250.0,5.72,54.2,720.0,738.8,1133.1,0.0,100.0,0,None
2025-06-06,INV-12,250.0,5.72,54.2,722.4,756.5,1122.5,0.0,100.0,0,None
2025-06-07,INV-01,250.0,6.09,58.2,708.9,729.1,1202.0,0.0,100.0,0,None
2025-06-07,INV-02,250.0,6.09,58.2,722.6,747.9,1183.4,0.0,100.0,0,None
2025-06-07,INV-03,250.0,6.09,58.2,722.6,738.0,1185.1,0.0,100.0,0,None
2025-06-07,INV-04,250.0,6.09,58.2,720.2,757.7,1051.6,0.0,100.0,0,None
2025-06-07,INV-05,250.0,6.09,58.2,718.7,735.9,1150.0,0.0,100.0,0,None
2025-06-07,INV-06,250.0,6.09,58.2,713.3,745.6,1181.3,0.0,100.0,0,None
2025-06-07,INV-07,250.0,6.09,58.2,718.3,741.5,1172.7,0.0,100.0,0,None
2025-06-07,INV-08,250.0,6.09,58.2,713.2,731.8,1187.0,0.0,100.0,0,None
2025-06-07,INV-09,250.0,6.09,58.2,707.4,739.3,1137.7,0.0,100.0,0,None
2025-06-07,INV-10,250.0,6.09,58.2,719.6,747.0,1160.7,0.0,100.0,0,None
2025-06-07,INV-11,250.0,6.09,58.2,718.1,754.8,1173.0,0.0,100.0,0,None
2025-06-07,INV-12,250.0,6.09,58.2,713.5,733.4,1187.8,0.0,100.0,0,None
2025-06-08,INV-01,250.0,5.46,54.8,718.4,759.0,1068.4,0.0,100.0,0,None
2025-06-08,INV-02,250.0,5.46,54.8,720.4,747.5,1061.6,0.0,100.0,0,None
2025-06-08,INV-03,250.0,5.46,54.8,728.0,752.1,1061.4,0.0,100.0,0,None
2025-06-08,INV-04,250.0,5.46,54.8,712.5,740.7,957.4,0.0,100.0,0,None
2025-06-08,INV-05,250.0,5.46,54.8,719.9,740.6,1051.6,0.0,100.0,0,None
2025-06-08,INV-06,250.0,5.46,54.8,726.1,760.0,1068.5,0.0,100.0,0,None
2025-06-08,INV-07,250.0,5.46,54.8,717.2,744.1,1064.3,0.0,100.0,0,None
2025-06-08,INV-08,250.0,5.46,54.8,719.5,744.1,1071.9,0.0,100.0,0,None
2025-06-08,INV-09,250.0,5.46,54.8,721.6,755.6,1045.6,0.0,100.0,0,None
2025-06-08,INV-10,250.0,5.46,54.8,721.0,741.9,1048.1,0.0,100.0,0,None
2025-06-08,INV-11,250.0,5.46,54.8,726.6,762.7,1081.9,0.0,100.0,0,None
2025-06-08,INV-12,250.0,5.46,54.8,722.1,748.3,1048.1,0.0,100.0,0,None
2025-06-09,INV-01,250.0,5.17,56.8,716.2,752.2,995.0,0.0,100.0,0,None
2025-06-09,INV-02,250.0,5.17,56.8,718.6,739.7,993.0,0.0,100.0,0,None
2025-06-09,INV-03,250.0,5.17,56.8,716.6,754.5,1007.7,0.0,100.0,0,None
2025-06-09,INV-04,250.0,5.17,56.8,716.9,746.2,892.8,0.0,100.0,0,None
2025-06-09,INV-05,250.0,5.17,56.8,723.3,745.4,1005.4,0.0,100.0,0,None
2025-06-09,INV-06,250.0,5.17,56.8,721.3,761.9,996.2,0.0,100.0,0,None
2025-06-09,INV-07,250.0,5.17,56.8,716.8,758.5,1013.7,0.0,100.0,0,None
2025-06-09,INV-08,250.0,5.17,56.8,717.3,749.4,1009.0,0.0,100.0,0,None
2025-06-09,INV-09,250.0,5.17,56.8,713.6,749.3,968.1,0.0,100.0,0,None
2025-06-09,INV-10,250.0,5.17,56.8,715.8,751.9,981.5,0.0,100.0,0,None
2025-06-09,INV-11,250.0,5.17,56.8,717.7,758.9,1008.5,0.0,100.0,0,None
2025-06-09,INV-12,250.0,5.17,56.8,719.9,755.7,1012.9,0.0,100.0,0,None
2025-06-10,INV-01,250.0,5.27,54.2,722.8,753.5,1025.8,0.0,100.0,0,None
2025-06-10,INV-02,250.0,5.27,54.2,727.6,767.8,1032.3,0.0,100.0,0,None
2025-06-10,INV-03,250.0,5.27,54.2,722.4,751.5,1015.5,0.0,100.0,0,None
2025-06-10,INV-04,250.0,5.27,54.2,715.1,742.3,918.3,0.0,100.0,0,None
2025-06-10,INV-05,250.0,5.27,54.2,722.4,747.0,1031.1,0.0,100.0,0,None
2025-06-10,INV-06,250.0,5.27,54.2,729.8,745.2,1032.2,0.0,100.0,0,None
2025-06-10,INV-07,250.0,5.27,54.2,716.4,748.6,1023.7,0.0,100.0,0,None
2025-06-10,INV-08,250.0,5.27,54.2,721.7,768.1,1021.2,0.0,100.0,0,None
2025-06-10,INV-09,250.0,5.27,54.2,720.7,754.3,990.3,0.0,100.0,0,None
2025-06-10,INV-10,250.0,5.27,54.2,722.0,757.5,1018.7,0.0,100.0,0,None
2025-06-10,INV-11,250.0,5.27,54.2,722.4,749.1,1038.9,0.0,100.0,0,None
2025-06-10,INV-12,250.0,5.27,54.2,726.1,754.2,1023.5,0.0,100.0,0,None
2025-06-11,INV-01,250.0,5.37,57.3,713.3,745.6,1038.4,0.0,100.0,0,None
2025-06-11,INV-02,250.0,5.37,57.3,711.8,743.3,1035.2,0.0,100.0,0,None
2025-06-11,INV-03,250.0,5.37,57.3,715.4,746.2,1024.4,0.0,100.0,0,None
2025-06-11,INV-04,250.0,5.37,57.3,713.7,739.1,923.5,0.0,100.0,0,None
2025-06-11,INV-05,250.0,5.37,57.3,721.7,754.3,1027.3,0.0,100.0,0,None
2025-06-11,INV-06,250.0,5.37,57.3,714.2,760.4,1026.7,0.0,100.0,0,None
2025-06-11,INV-07,250.0,5.37,57.3,715.3,754.9,1048.8,0.0,100.0,0,None
2025-06-11,INV-08,250.0,5.37,57.3,725.4,757.8,1020.9,0.0,100.0,0,None
2025-06-11,INV-09,250.0,5.37,57.3,714.7,751.5,975.0,0.0,100.0,0,None
2025-06-11,INV-10,250.0,5.37,57.3,717.7,740.7,1020.3,0.0,100.0,0,None
2025-06-11,INV-11,250.0,5.37,57.3,718.1,746.0,1043.2,0.0,100.0,0,None
2025-06-11,INV-12,250.0,5.37,57.3,718.4,756.0,1039.8,0.0,100.0,0,None
2025-06-12,INV-01,250.0,6.18,56.7,712.7,728.3,1193.0,0.0,100.0,0,None
2025-06-12,INV-02,250.0,6.18,56.7,713.7,746.1,1208.1,0.0,100.0,0,None
2025-06-12,INV-03,250.0,6.18,56.7,712.3,734.4,1192.9,0.0,100.0,0,None
2025-06-12,INV-04,250.0,6.18,56.7,718.4,738.9,1062.7,0.0,100.0,0,None
2025-06-12,INV-05,250.0,6.18,56.7,708.7,737.8,1199.2,0.0,100.0,0,None
2025-06-12,INV-06,250.0,6.18,56.7,712.6,752.4,1203.5,0.0,100.0,0,None
2025-06-12,INV-07,250.0,6.18,56.7,709.1,743.9,1192.2,0.0,100.0,0,None
2025-06-12,INV-08,250.0,6.18,56.7,718.3,742.6,1202.0,0.0,100.0,0,None
2025-06-12,INV-09,250.0,6.18,56.7,709.4,745.0,1129.6,0.0,100.0,0,None
2025-06-12,INV-10,250.0,6.18,56.7,716.7,728.8,1165.2,0.0,100.0,0,None
2025-06-12,INV-11,250.0,6.18,56.7,723.2,747.1,1202.7,0.0,100.0,0,None
2025-06-12,INV-12,250.0,6.18,56.7,723.3,746.7,1193.2,0.0,100.0,0,None
2025-06-13,INV-01,250.0,5.34,55.5,718.5,747.1,1049.3,0.0,100.0,0,None
2025-06-13,INV-02,250.0,5.34,55.5,705.0,746.2,1025.8,0.0,100.0,0,None
2025-06-13,INV-03,250.0,5.34,55.5,719.3,750.8,1053.2,0.0,100.0,0,None
2025-06-13,INV-04,250.0,5.34,55.5,719.2,761.1,912.4,0.0,100.0,0,None
2025-06-13,INV-05,250.0,5.34,55.5,723.2,747.2,1024.3,0.0,100.0,0,None
2025-06-13,INV-06,250.0,5.34,55.5,724.3,762.7,1021.1,0.0,100.0,0,None
2025-06-13,INV-07,250.0,5.34,55.5,718.3,743.1,1060.0,0.0,100.0,0,None
2025-06-13,INV-08,250.0,5.34,55.5,722.3,754.1,1033.8,0.0,100.0,0,None
2025-06-13,INV-09,250.0,5.34,55.5,714.7,746.4,983.0,0.0,100.0,1,Comm loss
2025-06-13,INV-10,250.0,5.34,55.5,722.2,757.4,1014.6,0.0,100.0,0,None
2025-06-13,INV-11,250.0,5.34,55.5,716.8,748.8,1041.6,0.0,100.0,0,None
2025-06-13,INV-12,250.0,5.34,55.5,714.3,738.4,1029.3,0.0,100.0,0,None
2025-06-14,INV-01,250.0,6.06,58.7,715.1,722.3,1161.8,0.0,100.0,0,None
2025-06-14,INV-02,250.0,6.06,58.7,702.2,729.6,1147.4,0.0,100.0,0,None
2025-06-14,INV-03,250.0,6.06,58.7,711.7,730.9,1144.4,0.0,100.0,0,None
2025-06-14,INV-04,250.0,6.06,58.7,714.7,746.5,1036.6,0.0,100.0,0,None
2025-06-14,INV-05,250.0,6.06,58.7,711.0,742.2,1137.4,0.0,100.0,0,None
2025-06-14,INV-06,250.0,6.06,58.7,712.8,748.4,1136.0,0.0,100.0,0,None
2025-06-14,INV-07,250.0,6.06,58.7,715.6,756.8,1168.9,0.0,100.0,0,None
2025-06-14,INV-08,250.0,6.06,58.7,713.0,742.8,1171.5,0.0,100.0,0,None
2025-06-14,INV-09,250.0,6.06,58.7,718.7,766.9,1099.3,0.0,100.0,0,None
2025-06-14,INV-10,250.0,6.06,58.7,717.2,749.0,1143.6,0.0,100.0,0,None
2025-06-14,INV-11,250.0,6.06,58.7,712.2,731.7,1167.5,0.0,100.0,0,None
2025-06-14,INV-12,250.0,6.06,58.7,711.9,737.4,1162.7,0.0,100.0,0,None
2025-06-15,INV-01,250.0,5.31,54.5,725.7,763.3,1018.7,0.0,100.0,0,None
2025-06-15,INV-02,250.0,5.31,54.5,721.3,757.0,1020.9,0.0,100.0,0,None
2025-06-15,INV-03,250.0,5.31,54.5,718.0,758.5,1030.0,0.0,100.0,0,None
2025-06-15,INV-04,250.0,5.31,54.5,725.9,750.6,931.4,0.0,100.0,0,None
2025-06-15,INV-05,250.0,5.31,54.5,718.6,751.2,1016.3,0.0,100.0,0,None
2025-06-15,INV-06,250.0,5.31,54.5,726.7,747.2,1021.2,0.0,100.0,0,None
2025-06-15,INV-07,250.0,5.31,54.5,726.6,761.9,1030.6,0.0,100.0,0,None
2025-06-15,INV-08,250.0,5.31,54.5,721.2,751.0,1040.7,0.0,100.0,0,None
2025-06-15,INV-09,250.0,5.31,54.5,715.0,747.2,974.0,0.0,100.0,0,None
2025-06-15,INV-10,250.0,5.31,54.5,730.1,759.0,1008.5,0.0,100.0,0,None
2025-06-15,INV-11,250.0,5.31,54.5,722.5,750.5,1022.5,0.0,100.0,0,None
2025-06-15,INV-12,250.0,5.31,54.5,719.7,742.7,1021.3,0.0,100.0,0,None
2025-06-16,INV-01,250.0,6.1,55.0,725.6,754.0,1184.3,0.0,100.0,0,None
2025-06-16,INV-02,250.0,6.1,55.0,720.1,738.2,1159.4,0.0,100.0,0,None
2025-06-16,INV-03,250.0,6.1,55.0,724.3,740.9,1159.2,0.0,100.0,0,None
2025-06-16,INV-04,250.0,6.1,55.0,717.2,733.4,1054.9,0.0,100.0,0,None
2025-06-16,INV-05,250.0,6.1,55.0,725.6,760.5,1195.0,0.0,100.0,0,None
2025-06-16,INV-06,250.0,6.1,55.0,721.0,741.8,1168.1,0.0,100.0,0,None
2025-06-16,INV-07,250.0,6.1,55.0,721.7,754.1,1194.6,0.0,100.0,0,None
2025-06-16,INV-08,250.0,6.1,55.0,720.5,751.6,1181.0,0.0,100.0,0,None
2025-06-16,INV-09,250.0,6.1,55.0,717.9,747.4,1119.9,0.0,100.0,0,None
2025-06-16,INV-10,250.0,6.1,55.0,719.9,753.4,1176.8,0.0,100.0,0,None
2025-06-16,INV-11,250.0,6.1,55.0,718.2,749.4,1184.4,0.0,100.0,0,None
2025-06-16,INV-12,250.0,6.1,55.0,723.8,732.1,1169.1,0.0,100.0,0,None
2025-06-17,INV-01,250.0,5.87,55.4,717.2,744.9,1141.4,0.0,100.0,0,None
2025-06-17,INV-02,250.0,5.87,55.4,726.8,756.0,1133.1,0.0,100.0,0,None
2025-06-17,INV-03,250.0,5.87,55.4,720.9,757.0,1141.0,0.0,100.0,0,None
2025-06-17,INV-04,250.0,5.87,55.4,721.4,742.3,1019.7,0.0,100.0,0,None
2025-06-17,INV-05,250.0,5.87,55.4,726.3,757.9,1121.2,0.0,100.0,0,None
2025-06-17,INV-06,250.0,5.87,55.4,717.5,753.1,1123.9,0.0,100.0,0,None
2025-06-17,INV-07,250.0,5.87,55.4,718.9,734.6,1148.7,0.0,100.0,0,None
2025-06-17,INV-08,250.0,5.87,55.4,714.2,749.7,1157.1,0.0,100.0,0,None
2025-06-17,INV-09,250.0,5.87,55.4,718.6,735.2,1062.7,0.0,100.0,0,None
2025-06-17,INV-10,250.0,5.87,55.4,713.3,742.4,1112.0,0.0,100.0,1,Comm loss
2025-06-17,INV-11,250.0,5.87,55.4,722.2,742.9,1006.1,1.21,87.9,2,Grid trip
2025-06-17,INV-12,250.0,5.87,55.4,720.9,762.4,1133.9,0.0,100.0,0,None
2025-06-18,INV-01,250.0,5.63,56.3,715.6,757.2,1084.1,0.0,100.0,0,None
2025-06-18,INV-02,250.0,5.63,56.3,712.6,754.3,1060.4,0.0,100.0,0,None
2025-06-18,INV-03,250.0,5.63,56.3,723.4,738.4,1086.0,0.0,100.0,0,None
2025-06-18,INV-04,250.0,5.63,56.3,719.2,753.6,980.3,0.0,100.0,0,None
2025-06-18,INV-05,250.0,5.63,56.3,715.8,744.8,1086.1,0.0,100.0,0,None
2025-06-18,INV-06,250.0,5.63,56.3,712.8,734.5,1082.4,0.0,100.0,0,None
2025-06-18,INV-07,250.0,5.63,56.3,725.5,757.6,1072.3,0.0,100.0,0,None
2025-06-18,INV-08,250.0,5.63,56.3,717.2,736.4,1081.9,0.0,100.0,0,None
2025-06-18,INV-09,250.0,5.63,56.3,722.9,749.2,1040.1,0.0,100.0,0,None
2025-06-18,INV-10,250.0,5.63,56.3,720.9,744.5,1050.2,0.0,100.0,0,None
2025-06-18,INV-11,250.0,5.63,56.3,715.3,741.3,1076.9,0.0,100.0,0,None
2025-06-18,INV-12,250.0,5.63,56.3,715.3,744.7,1087.8,0.0,100.0,0,None
2025-06-19,INV-01,250.0,5.69,53.4,727.2,755.5,1113.6,0.0,100.0,0,None
2025-06-19,INV-02,250.0,5.69,53.4,715.2,736.5,1122.4,0.0,100.0,0,None
2025-06-19,INV-03,250.0,5.69,53.4,721.2,755.7,1112.5,0.0,100.0,0,None
2025-06-19,INV-04,250.0,5.69,53.4,715.7,750.6,997.5,0.0,100.0,0,None
2025-06-19,INV-05,250.0,5.69,53.4,726.3,763.5,1092.1,0.0,100.0,0,None
2025-06-19,INV-06,250.0,5.69,53.4,717.0,749.5,1088.8,0.0,100.0,0,None
2025-06-19,INV-07,250.0,5.69,53.4,718.1,738.7,1129.7,0.0,100.0,0,None
2025-06-19,INV-08,250.0,5.69,53.4,725.3,760.8,1092.0,0.0,100.0,0,None
2025-06-19,INV-09,250.0,5.69,53.4,727.5,757.4,1022.7,0.0,100.0,0,None
2025-06-19,INV-10,250.0,5.69,53.4,722.6,748.7,1092.2,0.0,100.0,0,None
2025-06-19,INV-11,250.0,5.69,53.4,725.5,753.1,1128.8,0.0,100.0,0,None
2025-06-19,INV-12,250.0,5.69,53.4,725.4,749.8,1100.2,0.0,100.0,0,None
2025-06-20,INV-01,250.0,5.42,56.2,719.5,746.9,1054.2,0.0,100.0,0,None
2025-06-20,INV-02,250.0,5.42,56.2,710.8,738.5,1060.5,0.0,100.0,0,None
2025-06-20,INV-03,250.0,5.42,56.2,709.2,742.1,1029.1,0.0,100.0,0,None
2025-06-20,INV-04,250.0,5.42,56.2,721.7,742.6,943.1,0.0,100.0,0,None
2025-06-20,INV-05,250.0,5.42,56.2,716.8,749.4,1006.0,0.0,100.0,0,None
2025-06-20,INV-06,250.0,5.42,56.2,712.4,731.7,1030.1,0.0,100.0,0,None
2025-06-20,INV-07,250.0,5.42,56.2,716.7,746.1,1037.3,0.0,100.0,0,None
2025-06-20,INV-08,250.0,5.42,56.2,719.0,739.6,1056.2,0.0,100.0,0,None
2025-06-20,INV-09,250.0,5.42,56.2,717.2,738.2,987.0,0.0,100.0,0,None
2025-06-20,INV-10,250.0,5.42,56.2,711.3,754.5,1032.3,0.0,100.0,0,None
2025-06-20,INV-11,250.0,5.42,56.2,725.0,755.5,1031.8,0.0,100.0,0,None
2025-06-20,INV-12,250.0,5.42,56.2,721.5,753.2,1042.3,0.0,100.0,0,None
2025-06-21,INV-01,250.0,5.9,55.3,719.8,761.7,1145.9,0.0,100.0,0,None
2025-06-21,INV-02,250.0,5.9,55.3,714.8,743.2,1108.2,0.0,100.0,0,None
2025-06-21,INV-03,250.0,5.9,55.3,724.1,750.9,1127.4,0.0,100.0,0,None
2025-06-21,INV-04,250.0,5.9,55.3,730.3,760.9,1025.3,0.0,100.0,0,None
2025-06-21,INV-05,250.0,5.9,55.3,721.3,746.3,1122.0,0.0,100.0,0,None
2025-06-21,INV-06,250.0,5.9,55.3,716.9,742.3,1137.8,0.0,100.0,0,None
2025-06-21,INV-07,250.0,5.9,55.3,709.3,742.6,1117.7,0.0,100.0,0,None
2025-06-21,INV-08,250.0,5.9,55.3,712.7,744.1,1121.0,0.0,100.0,0,None
2025-06-21,INV-09,250.0,5.9,55.3,725.6,772.7,1075.4,0.0,100.0,0,None
2025-06-21,INV-10,250.0,5.9,55.3,715.3,748.8,1116.6,0.0,100.0,0,None
2025-06-21,INV-11,250.0,5.9,55.3,717.9,757.1,1142.4,0.0,100.0,0,None
2025-06-21,INV-12,250.0,5.9,55.3,722.0,743.4,1114.1,0.0,100.0,0,None
2025-06-22,INV-01,250.0,5.51,57.2,712.7,753.0,1067.6,0.0,100.0,0,None
2025-06-22,INV-02,250.0,5.51,57.2,710.5,743.9,1044.4,0.0,100.0,0,None
2025-06-22,INV-03,250.0,5.51,57.2,714.4,752.8,1042.3,0.0,100.0,0,None
2025-06-22,INV-04,250.0,5.51,57.2,711.9,736.6,940.8,0.0,100.0,0,None
2025-06-22,INV-05,250.0,5.51,57.2,717.6,754.9,1051.0,0.0,100.0,1,Comm loss
2025-06-22,INV-06,250.0,5.51,57.2,717.5,754.7,1031.7,0.0,100.0,0,None
2025-06-22,INV-07,250.0,5.51,57.2,713.8,755.9,1046.6,0.0,100.0,0,None
2025-06-22,INV-08,250.0,5.51,57.2,723.6,740.3,1055.8,0.0,100.0,0,None
2025-06-22,INV-09,250.0,5.51,57.2,712.7,735.5,977.0,0.0,100.0,0,None
2025-06-22,INV-10,250.0,5.51,57.2,715.2,751.8,1041.5,0.0,100.0,0,None
2025-06-22,INV-11,250.0,5.51,57.2,718.2,727.0,1092.9,0.0,100.0,0,None
2025-06-22,INV-12,250.0,5.51,57.2,719.3,753.2,1046.9,0.0,100.0,0,None
2025-06-23,INV-01,250.0,5.17,51.3,731.8,760.8,1014.5,0.0,100.0,0,None
2025-06-23,INV-02,250.0,5.17,51.3,725.7,760.0,1007.0,0.0,100.0,0,None
2025-06-23,INV-03,250.0,5.17,51.3,727.3,763.9,1000.1,0.0,100.0,0,None
2025-06-23,INV-04,250.0,5.17,51.3,733.3,767.1,882.5,0.0,100.0,0,None
2025-06-23,INV-05,250.0,5.17,51.3,729.3,756.9,980.3,0.0,100.0,0,None
2025-06-23,INV-06,250.0,5.17,51.3,724.4,761.9,989.5,0.0,100.0,0,None
2025-06-23,INV-07,250.0,5.17,51.3,728.1,751.1,1011.6,0.0,100.0,0,None
2025-06-23,INV-08,250.0,5.17,51.3,724.2,743.6,1023.4,0.0,100.0,0,None
2025-06-23,INV-09,250.0,5.17,51.3,729.2,733.6,920.3,0.0,100.0,0,None
2025-06-23,INV-10,250.0,5.17,51.3,729.5,759.0,985.7,0.0,100.0,0,None
2025-06-23,INV-11,250.0,5.17,51.3,722.0,745.4,1000.5,0.0,100.0,0,None
2025-06-23,INV-12,250.0,5.17,51.3,728.2,761.4,997.5,0.0,100.0,0,None
2025-06-24,INV-01,250.0,5.15,53.6,721.1,746.1,986.0,0.0,100.0,0,None
2025-06-24,INV-02,250.0,5.15,53.6,719.0,759.2,996.3,0.0,100.0,0,None
2025-06-24,INV-03,250.0,5.15,53.6,723.1,747.2,987.2,0.0,100.0,0,None
2025-06-24,INV-04,250.0,5.15,53.6,723.7,762.6,883.3,0.0,100.0,0,None
2025-06-24,INV-05,250.0,5.15,53.6,723.1,763.0,970.9,0.0,100.0,0,None
2025-06-24,INV-06,250.0,5.15,53.6,722.0,749.7,968.3,0.0,100.0,0,None
2025-06-24,INV-07,250.0,5.15,53.6,718.4,761.7,866.4,1.34,86.6,1,Grid trip
2025-06-24,INV-08,250.0,5.15,53.6,724.4,758.2,1007.3,0.0,100.0,0,None
2025-06-24,INV-09,250.0,5.15,53.6,724.6,747.6,904.2,0.0,100.0,0,None
2025-06-24,INV-10,250.0,5.15,53.6,723.6,750.6,980.1,0.0,100.0,0,None
2025-06-24,INV-11,250.0,5.15,53.6,723.2,762.3,1010.3,0.0,100.0,0,None
2025-06-24,INV-12,250.0,5.15,53.6,729.5,766.9,990.7,0.0,100.0,0,None
2025-06-25,INV-01,250.0,5.77,53.3,715.9,738.3,1129.4,0.0,100.0,0,None
2025-06-25,INV-02,250.0,5.77,53.3,722.1,761.3,1137.7,0.0,100.0,0,None
2025-06-25,INV-03,250.0,5.77,53.3,717.8,721.7,1103.1,0.0,100.0,0,None
2025-06-25,INV-04,250.0,5.77,53.3,729.9,756.3,982.9,0.0,100.0,0,None
2025-06-25,INV-05,250.0,5.77,53.3,732.0,761.6,1106.0,0.0,100.0,0,None
2025-06-25,INV-06,250.0,5.77,53.3,719.1,743.8,1099.7,0.0,100.0,1,Comm loss
2025-06-25,INV-07,250.0,5.77,53.3,724.4,761.3,1113.0,0.0,100.0,0,None
2025-06-25,INV-08,250.0,5.77,53.3,719.5,759.1,1129.2,0.0,100.0,0,None
2025-06-25,INV-09,250.0,5.77,53.3,722.1,740.8,1024.5,0.0,100.0,0,None
2025-06-25,INV-10,250.0,5.77,53.3,730.5,777.3,1073.9,0.0,100.0,0,None
2025-06-25,INV-11,250.0,5.77,53.3,721.5,740.1,1106.8,0.0,100.0,0,None
2025-06-25,INV-12,250.0,5.77,53.3,722.2,762.5,1104.4,0.0,100.0,0,None
2025-06-26,INV-01,250.0,6.19,55.3,711.8,734.4,1193.4,0.0,100.0,0,None
2025-06-26,INV-02,250.0,6.19,55.3,722.5,742.4,1192.4,0.0,100.0,0,None
2025-06-26,INV-03,250.0,6.19,55.3,719.3,748.7,1204.9,0.0,100.0,0,None
2025-06-26,INV-04,250.0,6.19,55.3,717.4,753.9,1030.5,0.0,100.0,0,None
2025-06-26,INV-05,250.0,6.19,55.3,718.4,735.5,1173.9,0.0,100.0,0,None
2025-06-26,INV-06,250.0,6.19,55.3,718.7,742.9,1176.1,0.0,100.0,0,None
2025-06-26,INV-07,250.0,6.19,55.3,724.5,759.1,1195.9,0.0,100.0,0,None
2025-06-26,INV-08,250.0,6.19,55.3,732.3,762.6,1198.4,0.0,100.0,0,None
2025-06-26,INV-09,250.0,6.19,55.3,724.2,765.6,1090.2,0.0,100.0,0,None
2025-06-26,INV-10,250.0,6.19,55.3,717.1,735.8,1166.4,0.0,100.0,0,None
2025-06-26,INV-11,250.0,6.19,55.3,721.9,770.7,1183.2,0.0,100.0,0,None
2025-06-26,INV-12,250.0,6.19,55.3,722.0,739.7,1180.3,0.0,100.0,0,None
2025-06-27,INV-01,250.0,5.76,56.2,714.9,748.0,1082.5,0.0,100.0,0,None
2025-06-27,INV-02,250.0,5.76,56.2,718.4,747.9,1102.0,0.0,100.0,0,None
2025-06-27,INV-03,250.0,5.76,56.2,710.9,735.9,1080.8,0.0,100.0,0,None
2025-06-27,INV-04,250.0,5.76,56.2,711.1,741.4,963.0,0.0,100.0,0,None
2025-06-27,INV-05,250.0,5.76,56.2,713.1,742.1,1087.9,0.0,100.0,0,None
2025-06-27,INV-06,250.0,5.76,56.2,719.0,747.8,1070.1,0.0,100.0,0,None
2025-06-27,INV-07,250.0,5.76,56.2,717.6,744.3,1114.7,0.0,100.0,0,None
2025-06-27,INV-08,250.0,5.76,56.2,721.8,741.4,1104.4,0.0,100.0,0,None
2025-06-27,INV-09,250.0,5.76,56.2,713.9,744.5,1008.6,0.0,100.0,0,None
2025-06-27,INV-10,250.0,5.76,56.2,719.9,743.5,1067.7,0.0,100.0,0,None
2025-06-27,INV-11,250.0,5.76,56.2,717.2,739.0,1113.2,0.0,100.0,0,None
2025-06-27,INV-12,250.0,5.76,56.2,713.9,741.9,1086.4,0.0,100.0,0,None
2025-06-28,INV-01,250.0,5.64,55.3,717.7,760.5,1087.7,0.0,100.0,0,None
2025-06-28,INV-02,250.0,5.64,55.3,720.6,753.9,1086.8,0.0,100.0,0,None
2025-06-28,INV-03,250.0,5.64,55.3,714.9,741.8,1053.5,0.0,100.0,0,None
2025-06-28,INV-04,250.0,5.64,55.3,720.0,751.2,958.6,0.0,100.0,0,None
2025-06-28,INV-05,250.0,5.64,55.3,718.5,740.3,1055.0,0.0,100.0,0,None
2025-06-28,INV-06,250.0,5.64,55.3,716.7,743.2,1059.6,0.0,100.0,0,None
2025-06-28,INV-07,250.0,5.64,55.3,717.5,744.9,1079.7,0.0,100.0,0,None
2025-06-28,INV-08,250.0,5.64,55.3,718.8,738.8,1076.5,0.0,100.0,0,None
2025-06-28,INV-09,250.0,5.64,55.3,716.3,749.4,995.5,0.0,100.0,0,None
2025-06-28,INV-10,250.0,5.64,55.3,719.4,745.4,1037.6,0.0,100.0,0,None
2025-06-28,INV-11,250.0,5.64,55.3,718.3,745.4,1084.5,0.0,100.0,0,None
2025-06-28,INV-12,250.0,5.64,55.3,716.9,742.4,1055.6,0.0,100.0,0,None
2025-06-29,INV-01,250.0,5.81,55.5,720.1,744.3,1155.4,0.0,100.0,0,None
2025-06-29,INV-02,250.0,5.81,55.5,716.3,746.1,1147.2,0.0,100.0,0,None
2025-06-29,INV-03,250.0,5.81,55.5,720.6,743.8,1138.3,0.0,100.0,0,None
2025-06-29,INV-04,250.0,5.81,55.5,718.8,755.9,1025.1,0.0,100.0,0,None
2025-06-29,INV-05,250.0,5.81,55.5,717.8,743.6,1166.9,0.0,100.0,0,None
2025-06-29,INV-06,250.0,5.81,55.5,729.8,765.0,1146.3,0.0,100.0,0,None
2025-06-29,INV-07,250.0,5.81,55.5,712.9,732.3,1157.6,0.0,100.0,0,None
2025-06-29,INV-08,250.0,5.81,55.5,722.9,738.4,1154.0,0.0,100.0,0,None
2025-06-29,INV-09,250.0,5.81,55.5,715.6,743.8,1134.3,0.0,100.0,0,None
2025-06-29,INV-10,250.0,5.81,55.5,719.6,737.0,1128.1,0.0,100.0,0,None
2025-06-29,INV-11,250.0,5.81,55.5,729.3,771.5,1159.5,0.0,100.0,0,None
2025-06-29,INV-12,250.0,5.81,55.5,715.2,733.0,1158.7,0.0,100.0,0,None
2025-06-30,INV-01,250.0,6.18,56.2,715.9,756.4,1202.9,0.0,100.0,0,None
2025-06-30,INV-02,250.0,6.18,56.2,713.7,747.9,1206.3,0.0,100.0,0,None
2025-06-30,INV-03,250.0,6.18,56.2,720.4,743.5,1210.6,0.0,100.0,0,None
2025-06-30,INV-04,250.0,6.18,56.2,714.4,739.9,1095.2,0.0,100.0,0,None
2025-06-30,INV-05,250.0,6.18,56.2,714.0,737.4,1196.8,0.0,100.0,0,None
2025-06-30,INV-06,250.0,6.18,56.2,716.0,738.9,1234.9,0.0,100.0,0,None
2025-06-30,INV-07,250.0,6.18,56.2,721.5,755.2,1205.9,0.0,100.0,0,None
2025-06-30,INV-08,250.0,6.18,56.2,718.4,746.1,1215.4,0.0,100.0,1,Comm loss
2025-06-30,INV-09,250.0,6.18,56.2,717.2,763.8,1181.0,0.0,100.0,0,None
2025-06-30,INV-10,250.0,6.18,56.2,711.8,751.8,1177.7,0.0,100.0,0,None
2025-06-30,INV-11,250.0,6.18,56.2,713.0,753.5,1206.3,0.0,100.0,0,None
2025-06-30,INV-12,250.0,6.18,56.2,712.5,747.8,1205.7,0.0,100.0,0,None
2025-07-01,INV-01,250.0,4.02,50.0,729.8,746.3,812.3,0.0,100.0,0,None
2025-07-01,INV-02,250.0,4.02,50.0,730.5,766.0,797.1,0.0,100.0,0,None
2025-07-01,INV-03,250.0,4.02,50.0,728.3,756.3,808.5,0.0,100.0,1,Comm loss
2025-07-01,INV-04,250.0,4.02,50.0,732.1,776.9,731.2,0.0,100.0,0,None
2025-07-01,INV-05,250.0,4.02,50.0,726.1,764.7,799.9,0.0,100.0,0,None
2025-07-01,INV-06,250.0,4.02,50.0,726.1,747.6,803.0,0.0,100.0,0,None
2025-07-01,INV-07,250.0,4.02,50.0,731.4,745.3,689.6,1.36,86.4,2,Grid trip
2025-07-01,INV-08,250.0,4.02,50.0,725.3,749.2,805.6,0.0,100.0,0,None
2025-07-01,INV-09,250.0,4.02,50.0,732.9,753.1,813.5,0.0,100.0,0,None
2025-07-01,INV-10,250.0,4.02,50.0,729.9,774.5,800.0,0.0,100.0,0,None
2025-07-01,INV-11,250.0,4.02,50.0,722.6,752.6,807.6,0.0,100.0,0,None
2025-07-01,INV-12,250.0,4.02,50.0,730.4,767.9,804.7,0.0,100.0,0,None
2025-07-02,INV-01,250.0,3.47,47.2,736.5,766.5,704.5,0.0,100.0,0,None
2025-07-02,INV-02,250.0,3.47,47.2,729.4,754.3,699.7,0.0,100.0,0,None
2025-07-02,INV-03,250.0,3.47,47.2,731.4,757.0,699.7,0.0,100.0,0,None
2025-07-02,INV-04,250.0,3.47,47.2,727.5,765.3,627.9,0.0,100.0,0,None
2025-07-02,INV-05,250.0,3.47,47.2,734.8,773.0,705.1,0.0,100.0,0,None
2025-07-02,INV-06,250.0,3.47,47.2,742.0,758.8,706.4,0.0,100.0,0,None
2025-07-02,INV-07,250.0,3.47,47.2,735.1,758.5,703.3,0.0,100.0,0,None
2025-07-02,INV-08,250.0,3.47,47.2,738.1,764.4,712.0,0.0,100.0,1,Comm loss
2025-07-02,INV-09,250.0,3.47,47.2,744.9,779.7,689.3,0.0,100.0,0,None
2025-07-02,INV-10,250.0,3.47,47.2,737.2,776.3,688.7,0.0,100.0,0,None
2025-07-02,INV-11,250.0,3.47,47.2,732.5,784.1,707.5,0.0,100.0,0,None
2025-07-02,INV-12,250.0,3.47,47.2,733.0,759.3,696.0,0.0,100.0,0,None
2025-07-03,INV-01,250.0,4.78,52.0,724.5,749.2,930.4,0.0,100.0,0,None
2025-07-03,INV-02,250.0,4.78,52.0,731.3,755.7,937.2,0.0,100.0,0,None
2025-07-03,INV-03,250.0,4.78,52.0,721.8,755.6,956.0,0.0,100.0,0,None
2025-07-03,INV-04,250.0,4.78,52.0,721.7,751.4,848.5,0.0,100.0,0,None
2025-07-03,INV-05,250.0,4.78,52.0,729.0,755.7,955.9,0.0,100.0,0,None
2025-07-03,INV-06,250.0,4.78,52.0,720.0,749.3,928.8,0.0,100.0,0,None
2025-07-03,INV-07,250.0,4.78,52.0,728.3,771.0,949.3,0.0,100.0,0,None
2025-07-03,INV-08,250.0,4.78,52.0,726.4,752.8,947.6,0.0,100.0,0,None
2025-07-03,INV-09,250.0,4.78,52.0,730.3,756.5,937.9,0.0,100.0,0,None
2025-07-03,INV-10,250.0,4.78,52.0,725.7,742.1,940.6,0.0,100.0,0,None
2025-07-03,INV-11,250.0,4.78,52.0,726.2,755.9,959.5,0.0,100.0,0,None
2025-07-03,INV-12,250.0,4.78,52.0,728.0,763.3,966.8,0.0,100.0,0,None
2025-07-04,INV-01,250.0,4.19,50.9,732.0,757.8,849.0,0.0,100.0,0,None
2025-07-04,INV-02,250.0,4.19,50.9,717.3,738.4,845.3,0.0,100.0,0,None
2025-07-04,INV-03,250.0,4.19,50.9,729.0,763.2,851.7,0.0,100.0,0,None
2025-07-04,INV-04,250.0,4.19,50.9,733.0,763.1,752.6,0.0,100.0,0,None
2025-07-04,INV-05,250.0,4.19,50.9,735.7,762.8,834.6,0.0,100.0,0,None
2025-07-04,INV-06,250.0,4.19,50.9,731.1,756.6,821.6,0.0,100.0,0,None
2025-07-04,INV-07,250.0,4.19,50.9,735.0,769.0,839.6,0.0,100.0,0,None
2025-07-04,INV-08,250.0,4.19,50.9,728.9,765.1,832.9,0.0,100.0,0,None
2025-07-04,INV-09,250.0,4.19,50.9,728.2,749.2,816.9,0.0,100.0,0,None
2025-07-04,INV-10,250.0,4.19,50.9,730.3,750.0,767.1,0.67,93.3,2,Grid trip
2025-07-04,INV-11,250.0,4.19,50.9,728.2,765.8,842.6,0.0,100.0,0,None
2025-07-04,INV-12,250.0,4.19,50.9,725.1,744.1,836.2,0.0,100.0,0,None
2025-07-05,INV-01,250.0,5.14,52.1,719.1,758.2,1032.3,0.0,100.0,0,None
2025-07-05,INV-02,250.0,5.14,52.1,725.9,749.8,1017.9,0.0,100.0,0,None
2025-07-05,INV-03,250.0,5.14,52.1,737.5,753.8,1020.3,0.0,100.0,0,None
2025-07-05,INV-04,250.0,5.14,52.1,730.9,763.5,909.6,0.0,100.0,0,None
2025-07-05,INV-05,250.0,5.14,52.1,723.7,737.3,1009.9,0.0,100.0,0,None
2025-07-05,INV-06,250.0,5.14,52.1,727.6,755.2,1010.5,0.0,100.0,0,None
2025-07-05,INV-07,250.0,5.14,52.1,728.8,768.3,1023.7,0.0,100.0,0,None
2025-07-05,INV-08,250.0,5.14,52.1,720.4,755.0,1013.8,0.0,100.0,0,None
2025-07-05,INV-09,250.0,5.14,52.1,731.4,769.7,1001.3,0.0,100.0,0,None
2025-07-05,INV-10,250.0,5.14,52.1,725.2,760.2,1008.9,0.0,100.0,0,None
2025-07-05,INV-11,250.0,5.14,52.1,725.5,774.8,1034.3,0.0,100.0,0,None
2025-07-05,INV-12,250.0,5.14,52.1,726.0,751.3,1008.9,0.0,100.0,0,None
2025-07-06,INV-01,250.0,3.97,50.3,729.7,760.4,790.6,0.0,100.0,0,None
2025-07-06,INV-02,250.0,3.97,50.3,734.8,755.1,785.8,0.0,100.0,0,None
2025-07-06,INV-03,250.0,3.97,50.3,726.2,756.5,788.8,0.0,100.0,0,None
2025-07-06,INV-04,250.0,3.97,50.3,721.3,750.2,696.4,0.0,100.0,0,None
2025-07-06,INV-05,250.0,3.97,50.3,732.7,750.8,794.9,0.0,100.0,0,None
2025-07-06,INV-06,250.0,3.97,50.3,727.3,779.9,779.4,0.0,100.0,0,None
2025-07-06,INV-07,250.0,3.97,50.3,722.4,748.5,791.4,0.0,100.0,0,None
2025-07-06,INV-08,250.0,3.97,50.3,728.8,754.9,799.0,0.0,100.0,0,None
2025-07-06,INV-09,250.0,3.97,50.3,734.4,772.1,775.1,0.0,100.0,0,None
2025-07-06,INV-10,250.0,3.97,50.3,724.4,768.9,764.9,0.0,100.0,0,None
2025-07-06,INV-11,250.0,3.97,50.3,738.8,777.8,794.1,0.0,100.0,0,None
2025-07-06,INV-12,250.0,3.97,50.3,726.1,746.5,796.0,0.0,100.0,0,None
2025-07-07,INV-01,250.0,2.75,47.8,727.0,755.3,567.9,0.0,100.0,0,None
2025-07-07,INV-02,250.0,2.75,47.8,739.0,771.2,568.3,0.0,100.0,0,None
2025-07-07,INV-03,250.0,2.75,47.8,739.2,764.0,561.3,0.0,100.0,0,None
2025-07-07,INV-04,250.0,2.75,47.8,732.6,777.7,505.4,0.0,100.0,0,None
2025-07-07,INV-05,250.0,2.75,47.8,736.6,767.9,540.0,0.0,100.0,0,None
2025-07-07,INV-06,250.0,2.75,47.8,733.6,765.5,555.9,0.0,100.0,0,None
2025-07-07,INV-07,250.0,2.75,47.8,735.5,767.0,565.4,0.0,100.0,0,None
2025-07-07,INV-08,250.0,2.75,47.8,729.9,767.9,480.7,1.49,85.1,1,Grid trip
2025-07-07,INV-09,250.0,2.75,47.8,737.0,771.6,542.7,0.0,100.0,0,None
2025-07-07,INV-10,250.0,2.75,47.8,727.9,761.5,547.5,0.0,100.0,0,None
2025-07-07,INV-11,250.0,2.75,47.8,727.2,763.1,545.9,0.0,100.0,0,None
2025-07-07,INV-12,250.0,2.75,47.8,734.0,749.4,562.5,0.0,100.0,0,None
2025-07-08,INV-01,250.0,2.63,50.1,732.2,750.8,530.2,0.0,100.0,0,None
2025-07-08,INV-02,250.0,2.63,50.1,729.8,756.7,519.4,0.0,100.0,0,None
2025-07-08,INV-03,250.0,2.63,50.1,728.7,755.9,526.6,0.0,100.0,0,None
2025-07-08,INV-04,250.0,2.63,50.1,725.5,762.3,477.9,0.0,100.0,0,None
2025-07-08,INV-05,250.0,2.63,50.1,728.1,754.5,529.0,0.0,100.0,0,None
2025-07-08,INV-06,250.0,2.63,50.1,724.5,753.0,518.7,0.0,100.0,0,None
2025-07-08,INV-07,250.0,2.63,50.1,726.4,753.0,525.9,0.0,100.0,0,None
2025-07-08,INV-08,250.0,2.63,50.1,730.2,749.0,521.6,0.0,100.0,0,None
2025-07-08,INV-09,250.0,2.63,50.1,729.3,754.1,512.6,0.0,100.0,0,None
2025-07-08,INV-10,250.0,2.63,50.1,742.1,769.0,520.5,0.0,100.0,0,None
2025-07-08,INV-11,250.0,2.63,50.1,,,0.0,10.0,0.0,12,Inverter fault
2025-07-08,INV-12,250.0,2.63,50.1,729.3,763.8,533.0,0.0,100.0,0,None
2025-07-09,INV-01,250.0,5.21,51.3,727.9,741.4,1048.3,0.0,100.0,0,None
2025-07-09,INV-02,250.0,5.21,51.3,719.5,742.3,1045.4,0.0,100.0,0,None
2025-07-09,INV-03,250.0,5.21,51.3,732.5,774.6,1039.1,0.0,100.0,0,None
2025-07-09,INV-04,250.0,5.21,51.3,729.1,775.5,918.7,0.0,100.0,0,None
2025-07-09,INV-05,250.0,5.21,51.3,722.6,754.5,1045.4,0.0,100.0,0,None
2025-07-09,INV-06,250.0,5.21,51.3,724.3,749.2,1032.2,0.0,100.0,0,None
2025-07-09,INV-07,250.0,5.21,51.3,728.4,756.6,1046.6,0.0,100.0,0,None
2025-07-09,INV-08,250.0,5.21,51.3,730.1,763.9,1046.2,0.0,100.0,0,None
2025-07-09,INV-09,250.0,5.21,51.3,725.5,743.0,1006.8,0.0,100.0,0,None
2025-07-09,INV-10,250.0,5.21,51.3,730.7,756.1,1026.3,0.0,100.0,0,None
2025-07-09,INV-11,250.0,5.21,51.3,,,0.0,10.0,0.0,11,Inverter fault
2025-07-09,INV-12,250.0,5.21,51.3,723.3,744.9,1052.9,0.0,100.0,0,None
2025-07-10,INV-01,250.0,5.27,51.0,724.1,764.3,1057.4,0.0,100.0,0,None
2025-07-10,INV-02,250.0,5.27,51.0,721.4,751.4,1050.5,0.0,100.0,0,None
2025-07-10,INV-03,250.0,5.27,51.0,729.1,760.1,1038.4,0.0,100.0,0,None
2025-07-10,INV-04,250.0,5.27,51.0,726.0,743.7,943.2,0.0,100.0,0,None
2025-07-10,INV-05,250.0,5.27,51.0,735.4,770.5,909.8,1.45,85.5,2,Grid trip
2025-07-10,INV-06,250.0,5.27,51.0,735.5,763.5,1038.1,0.0,100.0,0,None
2025-07-10,INV-07,250.0,5.27,51.0,736.0,769.7,1052.8,0.0,100.0,0,None
2025-07-10,INV-08,250.0,5.27,51.0,724.3,756.1,1051.7,0.0,100.0,0,None
2025-07-10,INV-09,250.0,5.27,51.0,730.3,761.7,1027.4,0.0,100.0,0,None
2025-07-10,INV-10,250.0,5.27,51.0,731.5,761.1,1038.8,0.0,100.0,0,None
2025-07-10,INV-11,250.0,5.27,51.0,,,0.0,10.0,0.0,9,Inverter fault
2025-07-10,INV-12,250.0,5.27,51.0,726.6,755.0,1061.3,0.0,100.0,0,None
2025-07-11,INV-01,250.0,3.63,47.5,739.4,763.3,743.4,0.0,100.0,0,None
2025-07-11,INV-02,250.0,3.63,47.5,734.7,763.7,740.3,0.0,100.0,0,None
2025-07-11,INV-03,250.0,3.63,47.5,734.1,758.7,743.2,0.0,100.0,0,None
2025-07-11,INV-04,250.0,3.63,47.5,737.2,767.0,640.5,0.0,100.0,0,None
2025-07-11,INV-05,250.0,3.63,47.5,734.0,755.7,746.4,0.0,100.0,0,None
2025-07-11,INV-06,250.0,3.63,47.5,733.7,753.5,738.4,0.0,100.0,0,None
2025-07-11,INV-07,250.0,3.63,47.5,739.2,779.0,755.0,0.0,100.0,0,None
2025-07-11,INV-08,250.0,3.63,47.5,740.1,762.4,731.5,0.0,100.0,0,None
2025-07-11,INV-09,250.0,3.63,47.5,739.4,769.4,708.0,0.0,100.0,0,None
2025-07-11,INV-10,250.0,3.63,47.5,734.4,772.0,723.6,0.0,100.0,0,None
2025-07-11,INV-11,250.0,3.63,47.5,,,0.0,10.0,0.0,9,Inverter fault
2025-07-11,INV-12,250.0,3.63,47.5,734.5,770.8,742.3,0.0,100.0,0,None
2025-07-12,INV-01,250.0,3.45,46.7,738.2,778.2,,0.0,100.0,0,None
2025-07-12,INV-02,250.0,3.45,46.7,739.6,765.3,706.0,0.0,100.0,0,None
2025-07-12,INV-03,250.0,3.45,46.7,733.4,761.1,690.3,0.0,100.0,0,None
2025-07-12,INV-04,250.0,3.45,46.7,733.8,751.1,625.5,0.0,100.0,0,None
2025-07-12,INV-05,250.0,3.45,46.7,737.4,761.7,704.2,0.0,100.0,0,None
2025-07-12,INV-06,250.0,3.45,46.7,740.3,774.4,699.1,0.0,100.0,0,None
2025-07-12,INV-07,250.0,3.45,46.7,732.0,764.5,712.1,0.0,100.0,0,None
2025-07-12,INV-08,250.0,3.45,46.7,735.9,770.6,691.2,0.0,100.0,0,None
2025-07-12,INV-09,250.0,3.45,46.7,735.7,770.1,673.1,0.0,100.0,0,None
2025-07-12,INV-10,250.0,3.45,46.7,738.3,785.0,694.4,0.0,100.0,0,None
2025-07-12,INV-11,250.0,3.45,46.7,,,0.0,10.0,0.0,12,Inverter fault
2025-07-12,INV-12,250.0,3.45,46.7,734.5,751.5,700.7,0.0,100.0,0,None
2025-07-13,INV-01,250.0,5.02,49.0,733.4,766.3,1001.3,0.0,100.0,0,None
2025-07-13,INV-02,250.0,5.02,49.0,728.8,744.8,1012.7,0.0,100.0,0,None
2025-07-13,INV-03,250.0,5.02,49.0,723.2,744.2,1007.2,0.0,100.0,0,None
2025-07-13,INV-04,250.0,5.02,49.0,733.7,743.6,900.9,0.0,100.0,0,None
2025-07-13,INV-05,250.0,5.02,49.0,728.4,772.3,993.0,0.0,100.0,0,None
2025-07-13,INV-06,250.0,5.02,49.0,734.8,777.0,1005.4,0.0,100.0,0,None
2025-07-13,INV-07,250.0,5.02,49.0,729.0,762.2,1020.3,0.0,100.0,0,None
2025-07-13,INV-08,250.0,5.02,49.0,728.1,759.2,1011.1,0.0,100.0,0,None
2025-07-13,INV-09,250.0,5.02,49.0,732.7,750.2,975.0,0.0,100.0,0,None
2025-07-13,INV-10,250.0,5.02,49.0,741.5,769.7,979.5,0.0,100.0,0,None
2025-07-13,INV-11,250.0,5.02,49.0,,,0.0,10.0,0.0,9,Inverter fault
2025-07-13,INV-12,250.0,5.02,49.0,732.6,763.6,1014.0,0.0,100.0,0,None
2025-07-14,INV-01,250.0,2.83,45.7,734.3,770.7,574.3,0.0,100.0,0,None
2025-07-14,INV-02,250.0,2.83,45.7,738.0,754.9,571.1,0.0,100.0,0,None
2025-07-14,INV-03,250.0,2.83,45.7,735.7,755.0,571.8,0.0,100.0,0,None
2025-07-14,INV-04,250.0,2.83,45.7,735.1,760.4,478.5,0.74,92.6,1,Grid trip
2025-07-14,INV-05,250.0,2.83,45.7,735.8,771.2,566.7,0.0,100.0,0,None
2025-07-14,INV-06,250.0,2.83,45.7,741.9,781.8,578.1,0.0,100.0,0,None
2025-07-14,INV-07,250.0,2.83,45.7,736.7,777.7,567.6,0.0,100.0,0,None
2025-07-14,INV-08,250.0,2.83,45.7,747.6,781.9,579.7,0.0,100.0,0,None
2025-07-14,INV-09,250.0,2.83,45.7,740.3,769.6,561.2,0.0,100.0,0,None
2025-07-14,INV-10,250.0,2.83,45.7,734.6,770.9,527.0,0.69,93.1,1,Grid trip
2025-07-14,INV-11,250.0,2.83,45.7,737.2,758.0,583.0,0.0,100.0,0,None
2025-07-14,INV-12,250.0,2.83,45.7,735.4,750.7,593.1,0.0,100.0,0,None
2025-07-15,INV-01,250.0,3.0,47.1,739.3,768.8,626.5,0.0,100.0,0,None
2025-07-15,INV-02,250.0,3.0,47.1,732.1,758.5,610.3,0.0,100.0,0,None
2025-07-15,INV-03,250.0,3.0,47.1,732.8,756.7,613.7,0.0,100.0,0,None
2025-07-15,INV-04,250.0,3.0,47.1,735.5,774.1,543.5,0.0,100.0,0,None
2025-07-15,INV-05,250.0,3.0,47.1,728.7,741.9,616.1,0.0,100.0,1,Comm loss
2025-07-15,INV-06,250.0,3.0,47.1,739.0,767.4,614.1,0.0,100.0,0,None
2025-07-15,INV-07,250.0,3.0,47.1,731.9,758.1,616.4,0.0,100.0,0,None
2025-07-15,INV-08,250.0,3.0,47.1,733.8,767.2,613.2,0.0,100.0,1,Comm loss
2025-07-15,INV-09,250.0,3.0,47.1,734.9,753.2,608.9,0.0,100.0,0,None
2025-07-15,INV-10,250.0,3.0,47.1,735.9,761.9,608.3,0.0,100.0,0,None
2025-07-15,INV-11,250.0,3.0,47.1,734.3,763.5,614.3,0.0,100.0,0,None
2025-07-15,INV-12,250.0,3.0,47.1,735.4,774.0,612.5,0.0,100.0,0,None
2025-07-16,INV-01,250.0,4.3,49.9,729.6,775.4,872.2,0.0,100.0,0,None
2025-07-16,INV-02,250.0,4.3,49.9,729.5,759.6,857.8,0.0,100.0,0,None
2025-07-16,INV-03,250.0,4.3,49.9,725.3,747.7,864.5,0.0,100.0,0,None
2025-07-16,INV-04,250.0,4.3,49.9,723.6,753.2,768.0,0.0,100.0,0,None
2025-07-16,INV-05,250.0,4.3,49.9,729.5,756.9,853.4,0.0,100.0,0,None
2025-07-16,INV-06,250.0,4.3,49.9,731.6,765.1,773.6,1.13,88.7,2,Grid trip
2025-07-16,INV-07,250.0,4.3,49.9,731.4,761.6,861.5,0.0,100.0,0,None
2025-07-16,INV-08,250.0,4.3,49.9,728.3,748.2,845.6,0.0,100.0,0,None
2025-07-16,INV-09,250.0,4.3,49.9,730.3,747.2,866.4,0.0,100.0,0,None
2025-07-16,INV-10,250.0,4.3,49.9,722.8,754.9,843.8,0.0,100.0,0,None
2025-07-16,INV-11,250.0,4.3,49.9,732.0,773.1,865.4,0.0,100.0,0,None
2025-07-16,INV-12,250.0,4.3,49.9,730.8,761.5,882.1,0.0,100.0,0,None
2025-07-17,INV-01,250.0,3.41,47.9,742.2,777.3,674.9,0.0,100.0,0,None
2025-07-17,INV-02,250.0,3.41,47.9,737.4,1027.3,611.4,1.14,88.6,3,DC overvoltage
2025-07-17,INV-03,250.0,3.41,47.9,731.2,757.8,690.6,0.0,100.0,0,None
2025-07-17,INV-04,250.0,3.41,47.9,728.6,754.4,610.6,0.0,100.0,0,None
2025-07-17,INV-05,250.0,3.41,47.9,736.5,775.5,694.2,0.0,100.0,0,None
2025-07-17,INV-06,250.0,3.41,47.9,734.0,761.8,684.4,0.0,100.0,0,None
2025-07-17,INV-07,250.0,3.41,47.9,728.5,769.5,689.8,0.0,100.0,0,None
2025-07-17,INV-08,250.0,3.41,47.9,735.9,780.2,705.3,0.0,100.0,0,None
2025-07-17,INV-09,250.0,3.41,47.9,733.2,757.2,685.6,0.0,100.0,0,None
2025-07-17,INV-10,250.0,3.41,47.9,736.3,743.0,683.6,0.0,100.0,0,None
2025-07-17,INV-11,250.0,3.41,47.9,736.0,774.4,696.0,0.0,100.0,0,None
2025-07-17,INV-12,250.0,3.41,47.9,731.8,759.1,692.1,0.0,100.0,0,None
2025-07-18,INV-01,250.0,3.74,47.1,733.6,769.0,759.1,0.0,100.0,0,None
2025-07-18,INV-02,250.0,3.74,47.1,734.0,767.2,760.8,0.0,100.0,0,None
2025-07-18,INV-03,250.0,3.74,47.1,730.1,759.8,754.8,0.0,100.0,0,None
2025-07-18,INV-04,250.0,3.74,47.1,737.7,764.9,670.8,0.0,100.0,0,None
2025-07-18,INV-05,250.0,3.74,47.1,735.1,771.7,749.5,0.0,100.0,0,None
2025-07-18,INV-06,250.0,3.74,47.1,733.1,772.4,753.9,0.0,100.0,0,None
2025-07-18,INV-07,250.0,3.74,47.1,734.7,773.4,764.0,0.0,100.0,0,None
2025-07-18,INV-08,250.0,3.74,47.1,740.2,760.8,768.9,0.0,100.0,0,None
2025-07-18,INV-09,250.0,3.74,47.1,731.7,772.1,732.3,0.0,100.0,0,None
2025-07-18,INV-10,250.0,3.74,47.1,732.4,759.5,740.7,0.0,100.0,0,None
2025-07-18,INV-11,250.0,3.74,47.1,740.7,764.7,757.5,0.0,100.0,0,None
2025-07-18,INV-12,250.0,3.74,47.1,736.0,764.7,765.6,0.0,100.0,0,None
2025-07-19,INV-01,250.0,3.59,49.3,728.8,759.2,733.9,0.0,100.0,0,None
2025-07-19,INV-02,250.0,3.59,49.3,730.5,759.5,711.1,0.0,100.0,0,None
2025-07-19,INV-03,250.0,3.59,49.3,722.3,765.0,720.9,0.0,100.0,0,None
2025-07-19,INV-04,250.0,3.59,49.3,731.0,760.9,642.1,0.0,100.0,0,None
2025-07-19,INV-05,250.0,3.59,49.3,735.5,768.7,713.0,0.0,100.0,0,None
2025-07-19,INV-06,250.0,3.59,49.3,737.9,761.9,716.7,0.0,100.0,0,None
2025-07-19,INV-07,250.0,3.59,49.3,723.8,742.8,736.3,0.0,100.0,0,None
2025-07-19,INV-08,250.0,3.59,49.3,728.2,753.3,724.9,0.0,100.0,0,None
2025-07-19,INV-09,250.0,3.59,49.3,728.0,775.5,700.3,0.0,100.0,0,None
2025-07-19,INV-10,250.0,3.59,49.3,732.0,767.0,697.4,0.0,100.0,0,None
2025-07-19,INV-11,250.0,3.59,49.3,726.5,758.7,712.3,0.0,100.0,0,None
2025-07-19,INV-12,250.0,3.59,49.3,738.1,760.3,719.9,0.0,100.0,0,None
2025-07-20,INV-01,250.0,4.01,49.7,729.5,758.5,811.0,0.0,100.0,0,None
2025-07-20,INV-02,250.0,4.01,49.7,724.8,741.7,800.9,0.0,100.0,0,None
2025-07-20,INV-03,250.0,4.01,49.7,729.0,745.2,807.6,0.0,100.0,0,None
2025-07-20,INV-04,250.0,4.01,49.7,729.1,756.5,714.0,0.0,100.0,0,None
2025-07-20,INV-05,250.0,4.01,49.7,735.8,747.1,804.7,0.0,100.0,0,None
2025-07-20,INV-06,250.0,4.01,49.7,731.2,775.5,796.9,0.0,100.0,0,None
2025-07-20,INV-07,250.0,4.01,49.7,734.7,769.5,808.4,0.0,100.0,0,None
2025-07-20,INV-08,250.0,4.01,49.7,731.8,756.7,808.3,0.0,100.0,0,None
2025-07-20,INV-09,250.0,4.01,49.7,728.5,749.6,783.8,0.0,100.0,0,None
2025-07-20,INV-10,250.0,4.01,49.7,731.1,769.4,796.4,0.0,100.0,0,None
2025-07-20,INV-11,250.0,4.01,49.7,733.5,754.6,793.6,0.0,100.0,0,None
2025-07-20,INV-12,250.0,4.01,49.7,735.4,757.2,796.0,0.0,100.0,0,None
2025-07-21,INV-01,250.0,4.9,49.8,730.3,768.7,971.2,0.0,100.0,0,None
2025-07-21,INV-02,250.0,4.9,49.8,727.2,760.9,974.8,0.0,100.0,0,None
2025-07-21,INV-03,250.0,4.9,49.8,731.5,782.3,985.9,0.0,100.0,0,None
2025-07-21,INV-04,250.0,4.9,49.8,729.5,762.0,892.1,0.0,100.0,0,None
2025-07-21,INV-05,250.0,4.9,49.8,729.5,765.0,959.3,0.0,100.0,0,None
2025-07-21,INV-06,250.0,4.9,49.8,728.4,760.7,964.4,0.0,100.0,0,None
2025-07-21,INV-07,250.0,4.9,49.8,734.1,763.3,974.0,0.0,100.0,0,None
2025-07-21,INV-08,250.0,4.9,49.8,731.4,759.4,990.1,0.0,100.0,0,None
2025-07-21,INV-09,250.0,4.9,49.8,734.6,766.9,951.4,0.0,100.0,0,None
2025-07-21,INV-10,250.0,4.9,49.8,735.8,769.9,956.9,0.0,100.0,0,None
2025-07-21,INV-11,250.0,4.9,49.8,732.3,771.5,990.9,0.0,100.0,0,None
2025-07-21,INV-12,250.0,4.9,49.8,728.4,760.9,990.6,0.0,100.0,0,None
2025-07-22,INV-01,250.0,3.78,47.1,744.3,770.0,765.7,0.0,100.0,0,None
2025-07-22,INV-02,250.0,3.78,47.1,728.6,762.5,772.6,0.0,100.0,0,None
2025-07-22,INV-03,250.0,3.78,47.1,737.9,771.9,774.6,0.0,100.0,0,None
2025-07-22,INV-04,250.0,3.78,47.1,734.9,758.4,681.0,0.0,100.0,0,None
2025-07-22,INV-05,250.0,3.78,47.1,733.3,750.8,764.2,0.0,100.0,0,None
2025-07-22,INV-06,250.0,3.78,47.1,734.8,748.6,762.2,0.0,100.0,0,None
2025-07-22,INV-07,250.0,3.78,47.1,738.6,769.1,756.8,0.0,100.0,0,None
2025-07-22,INV-08,250.0,3.78,47.1,738.8,771.2,764.9,0.0,100.0,0,None
2025-07-22,INV-09,250.0,3.78,47.1,736.6,757.2,746.0,0.0,100.0,0,None
2025-07-22,INV-10,250.0,3.78,47.1,740.3,778.6,748.0,0.0,100.0,0,None
2025-07-22,INV-11,250.0,3.78,47.1,741.0,772.2,764.9,0.0,100.0,0,None
2025-07-22,INV-12,250.0,3.78,47.1,739.2,780.0,763.5,0.0,100.0,0,None
2025-07-23,INV-01,250.0,4.24,49.5,735.0,766.5,848.7,0.0,100.0,0,None
2025-07-23,INV-02,250.0,4.24,49.5,733.8,751.4,858.9,0.0,100.0,0,None
2025-07-23,INV-03,250.0,4.24,49.5,726.8,752.2,839.0,0.0,100.0,0,None
2025-07-23,INV-04,250.0,4.24,49.5,725.7,763.8,756.3,0.0,100.0,0,None
2025-07-23,INV-05,250.0,4.24,49.5,727.1,751.4,839.4,0.0,100.0,0,None
2025-07-23,INV-06,250.0,4.24,49.5,733.1,769.6,838.2,0.0,100.0,0,None
2025-07-23,INV-07,250.0,4.24,49.5,732.0,743.4,850.4,0.0,100.0,0,None
2025-07-23,INV-08,250.0,4.24,49.5,734.1,759.6,838.2,0.0,100.0,0,None
2025-07-23,INV-09,250.0,4.24,49.5,729.6,758.2,818.8,0.0,100.0,0,None
2025-07-23,INV-10,250.0,4.24,49.5,727.2,771.2,837.2,0.0,100.0,0,None
2025-07-23,INV-11,250.0,4.24,49.5,734.6,755.2,848.6,0.0,100.0,0,None
2025-07-23,INV-12,250.0,4.24,49.5,728.7,764.1,838.6,0.0,100.0,0,None
2025-07-24,INV-01,250.0,1.98,45.0,737.2,775.0,403.7,0.0,100.0,0,None
2025-07-24,INV-02,250.0,1.98,45.0,736.7,777.9,411.4,0.0,100.0,0,None
2025-07-24,INV-03,250.0,1.98,45.0,741.1,774.5,411.4,0.0,100.0,0,None
2025-07-24,INV-04,250.0,1.98,45.0,739.3,768.4,366.2,0.0,100.0,0,None
2025-07-24,INV-05,250.0,1.98,45.0,741.7,769.7,401.8,0.0,100.0,0,None
2025-07-24,INV-06,250.0,1.98,45.0,742.3,758.4,400.9,0.0,100.0,0,None
2025-07-24,INV-07,250.0,1.98,45.0,744.3,785.0,405.4,0.0,100.0,0,None
2025-07-24,INV-08,250.0,1.98,45.0,735.4,762.8,407.1,0.0,100.0,0,None
2025-07-24,INV-09,250.0,1.98,45.0,740.8,774.9,392.2,0.0,100.0,0,None
2025-07-24,INV-10,250.0,1.98,45.0,738.5,773.9,401.3,0.0,100.0,0,None
2025-07-24,INV-11,250.0,1.98,45.0,739.5,759.6,412.6,0.0,100.0,0,None
2025-07-24,INV-12,250.0,1.98,45.0,743.4,766.0,409.7,0.0,100.0,0,None
2025-07-25,INV-01,250.0,3.64,45.3,740.3,767.3,745.7,0.0,100.0,0,None
2025-07-25,INV-02,250.0,3.64,45.3,744.3,772.3,750.7,0.0,100.0,0,None
2025-07-25,INV-03,250.0,3.64,45.3,735.9,772.6,747.8,0.0,100.0,0,None
2025-07-25,INV-04,250.0,3.64,45.3,740.0,781.2,656.9,0.0,100.0,0,None
2025-07-25,INV-05,250.0,3.64,45.3,740.5,774.8,740.7,0.0,100.0,0,None
2025-07-25,INV-06,250.0,3.64,45.3,744.9,790.3,765.6,0.0,100.0,0,None
2025-07-25,INV-07,250.0,3.64,45.3,740.6,774.6,745.6,0.0,100.0,0,None
2025-07-25,INV-08,250.0,3.64,45.3,736.8,769.2,740.3,0.0,100.0,0,None
2025-07-25,INV-09,250.0,3.64,45.3,739.6,771.5,722.8,0.0,100.0,0,None
2025-07-25,INV-10,250.0,3.64,45.3,732.6,752.3,744.9,0.0,100.0,0,None
2025-07-25,INV-11,250.0,3.64,45.3,730.0,767.7,753.0,0.0,100.0,0,None
2025-07-25,INV-12,250.0,3.64,45.3,742.7,753.1,756.8,0.0,100.0,0,None
2025-07-26,INV-01,250.0,2.97,46.2,742.7,764.5,613.0,0.0,100.0,0,None
2025-07-26,INV-02,250.0,2.97,46.2,735.2,773.2,543.1,1.03,89.7,2,Grid trip
2025-07-26,INV-03,250.0,2.97,46.2,740.5,779.6,605.1,0.0,100.0,0,None
2025-07-26,INV-04,250.0,2.97,46.2,743.7,769.4,555.0,0.0,100.0,0,None
2025-07-26,INV-05,250.0,2.97,46.2,737.6,750.5,606.4,0.0,100.0,0,None
2025-07-26,INV-06,250.0,2.97,46.2,741.7,766.3,610.3,0.0,100.0,0,None
2025-07-26,INV-07,250.0,2.97,46.2,739.8,774.2,605.0,0.0,100.0,0,None
2025-07-26,INV-08,250.0,2.97,46.2,738.1,767.6,612.6,0.0,100.0,0,None
2025-07-26,INV-09,250.0,2.97,46.2,740.7,772.1,590.1,0.0,100.0,0,None
2025-07-26,INV-10,250.0,2.97,46.2,745.0,770.8,594.5,0.0,100.0,0,None
2025-07-26,INV-11,250.0,2.97,46.2,735.1,773.2,601.8,0.0,100.0,0,None
2025-07-26,INV-12,250.0,2.97,46.2,733.8,766.6,605.9,0.0,100.0,0,None
2025-07-27,INV-01,250.0,2.66,46.0,732.7,760.0,543.7,0.0,100.0,0,None
2025-07-27,INV-02,250.0,2.66,46.0,733.2,748.2,540.8,0.0,100.0,0,None
2025-07-27,INV-03,250.0,2.66,46.0,737.1,766.6,536.9,0.0,100.0,0,None
2025-07-27,INV-04,250.0,2.66,46.0,737.2,757.3,481.0,0.0,100.0,0,None
2025-07-27,INV-05,250.0,2.66,46.0,739.0,782.3,530.7,0.0,100.0,0,None
2025-07-27,INV-06,250.0,2.66,46.0,740.6,766.0,524.8,0.0,100.0,0,None
2025-07-27,INV-07,250.0,2.66,46.0,736.6,772.1,543.0,0.0,100.0,0,None
2025-07-27,INV-08,250.0,2.66,46.0,738.1,776.8,556.5,0.0,100.0,0,None
2025-07-27,INV-09,250.0,2.66,46.0,733.6,756.0,545.4,0.0,100.0,0,None
2025-07-27,INV-10,250.0,2.66,46.0,732.6,763.2,528.7,0.0,100.0,0,None
2025-07-27,INV-11,250.0,2.66,46.0,732.0,766.4,545.3,0.0,100.0,0,None
2025-07-27,INV-12,250.0,2.66,46.0,740.6,771.5,537.1,0.0,100.0,0,None
2025-07-28,INV-01,250.0,2.93,44.6,739.1,760.9,602.8,0.0,100.0,0,None
2025-07-28,INV-02,250.0,2.93,44.6,748.1,787.1,606.1,0.0,100.0,0,None
2025-07-28,INV-03,250.0,2.93,44.6,739.4,769.6,599.3,0.0,100.0,0,None
2025-07-28,INV-04,250.0,2.93,44.6,741.1,766.6,532.4,0.0,100.0,0,None
2025-07-28,INV-05,250.0,2.93,44.6,743.8,769.6,604.2,0.0,100.0,0,None
2025-07-28,INV-06,250.0,2.93,44.6,733.9,759.4,599.6,0.0,100.0,0,None
2025-07-28,INV-07,250.0,2.93,44.6,741.0,767.2,595.8,0.0,100.0,0,None
2025-07-28,INV-08,250.0,2.93,44.6,741.0,760.9,606.2,0.0,100.0,1,Comm loss
2025-07-28,INV-09,250.0,2.93,44.6,748.2,776.1,602.9,0.0,100.0,0,None
2025-07-28,INV-10,250.0,2.93,44.6,735.8,762.9,582.5,0.0,100.0,0,None
2025-07-28,INV-11,250.0,2.93,44.6,739.2,763.1,610.0,0.0,100.0,0,None
2025-07-28,INV-12,250.0,2.93,44.6,737.0,768.3,589.2,0.0,100.0,0,None
2025-07-29,INV-01,250.0,3.37,46.9,726.4,744.6,686.2,0.0,100.0,0,None
2025-07-29,INV-02,250.0,3.37,46.9,735.2,767.7,689.5,0.0,100.0,0,None
2025-07-29,INV-03,250.0,3.37,46.9,734.1,765.8,690.3,0.0,100.0,0,None
2025-07-29,INV-04,250.0,3.37,46.9,739.3,779.6,611.7,0.0,100.0,0,None
2025-07-29,INV-05,250.0,3.37,46.9,737.9,776.2,692.9,0.0,100.0,0,None
2025-07-29,INV-06,250.0,3.37,46.9,733.3,782.5,679.3,0.0,100.0,0,None
2025-07-29,INV-07,250.0,3.37,46.9,734.3,763.7,696.9,0.0,100.0,0,None
2025-07-29,INV-08,250.0,3.37,46.9,735.2,763.1,683.7,0.0,100.0,0,None
2025-07-29,INV-09,250.0,3.37,46.9,742.1,761.7,674.6,0.0,100.0,0,None
2025-07-29,INV-10,250.0,3.37,46.9,732.9,768.4,667.9,0.0,100.0,0,None
2025-07-29,INV-11,250.0,3.37,46.9,733.3,764.2,682.2,0.0,100.0,0,None
2025-07-29,INV-12,250.0,3.37,46.9,731.6,766.9,686.4,0.0,100.0,0,None
2025-07-30,INV-01,250.0,4.39,46.1,740.7,770.8,890.6,0.0,100.0,0,None
2025-07-30,INV-02,250.0,4.39,46.1,734.2,772.9,881.6,0.0,100.0,0,None
2025-07-30,INV-03,250.0,4.39,46.1,736.8,762.0,893.7,0.0,100.0,0,None
2025-07-30,INV-04,250.0,4.39,46.1,736.9,764.8,809.1,0.0,100.0,0,None
2025-07-30,INV-05,250.0,4.39,46.1,735.7,765.8,877.3,0.0,100.0,0,None
2025-07-30,INV-06,250.0,4.39,46.1,731.0,754.8,890.2,0.0,100.0,0,None
2025-07-30,INV-07,250.0,4.39,46.1,735.1,763.5,892.3,0.0,100.0,0,None
2025-07-30,INV-08,250.0,4.39,46.1,743.4,780.5,911.4,0.0,100.0,0,None
2025-07-30,INV-09,250.0,4.39,46.1,736.3,759.9,885.8,0.0,100.0,0,None
2025-07-30,INV-10,250.0,4.39,46.1,737.4,767.4,870.4,0.0,100.0,0,None
2025-07-30,INV-11,250.0,4.39,46.1,738.4,774.1,894.0,0.0,100.0,0,None
2025-07-30,INV-12,250.0,4.39,46.1,746.7,770.1,912.7,0.0,100.0,0,None
2025-07-31,INV-01,250.0,2.54,47.0,738.9,771.7,521.8,0.0,100.0,0,None
2025-07-31,INV-02,250.0,2.54,47.0,732.9,751.6,447.6,1.38,86.2,2,Grid trip
2025-07-31,INV-03,250.0,2.54,47.0,730.1,768.1,518.5,0.0,100.0,0,None
2025-07-31,INV-04,250.0,2.54,47.0,736.3,766.7,461.8,0.0,100.0,0,None
2025-07-31,INV-05,250.0,2.54,47.0,729.0,758.5,511.2,0.0,100.0,0,None
2025-07-31,INV-06,250.0,2.54,47.0,734.7,749.2,525.1,0.0,100.0,0,None
2025-07-31,INV-07,250.0,2.54,47.0,734.0,764.6,521.1,0.0,100.0,0,None
2025-07-31,INV-08,250.0,2.54,47.0,738.0,774.7,519.7,0.0,100.0,0,None
2025-07-31,INV-09,250.0,2.54,47.0,743.9,772.0,508.1,0.0,100.0,0,None
2025-07-31,INV-10,250.0,2.54,47.0,728.2,767.6,508.7,0.0,100.0,0,None
2025-07-31,INV-11,250.0,2.54,47.0,745.1,784.2,519.4,0.0,100.0,0,None
2025-07-31,INV-12,250.0,2.54,47.0,735.1,759.9,521.1,0.0,100.0,0,None
2025-08-01,INV-01,250.0,3.64,48.6,732.8,776.9,728.0,0.0,100.0,0,None
2025-08-01,INV-02,250.0,3.64,48.6,735.2,753.0,729.0,0.0,100.0,0,None
2025-08-01,INV-03,250.0,3.64,48.6,732.2,765.9,750.0,0.0,100.0,0,None
2025-08-01,INV-04,250.0,3.64,48.6,732.0,766.3,654.5,0.0,100.0,0,None
2025-08-01,INV-05,250.0,3.64,48.6,728.9,763.1,716.9,0.0,100.0,0,None
2025-08-01,INV-06,250.0,3.64,48.6,728.7,771.9,741.5,0.0,100.0,0,None
2025-08-01,INV-07,250.0,3.64,48.6,740.1,786.4,747.8,0.0,100.0,0,None
2025-08-01,INV-08,250.0,3.64,48.6,740.2,768.4,749.2,0.0,100.0,0,None
2025-08-01,INV-09,250.0,3.64,48.6,732.7,768.1,731.7,0.0,100.0,0,None
2025-08-01,INV-10,250.0,3.64,48.6,733.9,764.5,732.1,0.0,100.0,0,None
2025-08-01,INV-11,250.0,3.64,48.6,728.8,753.7,738.3,0.0,100.0,0,None
2025-08-01,INV-12,250.0,3.64,48.6,735.3,767.5,722.8,0.0,100.0,0,None
2025-08-02,INV-01,250.0,3.21,45.5,736.8,766.8,654.6,0.0,100.0,0,None
2025-08-02,INV-02,250.0,3.21,45.5,744.6,766.1,654.6,0.0,100.0,0,None
2025-08-02,INV-03,250.0,3.21,45.5,744.8,777.3,654.6,0.0,100.0,0,None
2025-08-02,INV-04,250.0,3.21,45.5,735.2,772.9,594.0,0.0,100.0,0,None
2025-08-02,INV-05,250.0,3.21,45.5,741.3,773.2,661.8,0.0,100.0,0,None
2025-08-02,INV-06,250.0,3.21,45.5,742.1,767.7,661.3,0.0,100.0,0,None
2025-08-02,INV-07,250.0,3.21,45.5,749.4,778.2,656.9,0.0,100.0,0,None
2025-08-02,INV-08,250.0,3.21,45.5,736.0,765.9,651.3,0.0,100.0,0,None
2025-08-02,INV-09,250.0,3.21,45.5,744.7,776.4,656.3,0.0,100.0,0,None
2025-08-02,INV-10,250.0,3.21,45.5,739.0,777.9,650.4,0.0,100.0,0,None
2025-08-02,INV-11,250.0,3.21,45.5,734.0,766.1,654.8,0.0,100.0,0,None
2025-08-02,INV-12,250.0,3.21,45.5,738.4,757.2,667.0,0.0,100.0,0,None
2025-08-03,INV-01,250.0,3.33,46.5,724.6,748.8,678.4,0.0,100.0,0,None
2025-08-03,INV-02,250.0,3.33,46.5,746.6,786.4,669.3,0.0,100.0,0,None
2025-08-03,INV-03,250.0,3.33,46.5,737.6,764.0,679.0,0.0,100.0,0,None
2025-08-03,INV-04,250.0,3.33,46.5,738.3,765.0,602.5,0.0,100.0,0,None
2025-08-03,INV-05,250.0,3.33,46.5,741.3,768.3,668.0,0.0,100.0,0,None
2025-08-03,INV-06,250.0,3.33,46.5,738.8,768.3,688.7,0.0,100.0,1,Comm loss
2025-08-03,INV-07,250.0,3.33,46.5,739.9,757.3,684.6,0.0,100.0,0,None
2025-08-03,INV-08,250.0,3.33,46.5,735.2,760.9,680.1,0.0,100.0,0,None
2025-08-03,INV-09,250.0,3.33,46.5,732.0,763.8,660.0,0.0,100.0,0,None
2025-08-03,INV-10,250.0,3.33,46.5,738.0,769.8,663.1,0.0,100.0,0,None
2025-08-03,INV-11,250.0,3.33,46.5,742.6,781.9,689.0,0.0,100.0,0,None
2025-08-03,INV-12,250.0,3.33,46.5,734.3,779.0,680.1,0.0,100.0,0,None
2025-08-04,INV-01,250.0,4.39,44.1,738.9,782.2,900.1,0.0,100.0,0,None
2025-08-04,INV-02,250.0,4.39,44.1,742.0,761.0,891.4,0.0,100.0,0,None
2025-08-04,INV-03,250.0,4.39,44.1,743.4,771.1,892.4,0.0,100.0,0,None
2025-08-04,INV-04,250.0,4.39,44.1,738.4,785.5,800.5,0.0,100.0,0,None
2025-08-04,INV-05,250.0,4.39,44.1,740.8,774.1,899.6,0.0,100.0,0,None
2025-08-04,INV-06,250.0,4.39,44.1,743.7,770.7,902.3,0.0,100.0,0,None
2025-08-04,INV-07,250.0,4.39,44.1,738.8,767.5,888.9,0.0,100.0,0,None
2025-08-04,INV-08,250.0,4.39,44.1,735.2,768.6,897.7,0.0,100.0,0,None
2025-08-04,INV-09,250.0,4.39,44.1,735.7,779.2,882.0,0.0,100.0,0,None
2025-08-04,INV-10,250.0,4.39,44.1,740.1,765.9,877.4,0.0,100.0,0,None
2025-08-04,INV-11,250.0,4.39,44.1,736.5,760.5,907.3,0.0,100.0,0,None
2025-08-04,INV-12,250.0,4.39,44.1,740.4,759.4,899.3,0.0,100.0,0,None
2025-08-05,INV-01,250.0,4.0,45.2,744.0,776.6,834.7,0.0,100.0,0,None
2025-08-05,INV-02,250.0,4.0,45.2,737.4,765.0,823.0,0.0,100.0,0,None
2025-08-05,INV-03,250.0,4.0,45.2,740.9,768.7,815.1,0.0,100.0,0,None
2025-08-05,INV-04,250.0,4.0,45.2,742.9,772.2,754.0,0.0,100.0,0,None
2025-08-05,INV-05,250.0,4.0,45.2,733.7,768.1,805.9,0.0,100.0,0,None
2025-08-05,INV-06,250.0,4.0,45.2,736.6,762.1,823.4,0.0,100.0,0,None
2025-08-05,INV-07,250.0,4.0,45.2,739.8,763.7,805.1,0.0,100.0,0,None
2025-08-05,INV-08,250.0,4.0,45.2,742.1,775.6,816.2,0.0,100.0,0,None
2025-08-05,INV-09,250.0,4.0,45.2,745.3,751.1,785.2,0.0,100.0,0,None
2025-08-05,INV-10,250.0,4.0,45.2,738.8,763.9,804.9,0.0,100.0,0,None
2025-08-05,INV-11,250.0,4.0,45.2,738.4,759.2,819.8,0.0,100.0,0,None
2025-08-05,INV-12,250.0,4.0,45.2,736.1,775.8,815.1,0.0,100.0,0,None
2025-08-06,INV-01,250.0,4.63,47.4,731.4,754.7,922.7,0.0,100.0,0,None
2025-08-06,INV-02,250.0,4.63,47.4,732.2,763.1,941.9,0.0,100.0,0,None
2025-08-06,INV-03,250.0,4.63,47.4,733.8,745.7,848.9,0.99,90.1,2,Grid trip
2025-08-06,INV-04,250.0,4.63,47.4,740.0,767.6,845.3,0.0,100.0,0,None
2025-08-06,INV-05,250.0,4.63,47.4,730.0,757.1,934.6,0.0,100.0,0,None
2025-08-06,INV-06,250.0,4.63,47.4,727.3,754.8,938.6,0.0,100.0,0,None
2025-08-06,INV-07,250.0,4.63,47.4,743.8,769.4,957.6,0.0,100.0,0,None
2025-08-06,INV-08,250.0,4.63,47.4,736.4,758.4,935.1,0.0,100.0,0,None
2025-08-06,INV-09,250.0,4.63,47.4,736.9,752.4,900.5,0.0,100.0,0,None
2025-08-06,INV-10,250.0,4.63,47.4,734.3,765.5,906.0,0.0,100.0,0,None
2025-08-06,INV-11,250.0,4.63,47.4,737.0,764.6,955.6,0.0,100.0,0,None
2025-08-06,INV-12,250.0,4.63,47.4,729.1,748.1,953.1,0.0,100.0,0,None
2025-08-07,INV-01,250.0,3.42,44.1,732.7,760.7,593.8,1.36,86.4,1,Grid trip
2025-08-07,INV-02,250.0,3.42,44.1,745.0,1044.0,570.6,1.81,81.9,5,DC overvoltage
2025-08-07,INV-03,250.0,3.42,44.1,744.6,773.5,697.4,0.0,100.0,0,None
2025-08-07,INV-04,250.0,3.42,44.1,745.5,767.6,633.2,0.0,100.0,0,None
2025-08-07,INV-05,250.0,3.42,44.1,739.2,767.8,692.6,0.0,100.0,0,None
2025-08-07,INV-06,250.0,3.42,44.1,739.6,760.7,698.8,0.0,100.0,0,None
2025-08-07,INV-07,250.0,3.42,44.1,741.4,779.6,702.0,0.0,100.0,0,None
2025-08-07,INV-08,250.0,3.42,44.1,747.6,782.0,709.2,0.0,100.0,0,None
2025-08-07,INV-09,250.0,3.42,44.1,748.6,790.1,677.6,0.0,100.0,0,None
2025-08-07,INV-10,250.0,3.42,44.1,745.0,762.0,693.4,0.0,100.0,0,None
2025-08-07,INV-11,250.0,3.42,44.1,743.2,788.4,690.1,0.0,100.0,0,None
2025-08-07,INV-12,250.0,3.42,44.1,747.2,764.6,688.4,0.0,100.0,0,None
2025-08-08,INV-01,250.0,2.98,45.9,732.0,756.7,611.3,0.0,100.0,0,None
2025-08-08,INV-02,250.0,2.98,45.9,737.0,772.8,604.9,0.0,100.0,0,None
2025-08-08,INV-03,250.0,2.98,45.9,747.8,764.9,605.2,0.0,100.0,0,None
2025-08-08,INV-04,250.0,2.98,45.9,731.1,768.2,539.2,0.0,100.0,0,None
2025-08-08,INV-05,250.0,2.98,45.9,733.3,763.6,613.1,0.0,100.0,0,None
2025-08-08,INV-06,250.0,2.98,45.9,739.1,767.4,609.9,0.0,100.0,0,None
2025-08-08,INV-07,250.0,2.98,45.9,745.4,762.2,612.6,0.0,100.0,0,None
2025-08-08,INV-08,250.0,2.98,45.9,739.1,761.2,605.9,0.0,100.0,0,None
2025-08-08,INV-09,250.0,2.98,45.9,741.1,780.7,599.8,0.0,100.0,0,None
2025-08-08,INV-10,250.0,2.98,45.9,736.9,765.3,590.5,0.0,100.0,0,None
2025-08-08,INV-11,250.0,2.98,45.9,736.2,768.5,609.7,0.0,100.0,0,None
2025-08-08,INV-12,250.0,2.98,45.9,738.6,761.6,595.2,0.0,100.0,0,None
2025-08-09,INV-01,250.0,3.35,48.3,728.8,752.8,629.6,0.58,94.2,1,Grid trip
2025-08-09,INV-02,250.0,3.35,48.3,733.1,775.1,679.3,0.0,100.0,0,None
2025-08-09,INV-03,250.0,3.35,48.3,731.4,754.6,681.0,0.0,100.0,0,None
2025-08-09,INV-04,250.0,3.35,48.3,728.7,762.7,602.5,0.0,100.0,0,None
2025-08-09,INV-05,250.0,3.35,48.3,730.8,769.1,666.3,0.0,100.0,0,None
2025-08-09,INV-06,250.0,3.35,48.3,729.7,763.3,661.2,0.0,100.0,0,None
2025-08-09,INV-07,250.0,3.35,48.3,728.2,747.2,673.1,0.0,100.0,0,None
2025-08-09,INV-08,250.0,3.35,48.3,737.8,760.2,681.1,0.0,100.0,0,None
2025-08-09,INV-09,250.0,3.35,48.3,732.0,771.4,656.5,0.0,100.0,0,None
2025-08-09,INV-10,250.0,3.35,48.3,724.6,748.2,665.6,0.0,100.0,0,None
2025-08-09,INV-11,250.0,3.35,48.3,730.9,768.7,668.4,0.0,100.0,0,None
2025-08-09,INV-12,250.0,3.35,48.3,737.1,763.7,676.5,0.0,100.0,0,None
2025-08-10,INV-01,250.0,3.7,44.0,737.4,760.4,759.1,0.0,100.0,0,None
2025-08-10,INV-02,250.0,3.7,44.0,746.0,781.6,756.2,0.0,100.0,0,None
2025-08-10,INV-03,250.0,3.7,44.0,734.1,760.0,763.4,0.0,100.0,0,None
2025-08-10,INV-04,250.0,3.7,44.0,738.6,774.2,679.9,0.0,100.0,0,None
2025-08-10,INV-05,250.0,3.7,44.0,742.5,757.8,745.2,0.0,100.0,0,None
2025-08-10,INV-06,250.0,3.7,44.0,748.3,781.0,749.8,0.0,100.0,0,None
2025-08-10,INV-07,250.0,3.7,44.0,744.2,770.9,769.2,0.0,100.0,0,None
2025-08-10,INV-08,250.0,3.7,44.0,738.6,777.8,762.2,0.0,100.0,0,None
2025-08-10,INV-09,250.0,3.7,44.0,748.1,777.8,731.6,0.0,100.0,0,None
2025-08-10,INV-10,250.0,3.7,44.0,736.6,776.6,750.0,0.0,100.0,0,None
2025-08-10,INV-11,250.0,3.7,44.0,743.1,777.1,758.2,0.0,100.0,0,None
2025-08-10,INV-12,250.0,3.7,44.0,743.9,772.9,755.1,0.0,100.0,0,None
2025-08-11,INV-01,250.0,3.64,44.3,741.5,775.6,760.6,0.0,100.0,0,None
2025-08-11,INV-02,250.0,3.64,44.3,735.3,763.4,737.5,0.0,100.0,0,None
2025-08-11,INV-03,250.0,3.64,44.3,734.3,767.5,738.9,0.0,100.0,0,None
2025-08-11,INV-04,250.0,3.64,44.3,737.0,769.2,660.3,0.0,100.0,0,None
2025-08-11,INV-05,250.0,3.64,44.3,736.5,767.5,751.5,0.0,100.0,0,None
2025-08-11,INV-06,250.0,3.64,44.3,733.3,785.4,741.0,0.0,100.0,0,None
2025-08-11,INV-07,250.0,3.64,44.3,737.1,774.4,741.5,0.0,100.0,0,None
2025-08-11,INV-08,250.0,3.64,44.3,737.8,759.1,757.2,0.0,100.0,0,None
2025-08-11,INV-09,250.0,3.64,44.3,739.6,772.6,731.9,0.0,100.0,0,None
2025-08-11,INV-10,250.0,3.64,44.3,748.2,771.9,725.9,0.0,100.0,0,None
2025-08-11,INV-11,250.0,3.64,44.3,740.4,774.0,738.5,0.0,100.0,0,None
2025-08-11,INV-12,250.0,3.64,44.3,740.8,759.8,755.0,0.0,100.0,0,None
2025-08-12,INV-01,250.0,2.63,44.0,739.9,778.5,542.0,0.0,100.0,0,None
2025-08-12,INV-02,250.0,2.63,44.0,742.7,781.4,543.0,0.0,100.0,0,None
2025-08-12,INV-03,250.0,2.63,44.0,741.6,781.6,541.3,0.0,100.0,0,None
2025-08-12,INV-04,250.0,2.63,44.0,742.2,775.2,481.4,0.0,100.0,0,None
2025-08-12,INV-05,250.0,2.63,44.0,738.4,764.5,542.8,0.0,100.0,0,None
2025-08-12,INV-06,250.0,2.63,44.0,744.3,775.1,540.3,0.0,100.0,0,None
2025-08-12,INV-07,250.0,2.63,44.0,743.6,776.7,552.6,0.0,100.0,0,None
2025-08-12,INV-08,250.0,2.63,44.0,747.1,772.6,547.0,0.0,100.0,0,None
2025-08-12,INV-09,250.0,2.63,44.0,741.9,782.6,530.5,0.0,100.0,0,None
2025-08-12,INV-10,250.0,2.63,44.0,740.3,775.0,536.7,0.0,100.0,0,None
2025-08-12,INV-11,250.0,2.63,44.0,745.1,768.0,545.1,0.0,100.0,0,None
2025-08-12,INV-12,250.0,2.63,44.0,738.8,783.8,511.0,0.72,92.8,2,Grid trip
2025-08-13,INV-01,250.0,3.54,47.5,740.1,762.2,713.6,0.0,100.0,0,None
2025-08-13,INV-02,250.0,3.54,47.5,738.4,788.8,722.7,0.0,100.0,0,None
2025-08-13,INV-03,250.0,3.54,47.5,734.0,761.7,729.5,0.0,100.0,0,None
2025-08-13,INV-04,250.0,3.54,47.5,730.3,761.9,642.8,0.0,100.0,0,None
2025-08-13,INV-05,250.0,3.54,47.5,733.6,768.1,715.2,0.0,100.0,0,None
2025-08-13,INV-06,250.0,3.54,47.5,737.3,764.0,720.7,0.0,100.0,0,None
2025-08-13,INV-07,250.0,3.54,47.5,735.7,765.8,715.5,0.0,100.0,0,None
2025-08-13,INV-08,250.0,3.54,47.5,735.4,765.4,711.0,0.0,100.0,0,None
2025-08-13,INV-09,250.0,3.54,47.5,735.8,758.5,714.8,0.0,100.0,0,None
2025-08-13,INV-10,250.0,3.54,47.5,738.0,771.5,704.0,0.0,100.0,0,None
2025-08-13,INV-11,250.0,3.54,47.5,734.8,751.6,721.4,0.0,100.0,0,None
2025-08-13,INV-12,250.0,3.54,47.5,736.8,780.8,716.9,0.0,100.0,0,None
2025-08-14,INV-01,250.0,3.64,43.3,741.4,768.0,756.7,0.0,100.0,0,None
2025-08-14,INV-02,250.0,3.64,43.3,739.1,769.6,739.6,0.0,100.0,0,None
2025-08-14,INV-03,250.0,3.64,43.3,745.7,776.4,740.1,0.0,100.0,0,None
2025-08-14,INV-04,250.0,3.64,43.3,746.1,775.3,662.4,0.0,100.0,0,None
2025-08-14,INV-05,250.0,3.64,43.3,738.3,757.7,754.5,0.0,100.0,0,None
2025-08-14,INV-06,250.0,3.64,43.3,742.2,782.2,746.8,0.0,100.0,0,None
2025-08-14,INV-07,250.0,3.64,43.3,750.9,789.4,751.2,0.0,100.0,0,None
2025-08-14,INV-08,250.0,3.64,43.3,739.5,761.2,750.6,0.0,100.0,0,None
2025-08-14,INV-09,250.0,3.64,43.3,745.1,772.7,726.3,0.0,100.0,0,None
2025-08-14,INV-10,250.0,3.64,43.3,743.9,772.1,731.9,0.0,100.0,0,None
2025-08-14,INV-11,250.0,3.64,43.3,747.8,768.6,747.0,0.0,100.0,0,None
2025-08-14,INV-12,250.0,3.64,43.3,744.6,759.7,740.6,0.0,100.0,0,None
2025-08-15,INV-01,250.0,5.41,48.4,730.2,761.0,1082.0,0.0,100.0,0,None
2025-08-15,INV-02,250.0,5.41,48.4,734.3,761.9,1057.8,0.0,100.0,0,None
2025-08-15,INV-03,250.0,5.41,48.4,733.4,772.0,1079.2,0.0,100.0,0,None
2025-08-15,INV-04,250.0,5.41,48.4,734.0,761.6,981.4,0.0,100.0,0,None
2025-08-15,INV-05,250.0,5.41,48.4,734.0,762.1,1087.8,0.0,100.0,0,None
2025-08-15,INV-06,250.0,5.41,48.4,732.9,769.5,1074.6,0.0,100.0,0,None
2025-08-15,INV-07,250.0,5.41,48.4,729.1,773.6,1077.1,0.0,100.0,0,None
2025-08-15,INV-08,250.0,5.41,48.4,730.3,771.6,1089.3,0.0,100.0,0,None
2025-08-15,INV-09,250.0,5.41,48.4,731.7,760.6,1053.7,0.0,100.0,0,None
2025-08-15,INV-10,250.0,5.41,48.4,741.5,771.1,1078.4,0.0,100.0,0,None
2025-08-15,INV-11,250.0,5.41,48.4,727.8,758.2,1090.1,0.0,100.0,0,None
2025-08-15,INV-12,250.0,5.41,48.4,731.6,762.7,1086.3,0.0,100.0,0,None
2025-08-16,INV-01,250.0,4.89,49.7,726.2,760.2,994.8,0.0,100.0,0,None
2025-08-16,INV-02,250.0,4.89,49.7,733.3,759.0,985.4,0.0,100.0,0,None
2025-08-16,INV-03,250.0,4.89,49.7,732.7,757.5,991.1,0.0,100.0,0,None
2025-08-16,INV-04,250.0,4.89,49.7,724.3,769.6,893.8,0.0,100.0,0,None
2025-08-16,INV-05,250.0,4.89,49.7,727.3,741.9,969.7,0.0,100.0,0,None
2025-08-16,INV-06,250.0,4.89,49.7,727.9,760.2,969.6,0.0,100.0,0,None
2025-08-16,INV-07,250.0,4.89,49.7,732.8,753.1,988.5,0.0,100.0,0,None
2025-08-16,INV-08,250.0,4.89,49.7,729.1,755.9,982.5,0.0,100.0,0,None
2025-08-16,INV-09,250.0,4.89,49.7,730.2,755.1,958.7,0.0,100.0,0,None
2025-08-16,INV-10,250.0,4.89,49.7,724.7,746.9,961.7,0.0,100.0,0,None
2025-08-16,INV-11,250.0,4.89,49.7,739.9,770.2,978.0,0.0,100.0,0,None
2025-08-16,INV-12,250.0,4.89,49.7,730.9,740.3,997.9,0.0,100.0,0,None
2025-08-17,INV-01,250.0,2.76,40.7,748.6,774.2,585.1,0.0,100.0,0,None
2025-08-17,INV-02,250.0,2.76,40.7,749.1,771.2,575.4,0.0,100.0,0,None
2025-08-17,INV-03,250.0,2.76,40.7,749.3,774.1,584.5,0.0,100.0,0,None
2025-08-17,INV-04,250.0,2.76,40.7,745.0,763.8,519.6,0.0,100.0,0,None
2025-08-17,INV-05,250.0,2.76,40.7,752.2,781.1,575.1,0.0,100.0,0,None
2025-08-17,INV-06,250.0,2.76,40.7,748.2,783.3,576.0,0.0,100.0,0,None
2025-08-17,INV-07,250.0,2.76,40.7,750.3,774.1,565.8,0.0,100.0,0,None
2025-08-17,INV-08,250.0,2.76,40.7,743.8,773.1,578.1,0.0,100.0,0,None
2025-08-17,INV-09,250.0,2.76,40.7,747.9,776.1,557.9,0.0,100.0,0,None
2025-08-17,INV-10,250.0,2.76,40.7,753.0,791.4,556.6,0.0,100.0,0,None
2025-08-17,INV-11,250.0,2.76,40.7,752.5,777.6,578.2,0.0,100.0,0,None
2025-08-17,INV-12,250.0,2.76,40.7,745.4,770.8,571.0,0.0,100.0,0,None
2025-08-18,INV-01,250.0,3.19,41.8,745.1,795.5,648.8,0.0,100.0,0,None
2025-08-18,INV-02,250.0,3.19,41.8,748.0,774.9,668.5,0.0,100.0,0,None
2025-08-18,INV-03,250.0,3.19,41.8,746.2,778.8,663.7,0.0,100.0,0,None
2025-08-18,INV-04,250.0,3.19,41.8,742.0,794.6,586.3,0.0,100.0,0,None
2025-08-18,INV-05,250.0,3.19,41.8,743.7,775.2,654.9,0.0,100.0,0,None
2025-08-18,INV-06,250.0,3.19,41.8,745.1,774.6,647.4,0.0,100.0,0,None
2025-08-18,INV-07,250.0,3.19,41.8,747.3,769.4,659.2,0.0,100.0,0,None
2025-08-18,INV-08,250.0,3.19,41.8,746.3,788.6,658.3,0.0,100.0,0,None
2025-08-18,INV-09,250.0,3.19,41.8,747.1,767.9,640.2,0.0,100.0,0,None
2025-08-18,INV-10,250.0,3.19,41.8,740.2,773.6,654.4,0.0,100.0,0,None
2025-08-18,INV-11,250.0,3.19,41.8,749.0,775.2,670.8,0.0,100.0,0,None
2025-08-18,INV-12,250.0,3.19,41.8,746.3,774.8,662.1,0.0,100.0,0,None
2025-08-19,INV-01,250.0,2.27,41.4,742.7,773.7,470.7,0.0,100.0,0,None
2025-08-19,INV-02,250.0,2.27,41.4,741.4,773.0,470.7,0.0,100.0,0,None
2025-08-19,INV-03,250.0,2.27,41.4,748.2,764.7,464.9,0.0,100.0,0,None
2025-08-19,INV-04,250.0,2.27,41.4,744.2,777.3,424.2,0.0,100.0,0,None
2025-08-19,INV-05,250.0,2.27,41.4,752.0,783.2,465.3,0.0,100.0,0,None
2025-08-19,INV-06,250.0,2.27,41.4,744.4,781.6,470.1,0.0,100.0,0,None
2025-08-19,INV-07,250.0,2.27,41.4,743.6,778.4,473.9,0.0,100.0,1,Comm loss
2025-08-19,INV-08,250.0,2.27,41.4,748.1,776.5,478.4,0.0,100.0,0,None
2025-08-19,INV-09,250.0,2.27,41.4,744.4,782.7,462.2,0.0,100.0,0,None
2025-08-19,INV-10,250.0,2.27,41.4,747.2,774.9,471.4,0.0,100.0,0,None
2025-08-19,INV-11,250.0,2.27,41.4,751.1,783.1,478.3,0.0,100.0,0,None
2025-08-19,INV-12,250.0,2.27,41.4,747.6,775.1,472.2,0.0,100.0,0,None
2025-08-20,INV-01,250.0,2.93,42.3,742.1,769.4,614.1,0.0,100.0,0,None
2025-08-20,INV-02,250.0,2.93,42.3,744.4,760.1,618.7,0.0,100.0,0,None
2025-08-20,INV-03,250.0,2.93,42.3,743.5,771.6,615.2,0.0,100.0,0,None
2025-08-20,INV-04,250.0,2.93,42.3,745.8,773.7,550.2,0.0,100.0,0,None
2025-08-20,INV-05,250.0,2.93,42.3,749.9,767.2,607.8,0.0,100.0,0,None
2025-08-20,INV-06,250.0,2.93,42.3,742.3,771.7,600.9,0.0,100.0,0,None
2025-08-20,INV-07,250.0,2.93,42.3,749.9,763.3,608.7,0.0,100.0,0,None
2025-08-20,INV-08,250.0,2.93,42.3,745.9,773.1,621.2,0.0,100.0,0,None
2025-08-20,INV-09,250.0,2.93,42.3,754.8,786.7,597.4,0.0,100.0,1,Comm loss
2025-08-20,INV-10,250.0,2.93,42.3,746.8,777.5,594.6,0.0,100.0,0,None
2025-08-20,INV-11,250.0,2.93,42.3,745.1,771.8,615.9,0.0,100.0,0,None
2025-08-20,INV-12,250.0,2.93,42.3,747.8,777.1,616.9,0.0,100.0,0,None
2025-08-21,INV-01,250.0,3.61,45.3,741.6,770.1,731.1,0.0,100.0,0,None
2025-08-21,INV-02,250.0,3.61,45.3,747.0,781.5,741.7,0.0,100.0,0,None
2025-08-21,INV-03,250.0,3.61,45.3,739.1,757.2,733.5,0.0,100.0,0,None
2025-08-21,INV-04,250.0,3.61,45.3,739.7,771.0,657.9,0.0,100.0,0,None
2025-08-21,INV-05,250.0,3.61,45.3,739.4,765.7,733.1,0.0,100.0,0,None
2025-08-21,INV-06,250.0,3.61,45.3,745.6,798.5,729.5,0.0,100.0,0,None
2025-08-21,INV-07,250.0,3.61,45.3,739.5,770.7,726.7,0.0,100.0,0,None
2025-08-21,INV-08,250.0,3.61,45.3,736.9,762.1,736.4,0.0,100.0,0,None
2025-08-21,INV-09,250.0,3.61,45.3,741.8,760.8,733.5,0.0,100.0,0,None
2025-08-21,INV-10,250.0,3.61,45.3,736.2,776.7,727.7,0.0,100.0,0,None
2025-08-21,INV-11,250.0,3.61,45.3,741.6,768.8,752.3,0.0,100.0,0,None
2025-08-21,INV-12,250.0,3.61,45.3,741.1,764.8,746.6,0.0,100.0,0,None
2025-08-22,INV-01,250.0,4.26,45.4,738.6,758.7,856.3,0.0,100.0,0,None
2025-08-22,INV-02,250.0,4.26,45.4,734.7,753.6,854.7,0.0,100.0,0,None
2025-08-22,INV-03,250.0,4.26,45.4,742.4,773.8,880.0,0.0,100.0,0,None
2025-08-22,INV-04,250.0,4.26,45.4,737.6,761.5,792.9,0.0,100.0,0,None
2025-08-22,INV-05,250.0,4.26,45.4,737.5,755.9,859.0,0.0,100.0,0,None
2025-08-22,INV-06,250.0,4.26,45.4,740.4,778.1,870.7,0.0,100.0,1,Comm loss
2025-08-22,INV-07,250.0,4.26,45.4,738.7,763.7,869.9,0.0,100.0,0,None
2025-08-22,INV-08,250.0,4.26,45.4,742.6,781.8,871.4,0.0,100.0,0,None
2025-08-22,INV-09,250.0,4.26,45.4,735.5,765.7,859.2,0.0,100.0,0,None
2025-08-22,INV-10,250.0,4.26,45.4,733.6,766.0,777.7,0.81,91.9,1,Grid trip
2025-08-22,INV-11,250.0,4.26,45.4,738.0,766.3,865.1,0.0,100.0,0,None
2025-08-22,INV-12,250.0,4.26,45.4,739.5,748.2,872.0,0.0,100.0,0,None
2025-08-23,INV-01,250.0,2.79,39.7,742.5,762.3,581.2,0.0,100.0,0,None
2025-08-23,INV-02,250.0,2.79,39.7,751.7,782.5,598.4,0.0,100.0,0,None
2025-08-23,INV-03,250.0,2.79,39.7,748.4,799.3,576.5,0.0,100.0,0,None
2025-08-23,INV-04,250.0,2.79,39.7,752.9,796.1,520.1,0.0,100.0,0,None
2025-08-23,INV-05,250.0,2.79,39.7,751.9,758.1,587.8,0.0,100.0,0,None
2025-08-23,INV-06,250.0,2.79,39.7,752.1,782.6,586.6,0.0,100.0,0,None
2025-08-23,INV-07,250.0,2.79,39.7,746.4,783.9,587.2,0.0,100.0,0,None
2025-08-23,INV-08,250.0,2.79,39.7,750.4,779.0,588.5,0.0,100.0,0,None
2025-08-23,INV-09,250.0,2.79,39.7,749.9,776.2,563.5,0.0,100.0,0,None
2025-08-23,INV-10,250.0,2.79,39.7,752.6,780.5,582.9,0.0,100.0,0,None
2025-08-23,INV-11,250.0,2.79,39.7,754.6,789.0,584.0,0.0,100.0,0,None
2025-08-23,INV-12,250.0,2.79,39.7,751.2,772.1,593.0,0.0,100.0,0,None
2025-08-24,INV-01,250.0,2.83,43.0,746.9,784.5,590.0,0.0,100.0,0,None
2025-08-24,INV-02,250.0,2.83,43.0,742.4,766.2,597.3,0.0,100.0,0,None
2025-08-24,INV-03,250.0,2.83,43.0,738.9,768.7,594.0,0.0,100.0,0,None
2025-08-24,INV-04,250.0,2.83,43.0,737.5,767.2,525.8,0.0,100.0,0,None
2025-08-24,INV-05,250.0,2.83,43.0,744.8,764.3,579.6,0.0,100.0,0,None
2025-08-24,INV-06,250.0,2.83,43.0,744.2,775.6,593.8,0.0,100.0,0,None
2025-08-24,INV-07,250.0,2.83,43.0,741.7,772.0,584.4,0.0,100.0,0,None
2025-08-24,INV-08,250.0,2.83,43.0,742.1,776.5,582.8,0.0,100.0,0,None
2025-08-24,INV-09,250.0,2.83,43.0,745.5,766.0,575.6,0.0,100.0,0,None
2025-08-24,INV-10,250.0,2.83,43.0,749.5,779.6,568.7,0.0,100.0,0,None
2025-08-24,INV-11,250.0,2.83,43.0,740.8,781.9,584.6,0.0,100.0,0,None
2025-08-24,INV-12,250.0,2.83,43.0,744.3,790.9,586.6,0.0,100.0,0,None
2025-08-25,INV-01,250.0,1.7,39.3,750.8,780.3,358.6,0.0,100.0,0,None
2025-08-25,INV-02,250.0,1.7,39.3,748.2,760.1,358.3,0.0,100.0,0,None
2025-08-25,INV-03,250.0,1.7,39.3,751.8,783.2,356.4,0.0,100.0,0,None
2025-08-25,INV-04,250.0,1.7,39.3,753.7,780.5,320.5,0.0,100.0,0,None
2025-08-25,INV-05,250.0,1.7,39.3,750.5,776.1,363.1,0.0,100.0,0,None
2025-08-25,INV-06,250.0,1.7,39.3,743.4,767.5,357.1,0.0,100.0,0,None
2025-08-25,INV-07,250.0,1.7,39.3,753.7,782.7,358.1,0.0,100.0,0,None
2025-08-25,INV-08,250.0,1.7,39.3,751.9,778.0,358.3,0.0,100.0,0,None
2025-08-25,INV-09,250.0,1.7,39.3,747.4,762.6,352.0,0.0,100.0,0,None
2025-08-25,INV-10,250.0,1.7,39.3,754.5,794.7,349.9,0.0,100.0,0,None
2025-08-25,INV-11,250.0,1.7,39.3,745.8,773.8,359.1,0.0,100.0,0,None
2025-08-25,INV-12,250.0,1.7,39.3,755.6,779.7,357.0,0.0,100.0,0,None
2025-08-26,INV-01,250.0,3.17,44.4,735.2,771.6,651.2,0.0,100.0,0,None
2025-08-26,INV-02,250.0,3.17,44.4,743.5,791.4,656.1,0.0,100.0,0,None
2025-08-26,INV-03,250.0,3.17,44.4,740.0,768.2,641.2,0.0,100.0,0,None
2025-08-26,INV-04,250.0,3.17,44.4,747.1,781.5,584.1,0.0,100.0,0,None
2025-08-26,INV-05,250.0,3.17,44.4,743.6,770.1,644.6,0.0,100.0,0,None
2025-08-26,INV-06,250.0,3.17,44.4,742.3,773.0,643.6,0.0,100.0,0,None
2025-08-26,INV-07,250.0,3.17,44.4,737.0,755.0,654.7,0.0,100.0,0,None
2025-08-26,INV-08,250.0,3.17,44.4,743.1,773.1,649.6,0.0,100.0,0,None
2025-08-26,INV-09,250.0,3.17,44.4,736.0,766.4,634.3,0.0,100.0,0,None
2025-08-26,INV-10,250.0,3.17,44.4,746.3,790.7,649.7,0.0,100.0,0,None
2025-08-26,INV-11,250.0,3.17,44.4,742.8,758.4,660.0,0.0,100.0,0,None
2025-08-26,INV-12,250.0,3.17,44.4,737.8,765.6,641.6,0.0,100.0,0,None
2025-08-27,INV-01,250.0,2.49,40.3,746.5,787.4,520.2,0.0,100.0,0,None
2025-08-27,INV-02,250.0,2.49,40.3,747.8,777.8,516.5,0.0,100.0,0,None
2025-08-27,INV-03,250.0,2.49,40.3,753.4,776.6,515.2,0.0,100.0,0,None
2025-08-27,INV-04,250.0,2.49,40.3,753.8,782.0,467.0,0.0,100.0,0,None
2025-08-27,INV-05,250.0,2.49,40.3,745.8,785.6,525.4,0.0,100.0,0,None
2025-08-27,INV-06,250.0,2.49,40.3,747.4,774.0,520.2,0.0,100.0,0,None
2025-08-27,INV-07,250.0,2.49,40.3,747.5,785.1,518.3,0.0,100.0,0,None
2025-08-27,INV-08,250.0,2.49,40.3,752.7,777.7,520.9,0.0,100.0,0,None
2025-08-27,INV-09,250.0,2.49,40.3,750.0,773.9,503.2,0.0,100.0,0,None
2025-08-27,INV-10,250.0,2.49,40.3,749.8,785.1,511.4,0.0,100.0,0,None
2025-08-27,INV-11,250.0,2.49,40.3,751.6,774.6,520.1,0.0,100.0,0,None
2025-08-27,INV-12,250.0,2.49,40.3,747.1,783.7,517.8,0.0,100.0,0,None
2025-08-28,INV-01,250.0,2.87,40.8,744.8,789.6,601.2,0.0,100.0,0,None
2025-08-28,INV-02,250.0,2.87,40.8,753.8,778.5,596.1,0.0,100.0,0,None
2025-08-28,INV-03,250.0,2.87,40.8,755.9,792.2,594.2,0.0,100.0,0,None
2025-08-28,INV-04,250.0,2.87,40.8,747.6,787.2,542.7,0.0,100.0,0,None
2025-08-28,INV-05,250.0,2.87,40.8,749.8,779.7,599.2,0.0,100.0,0,None
2025-08-28,INV-06,250.0,2.87,40.8,748.7,779.7,596.8,0.0,100.0,0,None
2025-08-28,INV-07,250.0,2.87,40.8,755.4,771.7,608.4,0.0,100.0,0,None
2025-08-28,INV-08,250.0,2.87,40.8,740.0,764.3,589.5,0.0,100.0,0,None
2025-08-28,INV-09,250.0,2.87,40.8,750.0,787.3,599.3,0.0,100.0,0,None
2025-08-28,INV-10,250.0,2.87,40.8,745.6,776.1,584.4,0.0,100.0,0,None
2025-08-28,INV-11,250.0,2.87,40.8,739.1,772.0,602.5,0.0,100.0,0,None
2025-08-28,INV-12,250.0,2.87,40.8,747.1,778.1,598.3,0.0,100.0,0,None
2025-08-29,INV-01,250.0,2.61,41.9,742.9,771.4,537.4,0.0,100.0,0,None
2025-08-29,INV-02,250.0,2.61,41.9,747.7,774.5,535.3,0.0,100.0,0,None
2025-08-29,INV-03,250.0,2.61,41.9,753.9,794.3,541.4,0.0,100.0,0,None
2025-08-29,INV-04,250.0,2.61,41.9,747.2,771.3,484.9,0.0,100.0,0,None
2025-08-29,INV-05,250.0,2.61,41.9,749.8,768.7,539.5,0.0,100.0,0,None
2025-08-29,INV-06,250.0,2.61,41.9,749.0,785.3,534.9,0.0,100.0,0,None
2025-08-29,INV-07,250.0,2.61,41.9,747.4,766.1,548.6,0.0,100.0,0,None
2025-08-29,INV-08,250.0,2.61,41.9,747.0,761.5,540.2,0.0,100.0,0,None
2025-08-29,INV-09,250.0,2.61,41.9,748.4,785.7,542.0,0.0,100.0,0,None
2025-08-29,INV-10,250.0,2.61,41.9,749.3,780.5,532.4,0.0,100.0,0,None
2025-08-29,INV-11,250.0,2.61,41.9,740.8,774.6,546.3,0.0,100.0,0,None
2025-08-29,INV-12,250.0,2.61,41.9,747.2,773.7,546.5,0.0,100.0,0,None
2025-08-30,INV-01,250.0,3.17,43.0,741.4,776.2,655.3,0.0,100.0,0,None
2025-08-30,INV-02,250.0,3.17,43.0,740.2,779.7,636.5,0.0,100.0,0,None
2025-08-30,INV-03,250.0,3.17,43.0,747.6,780.8,658.3,0.0,100.0,0,None
2025-08-30,INV-04,250.0,3.17,43.0,747.7,792.1,586.8,0.0,100.0,0,None
2025-08-30,INV-05,250.0,3.17,43.0,746.8,771.2,656.4,0.0,100.0,0,None
2025-08-30,INV-06,250.0,3.17,43.0,747.3,762.6,644.1,0.0,100.0,0,None
2025-08-30,INV-07,250.0,3.17,43.0,743.0,778.7,652.9,0.0,100.0,0,None
2025-08-30,INV-08,250.0,3.17,43.0,743.1,766.9,648.0,0.0,100.0,0,None
2025-08-30,INV-09,250.0,3.17,43.0,741.3,769.2,648.9,0.0,100.0,0,None
2025-08-30,INV-10,250.0,3.17,43.0,744.6,760.5,634.1,0.0,100.0,0,None
2025-08-30,INV-11,250.0,3.17,43.0,741.8,764.6,649.9,0.0,100.0,0,None
2025-08-30,INV-12,250.0,3.17,43.0,742.2,760.2,659.8,0.0,100.0,0,None
2025-08-31,INV-01,250.0,1.94,40.3,740.9,777.7,402.6,0.0,100.0,0,None
2025-08-31,INV-02,250.0,1.94,40.3,751.2,771.4,403.7,0.0,100.0,0,None
2025-08-31,INV-03,250.0,1.94,40.3,749.8,784.4,410.4,0.0,100.0,0,None
2025-08-31,INV-04,250.0,1.94,40.3,746.7,771.3,360.9,0.0,100.0,0,None
2025-08-31,INV-05,250.0,1.94,40.3,750.1,782.1,400.8,0.0,100.0,0,None
2025-08-31,INV-06,250.0,1.94,40.3,750.1,775.6,404.4,0.0,100.0,0,None
2025-08-31,INV-07,250.0,1.94,40.3,745.2,770.6,401.6,0.0,100.0,0,None
2025-08-31,INV-08,250.0,1.94,40.3,750.7,792.9,399.3,0.0,100.0,0,None
2025-08-31,INV-09,250.0,1.94,40.3,754.2,772.9,398.8,0.0,100.0,0,None
2025-08-31,INV-10,250.0,1.94,40.3,748.5,782.4,404.6,0.0,100.0,0,None
2025-08-31,INV-11,250.0,1.94,40.3,745.9,789.8,406.6,0.0,100.0,0,None
2025-08-31,INV-12,250.0,1.94,40.3,748.7,784.2,407.9,0.0,100.0,0,None
2025-09-01,INV-01,250.0,2.14,37.3,758.4,791.9,447.4,0.0,100.0,0,None
2025-09-01,INV-02,250.0,2.14,37.3,758.2,779.5,454.3,0.0,100.0,0,None
2025-09-01,INV-03,250.0,2.14,37.3,753.6,789.8,452.6,0.0,100.0,0,None
2025-09-01,INV-04,250.0,2.14,37.3,760.3,792.8,402.0,0.0,100.0,0,None
2025-09-01,INV-05,250.0,2.14,37.3,755.5,775.9,450.4,0.0,100.0,0,None
2025-09-01,INV-06,250.0,2.14,37.3,758.5,786.8,448.1,0.0,100.0,0,None
2025-09-01,INV-07,250.0,2.14,37.3,756.6,794.1,454.7,0.0,100.0,0,None
2025-09-01,INV-08,250.0,2.14,37.3,754.7,774.7,465.6,0.0,100.0,0,None
2025-09-01,INV-09,250.0,2.14,37.3,751.6,773.1,449.3,0.0,100.0,0,None
2025-09-01,INV-10,250.0,2.14,37.3,754.9,784.3,444.8,0.0,100.0,0,None
2025-09-01,INV-11,250.0,2.14,37.3,758.8,805.9,451.0,0.0,100.0,0,None
2025-09-01,INV-12,250.0,2.14,37.3,753.4,778.0,448.4,0.0,100.0,0,None
2025-09-02,INV-01,250.0,4.72,44.9,742.4,780.9,962.4,0.0,100.0,0,None
2025-09-02,INV-02,250.0,4.72,44.9,739.5,780.8,961.7,0.0,100.0,0,None
2025-09-02,INV-03,250.0,4.72,44.9,743.1,775.8,954.6,0.0,100.0,0,None
2025-09-02,INV-04,250.0,4.72,44.9,733.9,777.6,865.7,0.0,100.0,0,None
2025-09-02,INV-05,250.0,4.72,44.9,746.7,777.4,968.4,0.0,100.0,0,None
2025-09-02,INV-06,250.0,4.72,44.9,735.8,774.4,983.1,0.0,100.0,0,None
2025-09-02,INV-07,250.0,4.72,44.9,743.4,776.9,975.4,0.0,100.0,0,None
2025-09-02,INV-08,250.0,4.72,44.9,739.2,764.8,895.4,0.69,93.1,1,Grid trip
2025-09-02,INV-09,250.0,4.72,44.9,739.8,771.2,940.3,0.0,100.0,0,None
2025-09-02,INV-10,250.0,4.72,44.9,739.3,773.3,950.8,0.0,100.0,0,None
2025-09-02,INV-11,250.0,4.72,44.9,741.3,771.0,979.6,0.0,100.0,0,None
2025-09-02,INV-12,250.0,4.72,44.9,742.1,775.4,970.0,0.0,100.0,0,None
2025-09-03,INV-01,250.0,2.25,38.1,752.6,780.4,483.4,0.0,100.0,0,None
2025-09-03,INV-02,250.0,2.25,38.1,748.0,782.4,476.6,0.0,100.0,0,None
2025-09-03,INV-03,250.0,2.25,38.1,754.1,791.1,479.4,0.0,100.0,0,None
2025-09-03,INV-04,250.0,2.25,38.1,754.8,783.2,423.2,0.0,100.0,0,None
2025-09-03,INV-05,250.0,2.25,38.1,752.7,791.9,473.8,0.0,100.0,0,None
2025-09-03,INV-06,250.0,2.25,38.1,754.7,794.4,475.0,0.0,100.0,0,None
2025-09-03,INV-07,250.0,2.25,38.1,755.4,796.5,471.6,0.0,100.0,0,None
2025-09-03,INV-08,250.0,2.25,38.1,754.8,788.5,472.8,0.0,100.0,0,None
2025-09-03,INV-09,250.0,2.25,38.1,749.0,797.9,471.7,0.0,100.0,0,None
2025-09-03,INV-10,250.0,2.25,38.1,752.8,777.8,471.2,0.0,100.0,0,None
2025-09-03,INV-11,250.0,2.25,38.1,755.4,802.4,475.7,0.0,100.0,0,None
2025-09-03,INV-12,250.0,2.25,38.1,760.1,796.2,470.2,0.0,100.0,0,None
2025-09-04,INV-01,250.0,2.38,40.1,747.0,763.5,511.2,0.0,100.0,0,None
2025-09-04,INV-02,250.0,2.38,40.1,746.7,790.4,504.0,0.0,100.0,0,None
2025-09-04,INV-03,250.0,2.38,40.1,749.5,780.2,489.8,0.0,100.0,0,None
2025-09-04,INV-04,250.0,2.38,40.1,753.4,787.8,447.7,0.0,100.0,0,None
2025-09-04,INV-05,250.0,2.38,40.1,749.6,790.2,500.1,0.0,100.0,0,None
2025-09-04,INV-06,250.0,2.38,40.1,756.4,793.2,494.1,0.0,100.0,0,None
2025-09-04,INV-07,250.0,2.38,40.1,747.1,771.2,498.5,0.0,100.0,0,None
2025-09-04,INV-08,250.0,2.38,40.1,750.6,785.4,499.1,0.0,100.0,0,None
2025-09-04,INV-09,250.0,2.38,40.1,748.5,793.4,483.8,0.0,100.0,0,None
2025-09-04,INV-10,250.0,2.38,40.1,752.2,775.1,483.6,0.0,100.0,0,None
2025-09-04,INV-11,250.0,2.38,40.1,746.7,793.7,499.1,0.0,100.0,0,None
2025-09-04,INV-12,250.0,2.38,40.1,757.6,790.7,499.3,0.0,100.0,0,None
2025-09-05,INV-01,250.0,4.45,41.0,747.1,797.9,926.0,0.0,100.0,0,None
2025-09-05,INV-02,250.0,4.45,41.0,754.1,786.6,916.9,0.0,100.0,0,None
2025-09-05,INV-03,250.0,4.45,41.0,748.7,782.4,926.9,0.0,100.0,0,None
2025-09-05,INV-04,250.0,4.45,41.0,747.0,773.3,828.9,0.0,100.0,0,None
2025-09-05,INV-05,250.0,4.45,41.0,754.3,779.6,913.4,0.0,100.0,0,None
2025-09-05,INV-06,250.0,4.45,41.0,746.9,785.1,920.8,0.0,100.0,0,None
2025-09-05,INV-07,250.0,4.45,41.0,757.0,773.6,932.4,0.0,100.0,0,None
2025-09-05,INV-08,250.0,4.45,41.0,746.0,766.9,932.6,0.0,100.0,0,None
2025-09-05,INV-09,250.0,4.45,41.0,744.0,772.1,909.4,0.0,100.0,0,None
2025-09-05,INV-10,250.0,4.45,41.0,747.4,788.2,916.5,0.0,100.0,0,None
2025-09-05,INV-11,250.0,4.45,41.0,747.1,774.1,919.3,0.0,100.0,0,None
2025-09-05,INV-12,250.0,4.45,41.0,744.9,778.2,920.0,0.0,100.0,0,None
2025-09-06,INV-01,250.0,5.05,44.6,741.4,767.5,1035.8,0.0,100.0,0,None
2025-09-06,INV-02,250.0,5.05,44.6,751.1,766.1,1024.6,0.0,100.0,0,None
2025-09-06,INV-03,250.0,5.05,44.6,738.0,759.0,1031.2,0.0,100.0,0,None
2025-09-06,INV-04,250.0,5.05,44.6,735.8,779.5,909.2,0.0,100.0,0,None
2025-09-06,INV-05,250.0,5.05,44.6,737.9,773.4,1028.4,0.0,100.0,0,None
2025-09-06,INV-06,250.0,5.05,44.6,739.9,770.4,1042.6,0.0,100.0,0,None
2025-09-06,INV-07,250.0,5.05,44.6,750.0,795.0,1043.5,0.0,100.0,0,None
2025-09-06,INV-08,250.0,5.05,44.6,739.6,785.3,1035.7,0.0,100.0,0,None
2025-09-06,INV-09,250.0,5.05,44.6,737.3,767.0,1018.9,0.0,100.0,0,None
2025-09-06,INV-10,250.0,5.05,44.6,737.2,767.0,1009.0,0.0,100.0,0,None
2025-09-06,INV-11,250.0,5.05,44.6,745.3,770.7,,0.0,100.0,0,None
2025-09-06,INV-12,250.0,5.05,44.6,744.7,772.5,1059.2,0.0,100.0,0,None
2025-09-07,INV-01,250.0,2.29,37.8,751.9,799.2,477.7,0.0,100.0,0,None
2025-09-07,INV-02,250.0,2.29,37.8,759.9,792.2,479.4,0.0,100.0,0,None
2025-09-07,INV-03,250.0,2.29,37.8,749.7,764.4,477.9,0.0,100.0,0,None
2025-09-07,INV-04,250.0,2.29,37.8,757.2,796.5,431.6,0.0,100.0,0,None
2025-09-07,INV-05,250.0,2.29,37.8,754.5,782.9,482.0,0.0,100.0,0,None
2025-09-07,INV-06,250.0,2.29,37.8,755.3,801.4,479.5,0.0,100.0,0,None
2025-09-07,INV-07,250.0,2.29,37.8,751.4,793.1,474.2,0.0,100.0,0,None
2025-09-07,INV-08,250.0,2.29,37.8,752.9,778.9,480.3,0.0,100.0,0,None
2025-09-07,INV-09,250.0,2.29,37.8,754.3,790.1,479.0,0.0,100.0,0,None
2025-09-07,INV-10,250.0,2.29,37.8,752.2,777.5,473.3,0.0,100.0,0,None
2025-09-07,INV-11,250.0,2.29,37.8,755.6,785.6,482.1,0.0,100.0,0,None
2025-09-07,INV-12,250.0,2.29,37.8,756.1,791.5,479.6,0.0,100.0,0,None
2025-09-08,INV-01,250.0,2.84,37.9,754.2,787.3,592.5,0.0,100.0,0,None
2025-09-08,INV-02,250.0,2.84,37.9,750.9,783.0,598.8,0.0,100.0,0,None
2025-09-08,INV-03,250.0,2.84,37.9,748.9,773.7,596.8,0.0,100.0,0,None
2025-09-08,INV-04,250.0,2.84,37.9,751.8,777.4,537.5,0.0,100.0,0,None
2025-09-08,INV-05,250.0,2.84,37.9,759.5,780.4,598.1,0.0,100.0,0,None
2025-09-08,INV-06,250.0,2.84,37.9,757.5,775.1,593.4,0.0,100.0,0,None
2025-09-08,INV-07,250.0,2.84,37.9,750.3,779.4,589.5,0.0,100.0,0,None
2025-09-08,INV-08,250.0,2.84,37.9,752.9,789.5,589.2,0.0,100.0,0,None
2025-09-08,INV-09,250.0,2.84,37.9,757.2,776.1,605.5,0.0,100.0,0,None
2025-09-08,INV-10,250.0,2.84,37.9,751.9,784.1,596.1,0.0,100.0,0,None
2025-09-08,INV-11,250.0,2.84,37.9,754.5,790.8,607.2,0.0,100.0,0,None
2025-09-08,INV-12,250.0,2.84,37.9,755.8,771.1,595.3,0.0,100.0,0,None
2025-09-09,INV-01,250.0,3.32,41.6,747.4,793.3,679.9,0.0,100.0,0,None
2025-09-09,INV-02,250.0,3.32,41.6,748.9,773.7,690.1,0.0,100.0,0,None
2025-09-09,INV-03,250.0,3.32,41.6,748.5,793.7,689.3,0.0,100.0,0,None
2025-09-09,INV-04,250.0,3.32,41.6,751.8,785.1,606.3,0.0,100.0,0,None
2025-09-09,INV-05,250.0,3.32,41.6,749.8,779.4,693.2,0.0,100.0,0,None
2025-09-09,INV-06,250.0,3.32,41.6,745.1,763.1,685.1,0.0,100.0,0,None
2025-09-09,INV-07,250.0,3.32,41.6,744.3,774.4,690.3,0.0,100.0,0,None
2025-09-09,INV-08,250.0,3.32,41.6,746.7,791.8,694.7,0.0,100.0,0,None
2025-09-09,INV-09,250.0,3.32,41.6,743.8,786.3,631.3,0.68,93.2,2,Grid trip
2025-09-09,INV-10,250.0,3.32,41.6,742.7,774.9,684.6,0.0,100.0,0,None
2025-09-09,INV-11,250.0,3.32,41.6,738.4,759.2,688.3,0.0,100.0,0,None
2025-09-09,INV-12,250.0,3.32,41.6,740.7,763.0,697.2,0.0,100.0,1,Comm loss
2025-09-10,INV-01,250.0,4.26,42.3,744.1,779.7,892.7,0.0,100.0,0,None
2025-09-10,INV-02,250.0,4.26,42.3,743.6,769.0,895.5,0.0,100.0,0,None
2025-09-10,INV-03,250.0,4.26,42.3,748.5,783.3,881.1,0.0,100.0,0,None
2025-09-10,INV-04,250.0,4.26,42.3,738.3,749.4,786.0,0.0,100.0,0,None
2025-09-10,INV-05,250.0,4.26,42.3,751.7,778.6,872.4,0.0,100.0,0,None
2025-09-10,INV-06,250.0,4.26,42.3,745.9,785.3,877.8,0.0,100.0,0,None
2025-09-10,INV-07,250.0,4.26,42.3,747.8,776.5,876.7,0.0,100.0,0,None
2025-09-10,INV-08,250.0,4.26,42.3,748.3,771.7,881.2,0.0,100.0,0,None
2025-09-10,INV-09,250.0,4.26,42.3,742.6,767.3,865.5,0.0,100.0,0,None
2025-09-10,INV-10,250.0,4.26,42.3,741.7,747.5,862.1,0.0,100.0,0,None
2025-09-10,INV-11,250.0,4.26,42.3,741.3,763.2,881.5,0.0,100.0,0,None
2025-09-10,INV-12,250.0,4.26,42.3,744.4,782.9,880.6,0.0,100.0,0,None
2025-09-11,INV-01,250.0,2.37,37.6,748.9,773.5,502.3,0.0,100.0,0,None
2025-09-11,INV-02,250.0,2.37,37.6,756.7,782.9,501.3,0.0,100.0,0,None
2025-09-11,INV-03,250.0,2.37,37.6,753.0,785.5,504.0,0.0,100.0,0,None
2025-09-11,INV-04,250.0,2.37,37.6,753.1,770.8,440.7,0.0,100.0,0,None
2025-09-11,INV-05,250.0,2.37,37.6,751.7,783.5,499.0,0.0,100.0,0,None
2025-09-11,INV-06,250.0,2.37,37.6,756.9,780.9,497.1,0.0,100.0,0,None
2025-09-11,INV-07,250.0,2.37,37.6,751.6,788.4,499.9,0.0,100.0,0,None
2025-09-11,INV-08,250.0,2.37,37.6,750.4,784.8,499.4,0.0,100.0,0,None
2025-09-11,INV-09,250.0,2.37,37.6,759.3,792.6,489.1,0.0,100.0,0,None
2025-09-11,INV-10,250.0,2.37,37.6,754.1,771.2,476.5,0.0,100.0,0,None
2025-09-11,INV-11,250.0,2.37,37.6,754.2,783.4,506.9,0.0,100.0,0,None
2025-09-11,INV-12,250.0,2.37,37.6,757.6,778.2,503.1,0.0,100.0,0,None
2025-09-12,INV-01,250.0,2.87,41.4,746.4,769.3,498.8,1.5,85.0,1,Grid trip
2025-09-12,INV-02,250.0,2.87,41.4,746.4,778.0,591.6,0.0,100.0,0,None
2025-09-12,INV-03,250.0,2.87,41.4,749.4,781.8,596.1,0.0,100.0,0,None
2025-09-12,INV-04,250.0,2.87,41.4,750.4,769.8,531.1,0.0,100.0,0,None
2025-09-12,INV-05,250.0,2.87,41.4,747.7,781.5,590.9,0.0,100.0,0,None
2025-09-12,INV-06,250.0,2.87,41.4,750.8,770.8,595.5,0.0,100.0,0,None
2025-09-12,INV-07,250.0,2.87,41.4,745.0,771.6,605.0,0.0,100.0,0,None
2025-09-12,INV-08,250.0,2.87,41.4,750.8,781.1,597.0,0.0,100.0,0,None
2025-09-12,INV-09,250.0,2.87,41.4,751.3,775.5,591.8,0.0,100.0,0,None
2025-09-12,INV-10,250.0,2.87,41.4,750.0,780.6,588.8,0.0,100.0,0,None
2025-09-12,INV-11,250.0,2.87,41.4,747.8,778.3,603.4,0.0,100.0,0,None
2025-09-12,INV-12,250.0,2.87,41.4,750.1,773.5,548.4,0.76,92.4,1,Grid trip
2025-09-13,INV-01,250.0,3.55,39.5,748.2,773.1,737.7,0.0,100.0,0,None
2025-09-13,INV-02,250.0,3.55,39.5,747.6,779.4,744.2,0.0,100.0,0,None
2025-09-13,INV-03,250.0,3.55,39.5,747.8,779.6,747.7,0.0,100.0,0,None
2025-09-13,INV-04,250.0,3.55,39.5,756.9,785.1,665.3,0.0,100.0,0,None
2025-09-13,INV-05,250.0,3.55,39.5,750.0,782.9,756.6,0.0,100.0,0,None
2025-09-13,INV-06,250.0,3.55,39.5,750.5,773.5,726.1,0.0,100.0,0,None
2025-09-13,INV-07,250.0,3.55,39.5,754.0,789.5,735.9,0.0,100.0,0,None
2025-09-13,INV-08,250.0,3.55,39.5,744.3,772.6,740.4,0.0,100.0,0,None
2025-09-13,INV-09,250.0,3.55,39.5,751.1,777.3,743.1,0.0,100.0,0,None
2025-09-13,INV-10,250.0,3.55,39.5,746.5,770.2,741.6,0.0,100.0,0,None
2025-09-13,INV-11,250.0,3.55,39.5,749.7,777.8,752.8,0.0,100.0,0,None
2025-09-13,INV-12,250.0,3.55,39.5,748.6,793.5,736.9,0.0,100.0,0,None
2025-09-14,INV-01,250.0,3.3,39.6,758.8,789.0,688.6,0.0,100.0,0,None
2025-09-14,INV-02,250.0,3.3,39.6,754.9,789.3,701.8,0.0,100.0,0,None
2025-09-14,INV-03,250.0,3.3,39.6,752.2,795.2,685.4,0.0,100.0,0,None
2025-09-14,INV-04,250.0,3.3,39.6,756.1,787.6,617.0,0.0,100.0,1,Comm loss
2025-09-14,INV-05,250.0,3.3,39.6,752.9,775.6,698.3,0.0,100.0,0,None
2025-09-14,INV-06,250.0,3.3,39.6,748.9,764.3,675.1,0.0,100.0,0,None
2025-09-14,INV-07,250.0,3.3,39.6,746.1,781.6,677.2,0.0,100.0,0,None
2025-09-14,INV-08,250.0,3.3,39.6,748.4,771.5,683.3,0.0,100.0,0,None
2025-09-14,INV-09,250.0,3.3,39.6,750.5,787.5,678.1,0.0,100.0,0,None
2025-09-14,INV-10,250.0,3.3,39.6,751.4,792.6,665.1,0.0,100.0,0,None
2025-09-14,INV-11,250.0,3.3,39.6,742.2,759.8,693.8,0.0,100.0,0,None
2025-09-14,INV-12,250.0,3.3,39.6,749.8,784.3,692.5,0.0,100.0,0,None
2025-09-15,INV-01,250.0,2.73,38.9,752.8,781.3,573.0,0.0,100.0,0,None
2025-09-15,INV-02,250.0,2.73,38.9,754.3,796.9,567.9,0.0,100.0,0,None
2025-09-15,INV-03,250.0,2.73,38.9,747.2,771.3,564.5,0.0,100.0,0,None
2025-09-15,INV-04,250.0,2.73,38.9,759.4,789.6,510.8,0.0,100.0,0,None
2025-09-15,INV-05,250.0,2.73,38.9,755.1,791.6,569.0,0.0,100.0,0,None
2025-09-15,INV-06,250.0,2.73,38.9,751.1,786.4,572.5,0.0,100.0,0,None
2025-09-15,INV-07,250.0,2.73,38.9,748.5,787.3,575.6,0.0,100.0,0,None
2025-09-15,INV-08,250.0,2.73,38.9,756.6,782.7,572.5,0.0,100.0,0,None
2025-09-15,INV-09,250.0,2.73,38.9,747.9,778.5,563.2,0.0,100.0,0,None
2025-09-15,INV-10,250.0,2.73,38.9,761.3,801.3,559.1,0.0,100.0,0,None
2025-09-15,INV-11,250.0,2.73,38.9,749.8,774.2,564.4,0.0,100.0,0,None
2025-09-15,INV-12,250.0,2.73,38.9,759.2,793.7,574.4,0.0,100.0,0,None
2025-09-16,INV-01,250.0,2.88,37.6,755.2,789.9,615.8,0.0,100.0,0,None
2025-09-16,INV-02,250.0,2.88,37.6,757.5,779.8,597.0,0.0,100.0,0,None
2025-09-16,INV-03,250.0,2.88,37.6,753.4,771.0,604.2,0.0,100.0,0,None
2025-09-16,INV-04,250.0,2.88,37.6,758.4,781.1,542.2,0.0,100.0,0,None
2025-09-16,INV-05,250.0,2.88,37.6,749.7,776.6,599.5,0.0,100.0,0,None
2025-09-16,INV-06,250.0,2.88,37.6,759.5,786.7,595.7,0.0,100.0,0,None
2025-09-16,INV-07,250.0,2.88,37.6,754.7,783.7,599.9,0.0,100.0,0,None
2025-09-16,INV-08,250.0,2.88,37.6,754.6,792.8,601.8,0.0,100.0,0,None
2025-09-16,INV-09,250.0,2.88,37.6,752.0,792.0,583.7,0.0,100.0,0,None
2025-09-16,INV-10,250.0,2.88,37.6,749.9,795.9,601.5,0.0,100.0,0,None
2025-09-16,INV-11,250.0,2.88,37.6,748.1,765.1,605.8,0.0,100.0,0,None
2025-09-16,INV-12,250.0,2.88,37.6,751.7,774.9,601.3,0.0,100.0,0,None
2025-09-17,INV-01,250.0,2.04,37.6,756.9,788.8,432.2,0.0,100.0,0,None
2025-09-17,INV-02,250.0,2.04,37.6,751.6,777.9,426.6,0.0,100.0,0,None
2025-09-17,INV-03,250.0,2.04,37.6,755.9,784.9,434.7,0.0,100.0,0,None
2025-09-17,INV-04,250.0,2.04,37.6,748.7,788.5,382.0,0.0,100.0,0,None
2025-09-17,INV-05,250.0,2.04,37.6,761.0,798.3,420.4,0.0,100.0,0,None
2025-09-17,INV-06,250.0,2.04,37.6,749.1,770.0,432.4,0.0,100.0,0,None
2025-09-17,INV-07,250.0,2.04,37.6,753.4,777.9,424.3,0.0,100.0,0,None
2025-09-17,INV-08,250.0,2.04,37.6,749.5,783.3,429.0,0.0,100.0,0,None
2025-09-17,INV-09,250.0,2.04,37.6,751.8,784.6,423.3,0.0,100.0,0,None
2025-09-17,INV-10,250.0,2.04,37.6,754.8,776.4,423.6,0.0,100.0,0,None
2025-09-17,INV-11,250.0,2.04,37.6,752.6,788.6,434.1,0.0,100.0,0,None
2025-09-17,INV-12,250.0,2.04,37.6,759.3,782.2,433.1,0.0,100.0,0,None
2025-09-18,INV-01,250.0,2.78,37.2,750.9,796.0,587.3,0.0,100.0,0,None
2025-09-18,INV-02,250.0,2.78,37.2,757.3,786.0,581.0,0.0,100.0,0,None
2025-09-18,INV-03,250.0,2.78,37.2,755.2,780.3,586.9,0.0,100.0,0,None
2025-09-18,INV-04,250.0,2.78,37.2,758.3,772.7,538.1,0.0,100.0,0,None
2025-09-18,INV-05,250.0,2.78,37.2,755.9,792.8,591.3,0.0,100.0,0,None
2025-09-18,INV-06,250.0,2.78,37.2,759.4,785.0,582.7,0.0,100.0,0,None
2025-09-18,INV-07,250.0,2.78,37.2,757.0,810.7,583.7,0.0,100.0,0,None
2025-09-18,INV-08,250.0,2.78,37.2,758.9,783.0,570.2,0.0,100.0,0,None
2025-09-18,INV-09,250.0,2.78,37.2,747.2,794.0,581.6,0.0,100.0,0,None
2025-09-18,INV-10,250.0,2.78,37.2,750.6,786.6,580.7,0.0,100.0,0,None
2025-09-18,INV-11,250.0,2.78,37.2,754.1,775.9,584.5,0.0,100.0,0,None
2025-09-18,INV-12,250.0,2.78,37.2,759.9,791.7,579.2,0.0,100.0,0,None
2025-09-19,INV-01,250.0,2.75,37.2,762.0,792.0,589.3,0.0,100.0,0,None
2025-09-19,INV-02,250.0,2.75,37.2,762.6,1017.1,503.4,1.3,87.0,6,DC overvoltage
2025-09-19,INV-03,250.0,2.75,37.2,747.5,777.3,584.1,0.0,100.0,0,None
2025-09-19,INV-04,250.0,2.75,37.2,750.9,774.5,517.1,0.0,100.0,0,None
2025-09-19,INV-05,250.0,2.75,37.2,748.4,761.2,565.8,0.0,100.0,0,None
2025-09-19,INV-06,250.0,2.75,37.2,758.2,795.8,580.5,0.0,100.0,0,None
2025-09-19,INV-07,250.0,2.75,37.2,752.9,777.0,575.3,0.0,100.0,0,None
2025-09-19,INV-08,250.0,2.75,37.2,753.7,774.5,533.5,0.76,92.4,1,Grid trip
2025-09-19,INV-09,250.0,2.75,37.2,754.8,771.1,560.5,0.0,100.0,0,None
2025-09-19,INV-10,250.0,2.75,37.2,757.2,775.7,569.0,0.0,100.0,0,None
2025-09-19,INV-11,250.0,2.75,37.2,749.7,772.0,586.3,0.0,100.0,0,None
2025-09-19,INV-12,250.0,2.75,37.2,750.6,778.7,585.0,0.0,100.0,0,None
2025-09-20,INV-01,250.0,3.06,40.2,754.3,766.4,641.9,0.0,100.0,0,None
2025-09-20,INV-02,250.0,3.06,40.2,751.8,783.7,638.5,0.0,100.0,1,Comm loss
2025-09-20,INV-03,250.0,3.06,40.2,747.2,761.3,643.8,0.0,100.0,0,None
2025-09-20,INV-04,250.0,3.06,40.2,755.6,777.7,558.5,0.0,100.0,0,None
2025-09-20,INV-05,250.0,3.06,40.2,753.4,769.2,639.0,0.0,100.0,0,None
2025-09-20,INV-06,250.0,3.06,40.2,746.3,763.1,641.0,0.0,100.0,0,None
2025-09-20,INV-07,250.0,3.06,40.2,749.0,782.4,632.8,0.0,100.0,0,None
2025-09-20,INV-08,250.0,3.06,40.2,751.7,779.9,654.2,0.0,100.0,0,None
2025-09-20,INV-09,250.0,3.06,40.2,748.1,776.1,622.9,0.0,100.0,0,None
2025-09-20,INV-10,250.0,3.06,40.2,748.3,767.7,539.1,1.19,88.1,1,Grid trip
2025-09-20,INV-11,250.0,3.06,40.2,749.7,774.5,640.7,0.0,100.0,0,None
2025-09-20,INV-12,250.0,3.06,40.2,745.3,778.3,632.7,0.0,100.0,0,None
2025-09-21,INV-01,250.0,2.53,35.5,756.6,804.6,536.6,0.0,100.0,0,None
2025-09-21,INV-02,250.0,2.53,35.5,762.6,799.9,528.4,0.0,100.0,0,None
2025-09-21,INV-03,250.0,2.53,35.5,760.6,792.3,543.5,0.0,100.0,0,None
2025-09-21,INV-04,250.0,2.53,35.5,752.0,785.5,485.2,0.0,100.0,0,None
2025-09-21,INV-05,250.0,2.53,35.5,760.0,792.1,540.1,0.0,100.0,0,None
2025-09-21,INV-06,250.0,2.53,35.5,759.8,790.0,542.8,0.0,100.0,0,None
2025-09-21,INV-07,250.0,2.53,35.5,760.4,807.7,535.3,0.0,100.0,0,None
2025-09-21,INV-08,250.0,2.53,35.5,761.3,785.3,536.1,0.0,100.0,0,None
2025-09-21,INV-09,250.0,2.53,35.5,765.0,804.2,537.9,0.0,100.0,0,None
2025-09-21,INV-10,250.0,2.53,35.5,760.6,789.6,531.2,0.0,100.0,0,None
2025-09-21,INV-11,250.0,2.53,35.5,759.1,777.2,526.4,0.0,100.0,0,None
2025-09-21,INV-12,250.0,2.53,35.5,763.6,792.1,541.2,0.0,100.0,0,None
2025-09-22,INV-01,250.0,3.18,34.4,763.5,795.0,667.3,0.0,100.0,0,None
2025-09-22,INV-02,250.0,3.18,34.4,762.5,789.8,676.7,0.0,100.0,0,None
2025-09-22,INV-03,250.0,3.18,34.4,757.0,770.8,584.0,1.34,86.6,1,Grid trip
2025-09-22,INV-04,250.0,3.18,34.4,766.4,800.6,605.2,0.0,100.0,0,None
2025-09-22,INV-05,250.0,3.18,34.4,765.0,792.0,678.2,0.0,100.0,0,None
2025-09-22,INV-06,250.0,3.18,34.4,757.6,793.8,684.2,0.0,100.0,0,None
2025-09-22,INV-07,250.0,3.18,34.4,766.1,799.9,672.6,0.0,100.0,0,None
2025-09-22,INV-08,250.0,3.18,34.4,762.5,789.7,676.3,0.0,100.0,0,None
2025-09-22,INV-09,250.0,3.18,34.4,760.6,798.8,660.6,0.0,100.0,0,None
2025-09-22,INV-10,250.0,3.18,34.4,762.6,794.3,660.5,0.0,100.0,0,None
2025-09-22,INV-11,250.0,3.18,34.4,761.1,792.4,675.4,0.0,100.0,0,None
2025-09-22,INV-12,250.0,3.18,34.4,763.4,792.3,678.1,0.0,100.0,0,None
2025-09-23,INV-01,250.0,3.51,40.8,750.5,781.6,733.0,0.0,100.0,0,None
2025-09-23,INV-02,250.0,3.51,40.8,746.3,779.0,712.9,0.0,100.0,0,None
2025-09-23,INV-03,250.0,3.51,40.8,749.6,766.6,735.8,0.0,100.0,0,None
2025-09-23,INV-04,250.0,3.51,40.8,752.2,787.5,663.6,0.0,100.0,0,None
2025-09-23,INV-05,250.0,3.51,40.8,748.0,780.3,726.5,0.0,100.0,0,None
2025-09-23,INV-06,250.0,3.51,40.8,758.8,788.3,737.2,0.0,100.0,0,None
2025-09-23,INV-07,250.0,3.51,40.8,746.3,779.1,730.6,0.0,100.0,0,None
2025-09-23,INV-08,250.0,3.51,40.8,752.3,779.1,742.8,0.0,100.0,0,None
2025-09-23,INV-09,250.0,3.51,40.8,751.4,776.6,712.2,0.0,100.0,0,None
2025-09-23,INV-10,250.0,3.51,40.8,745.5,773.6,700.6,0.0,100.0,0,None
2025-09-23,INV-11,250.0,3.51,40.8,746.6,772.9,731.5,0.0,100.0,0,None
2025-09-23,INV-12,250.0,3.51,40.8,752.4,799.8,744.1,0.0,100.0,0,None
2025-09-24,INV-01,250.0,2.94,41.1,745.6,769.4,609.3,0.0,100.0,0,None
2025-09-24,INV-02,250.0,2.94,41.1,749.2,772.7,615.5,0.0,100.0,0,None
2025-09-24,INV-03,250.0,2.94,41.1,745.5,775.8,611.7,0.0,100.0,0,None
2025-09-24,INV-04,250.0,2.94,41.1,744.2,774.5,546.4,0.0,100.0,0,None
2025-09-24,INV-05,250.0,2.94,41.1,750.3,774.0,609.0,0.0,100.0,0,None
2025-09-24,INV-06,250.0,2.94,41.1,753.3,799.2,619.4,0.0,100.0,0,None
2025-09-24,INV-07,250.0,2.94,41.1,743.4,771.3,612.0,0.0,100.0,0,None
2025-09-24,INV-08,250.0,2.94,41.1,748.8,779.7,608.2,0.0,100.0,0,None
2025-09-24,INV-09,250.0,2.94,41.1,740.2,767.0,585.3,0.0,100.0,0,None
2025-09-24,INV-10,250.0,2.94,41.1,741.9,775.4,591.3,0.0,100.0,0,None
2025-09-24,INV-11,250.0,2.94,41.1,745.5,785.3,609.2,0.0,100.0,0,None
2025-09-24,INV-12,250.0,2.94,41.1,752.4,795.7,610.6,0.0,100.0,0,None
2025-09-25,INV-01,250.0,3.05,36.7,760.0,795.4,632.0,0.0,100.0,0,None
2025-09-25,INV-02,250.0,3.05,36.7,756.5,794.9,638.8,0.0,100.0,0,None
2025-09-25,INV-03,250.0,3.05,36.7,749.9,771.5,634.9,0.0,100.0,0,None
2025-09-25,INV-04,250.0,3.05,36.7,755.7,780.2,579.5,0.0,100.0,0,None
2025-09-25,INV-05,250.0,3.05,36.7,756.6,781.1,631.5,0.0,100.0,0,None
2025-09-25,INV-06,250.0,3.05,36.7,757.8,789.3,637.0,0.0,100.0,0,None
2025-09-25,INV-07,250.0,3.05,36.7,753.7,782.3,640.2,0.0,100.0,0,None
2025-09-25,INV-08,250.0,3.05,36.7,761.2,787.3,651.4,0.0,100.0,0,None
2025-09-25,INV-09,250.0,3.05,36.7,756.7,783.8,622.9,0.0,100.0,0,None
2025-09-25,INV-10,250.0,3.05,36.7,753.0,776.6,634.4,0.0,100.0,0,None
2025-09-25,INV-11,250.0,3.05,36.7,754.8,783.4,645.7,0.0,100.0,0,None
2025-09-25,INV-12,250.0,3.05,36.7,764.4,803.3,649.1,0.0,100.0,0,None
2025-09-26,INV-01,250.0,2.84,33.9,764.4,798.1,596.7,0.0,100.0,0,None
2025-09-26,INV-02,250.0,2.84,33.9,758.4,787.0,603.5,0.0,100.0,0,None
2025-09-26,INV-03,250.0,2.84,33.9,763.5,793.8,610.7,0.0,100.0,0,None
2025-09-26,INV-04,250.0,2.84,33.9,770.8,802.8,550.6,0.0,100.0,0,None
2025-09-26,INV-05,250.0,2.84,33.9,768.4,808.0,602.3,0.0,100.0,0,None
2025-09-26,INV-06,250.0,2.84,33.9,760.2,798.1,608.4,0.0,100.0,0,None
2025-09-26,INV-07,250.0,2.84,33.9,759.4,783.4,607.5,0.0,100.0,0,None
2025-09-26,INV-08,250.0,2.84,33.9,762.7,792.2,603.3,0.0,100.0,0,None
2025-09-26,INV-09,250.0,2.84,33.9,761.6,788.0,576.8,0.0,100.0,0,None
2025-09-26,INV-10,250.0,2.84,33.9,767.1,783.6,603.8,0.0,100.0,0,None
2025-09-26,INV-11,250.0,2.84,33.9,765.3,794.4,600.0,0.0,100.0,0,None
2025-09-26,INV-12,250.0,2.84,33.9,755.5,800.3,613.2,0.0,100.0,0,None
2025-09-27,INV-01,250.0,2.79,36.0,754.5,772.5,594.6,0.0,100.0,0,None
2025-09-27,INV-02,250.0,2.79,36.0,755.8,768.6,597.5,0.0,100.0,0,None
2025-09-27,INV-03,250.0,2.79,36.0,758.8,798.8,599.0,0.0,100.0,0,None
2025-09-27,INV-04,250.0,2.79,36.0,763.0,793.6,524.2,0.0,100.0,0,None
2025-09-27,INV-05,250.0,2.79,36.0,757.0,788.6,587.8,0.0,100.0,0,None
2025-09-27,INV-06,250.0,2.79,36.0,757.8,777.8,593.4,0.0,100.0,0,None
2025-09-27,INV-07,250.0,2.79,36.0,753.8,776.6,605.2,0.0,100.0,0,None
2025-09-27,INV-08,250.0,2.79,36.0,765.4,803.9,589.3,0.0,100.0,0,None
2025-09-27,INV-09,250.0,2.79,36.0,758.5,802.5,582.4,0.0,100.0,0,None
2025-09-27,INV-10,250.0,2.79,36.0,762.2,787.3,585.5,0.0,100.0,0,None
2025-09-27,INV-11,250.0,2.79,36.0,758.0,793.4,598.2,0.0,100.0,0,None
2025-09-27,INV-12,250.0,2.79,36.0,758.3,789.8,599.3,0.0,100.0,0,None
2025-09-28,INV-01,250.0,2.33,35.1,764.4,809.5,475.7,0.0,100.0,0,None
2025-09-28,INV-02,250.0,2.33,35.1,763.9,795.9,495.9,0.0,100.0,0,None
2025-09-28,INV-03,250.0,2.33,35.1,759.3,783.0,496.2,0.0,100.0,0,None
2025-09-28,INV-04,250.0,2.33,35.1,763.8,791.6,443.6,0.0,100.0,0,None
2025-09-28,INV-05,250.0,2.33,35.1,760.5,784.8,497.4,0.0,100.0,0,None
2025-09-28,INV-06,250.0,2.33,35.1,767.5,795.0,495.3,0.0,100.0,0,None
2025-09-28,INV-07,250.0,2.33,35.1,764.2,791.6,499.2,0.0,100.0,0,None
2025-09-28,INV-08,250.0,2.33,35.1,757.3,781.3,494.6,0.0,100.0,0,None
2025-09-28,INV-09,250.0,2.33,35.1,769.1,801.3,496.1,0.0,100.0,0,None
2025-09-28,INV-10,250.0,2.33,35.1,751.4,784.5,490.7,0.0,100.0,0,None
2025-09-28,INV-11,250.0,2.33,35.1,762.4,784.4,470.1,0.58,94.2,1,Grid trip
2025-09-28,INV-12,250.0,2.33,35.1,757.0,773.7,499.5,0.0,100.0,0,None
2025-09-29,INV-01,250.0,2.96,36.2,754.0,791.8,626.3,0.0,100.0,0,None
2025-09-29,INV-02,250.0,2.96,36.2,753.1,775.4,629.9,0.0,100.0,0,None
2025-09-29,INV-03,250.0,2.96,36.2,758.9,788.3,625.4,0.0,100.0,0,None
2025-09-29,INV-04,250.0,2.96,36.2,759.3,782.8,557.9,0.0,100.0,0,None
2025-09-29,INV-05,250.0,2.96,36.2,754.2,782.5,622.4,0.0,100.0,0,None
2025-09-29,INV-06,250.0,2.96,36.2,763.1,807.7,624.3,0.0,100.0,0,None
2025-09-29,INV-07,250.0,2.96,36.2,765.4,794.5,633.3,0.0,100.0,0,None
2025-09-29,INV-08,250.0,2.96,36.2,755.2,802.0,625.1,0.0,100.0,0,None
2025-09-29,INV-09,250.0,2.96,36.2,763.6,790.5,615.7,0.0,100.0,0,None
2025-09-29,INV-10,250.0,2.96,36.2,748.1,790.1,620.1,0.0,100.0,0,None
2025-09-29,INV-11,250.0,2.96,36.2,762.0,779.0,627.6,0.0,100.0,0,None
2025-09-29,INV-12,250.0,2.96,36.2,754.2,782.0,636.2,0.0,100.0,0,None
2025-09-30,INV-01,250.0,2.69,34.1,764.1,798.2,568.0,0.0,100.0,0,None
2025-09-30,INV-02,250.0,2.69,34.1,761.3,791.7,564.9,0.0,100.0,0,None
2025-09-30,INV-03,250.0,2.69,34.1,765.3,790.4,575.2,0.0,100.0,0,None
2025-09-30,INV-04,250.0,2.69,34.1,762.0,802.7,514.8,0.0,100.0,0,None
2025-09-30,INV-05,250.0,2.69,34.1,757.1,788.8,569.7,0.0,100.0,0,None
2025-09-30,INV-06,250.0,2.69,34.1,765.0,800.1,573.4,0.0,100.0,0,None
2025-09-30,INV-07,250.0,2.69,34.1,755.2,796.5,574.1,0.0,100.0,0,None
2025-09-30,INV-08,250.0,2.69,34.1,762.9,804.1,576.6,0.0,100.0,0,None
2025-09-30,INV-09,250.0,2.69,34.1,760.2,794.8,555.1,0.0,100.0,0,None
2025-09-30,INV-10,250.0,2.69,34.1,759.9,787.5,566.6,0.0,100.0,0,None
2025-09-30,INV-11,250.0,2.69,34.1,762.4,781.0,580.3,0.0,100.0,0,None
2025-09-30,INV-12,250.0,2.69,34.1,758.9,790.5,576.2,0.0,100.0,0,None
2025-10-01,INV-01,250.0,4.4,42.5,745.5,786.6,908.2,0.0,100.0,0,None
2025-10-01,INV-02,250.0,4.4,42.5,747.3,780.2,900.5,0.0,100.0,0,None
2025-10-01,INV-03,250.0,4.4,42.5,749.0,790.3,912.3,0.0,100.0,0,None
2025-10-01,INV-04,250.0,4.4,42.5,745.3,774.8,825.3,0.0,100.0,0,None
2025-10-01,INV-05,250.0,4.4,42.5,755.5,789.5,918.5,0.0,100.0,0,None
2025-10-01,INV-06,250.0,4.4,42.5,741.3,773.7,913.8,0.0,100.0,0,None
2025-10-01,INV-07,250.0,4.4,42.5,742.7,767.7,895.6,0.0,100.0,0,None
2025-10-01,INV-08,250.0,4.4,42.5,741.3,770.2,899.3,0.0,100.0,0,None
2025-10-01,INV-09,250.0,4.4,42.5,751.3,771.9,893.1,0.0,100.0,0,None
2025-10-01,INV-10,250.0,4.4,42.5,748.3,782.3,894.3,0.0,100.0,0,None
2025-10-01,INV-11,250.0,4.4,42.5,742.9,779.0,908.1,0.0,100.0,0,None
2025-10-01,INV-12,250.0,4.4,42.5,741.6,779.6,929.3,0.0,100.0,0,None
2025-10-02,INV-01,250.0,4.38,42.2,744.7,769.1,892.7,0.0,100.0,0,None
2025-10-02,INV-02,250.0,4.38,42.2,742.2,751.7,902.0,0.0,100.0,0,None
2025-10-02,INV-03,250.0,4.38,42.2,743.8,765.8,901.2,0.0,100.0,0,None
2025-10-02,INV-04,250.0,4.38,42.2,745.0,787.8,798.0,0.0,100.0,0,None
2025-10-02,INV-05,250.0,4.38,42.2,748.9,781.8,902.9,0.0,100.0,0,None
2025-10-02,INV-06,250.0,4.38,42.2,747.7,774.7,900.9,0.0,100.0,0,None
2025-10-02,INV-07,250.0,4.38,42.2,753.0,786.2,916.5,0.0,100.0,0,None
2025-10-02,INV-08,250.0,4.38,42.2,748.4,762.8,924.6,0.0,100.0,0,None
2025-10-02,INV-09,250.0,4.38,42.2,747.4,779.6,888.3,0.0,100.0,0,None
2025-10-02,INV-10,250.0,4.38,42.2,744.5,784.7,883.2,0.0,100.0,0,None
2025-10-02,INV-11,250.0,4.38,42.2,741.5,770.6,913.3,0.0,100.0,0,None
2025-10-02,INV-12,250.0,4.38,42.2,743.4,759.2,906.3,0.0,100.0,0,None
2025-10-03,INV-01,250.0,4.12,38.5,752.9,789.6,859.0,0.0,100.0,0,None
2025-10-03,INV-02,250.0,4.12,38.5,754.0,783.1,852.3,0.0,100.0,0,None
2025-10-03,INV-03,250.0,4.12,38.5,750.3,776.5,866.0,0.0,100.0,0,None
2025-10-03,INV-04,250.0,4.12,38.5,756.0,786.0,775.5,0.0,100.0,0,None
2025-10-03,INV-05,250.0,4.12,38.5,754.7,787.6,861.0,0.0,100.0,0,None
2025-10-03,INV-06,250.0,4.12,38.5,751.3,785.1,861.8,0.0,100.0,0,None
2025-10-03,INV-07,250.0,4.12,38.5,756.6,789.0,862.5,0.0,100.0,0,None
2025-10-03,INV-08,250.0,4.12,38.5,753.0,782.3,864.9,0.0,100.0,0,None
2025-10-03,INV-09,250.0,4.12,38.5,749.1,787.0,839.4,0.0,100.0,0,None
2025-10-03,INV-10,250.0,4.12,38.5,754.4,779.0,856.8,0.0,100.0,0,None
2025-10-03,INV-11,250.0,4.12,38.5,753.9,803.7,884.4,0.0,100.0,0,None
2025-10-03,INV-12,250.0,4.12,38.5,756.8,792.9,865.0,0.0,100.0,0,None
2025-10-04,INV-01,250.0,3.75,41.0,743.8,774.0,772.7,0.0,100.0,0,None
2025-10-04,INV-02,250.0,3.75,41.0,748.0,787.5,764.1,0.0,100.0,0,None
2025-10-04,INV-03,250.0,3.75,41.0,749.9,782.4,779.8,0.0,100.0,0,None
2025-10-04,INV-04,250.0,3.75,41.0,748.4,775.4,689.0,0.0,100.0,0,None
2025-10-04,INV-05,250.0,3.75,41.0,754.5,770.9,769.0,0.0,100.0,0,None
2025-10-04,INV-06,250.0,3.75,41.0,750.8,762.6,776.5,0.0,100.0,0,None
2025-10-04,INV-07,250.0,3.75,41.0,747.6,794.2,775.5,0.0,100.0,0,None
2025-10-04,INV-08,250.0,3.75,41.0,750.9,783.4,772.6,0.0,100.0,0,None
2025-10-04,INV-09,250.0,3.75,41.0,748.2,773.5,740.4,0.0,100.0,0,None
2025-10-04,INV-10,250.0,3.75,41.0,748.2,781.0,766.2,0.0,100.0,0,None
2025-10-04,INV-11,250.0,3.75,41.0,753.2,775.6,779.8,0.0,100.0,0,None
2025-10-04,INV-12,250.0,3.75,41.0,744.4,771.7,773.1,0.0,100.0,0,None
2025-10-05,INV-01,250.0,3.62,42.7,742.5,784.2,746.0,0.0,100.0,0,None
2025-10-05,INV-02,250.0,3.62,42.7,738.7,773.5,741.0,0.0,100.0,0,None
2025-10-05,INV-03,250.0,3.62,42.7,740.3,779.4,753.2,0.0,100.0,0,None
2025-10-05,INV-04,250.0,3.62,42.7,746.2,771.6,678.6,0.0,100.0,0,None
2025-10-05,INV-05,250.0,3.62,42.7,741.4,771.8,752.0,0.0,100.0,0,None
2025-10-05,INV-06,250.0,3.62,42.7,745.7,778.9,726.1,0.0,100.0,0,None
2025-10-05,INV-07,250.0,3.62,42.7,740.8,766.4,742.5,0.0,100.0,0,None
2025-10-05,INV-08,250.0,3.62,42.7,737.7,766.9,746.5,0.0,100.0,0,None
2025-10-05,INV-09,250.0,3.62,42.7,750.4,775.7,726.1,0.0,100.0,0,None
2025-10-05,INV-10,250.0,3.62,42.7,746.3,779.5,719.6,0.0,100.0,0,None
2025-10-05,INV-11,250.0,3.62,42.7,743.4,762.8,734.4,0.0,100.0,0,None
2025-10-05,INV-12,250.0,3.62,42.7,742.6,777.2,754.8,0.0,100.0,0,None
2025-10-06,INV-01,250.0,4.28,40.8,749.1,785.8,887.6,0.0,100.0,1,Comm loss
2025-10-06,INV-02,250.0,4.28,40.8,741.2,771.3,884.0,0.0,100.0,0,None
2025-10-06,INV-03,250.0,4.28,40.8,737.1,765.4,875.5,0.0,100.0,0,None
2025-10-06,INV-04,250.0,4.28,40.8,744.5,781.9,796.6,0.0,100.0,0,None
2025-10-06,INV-05,250.0,4.28,40.8,749.5,783.3,874.5,0.0,100.0,0,None
2025-10-06,INV-06,250.0,4.28,40.8,735.5,767.8,875.3,0.0,100.0,0,None
2025-10-06,INV-07,250.0,4.28,40.8,745.0,773.9,892.4,0.0,100.0,0,None
2025-10-06,INV-08,250.0,4.28,40.8,740.7,768.0,889.9,0.0,100.0,0,None
2025-10-06,INV-09,250.0,4.28,40.8,747.4,784.8,834.7,0.0,100.0,0,None
2025-10-06,INV-10,250.0,4.28,40.8,756.2,783.6,868.1,0.0,100.0,0,None
2025-10-06,INV-11,250.0,4.28,40.8,747.5,787.4,888.8,0.0,100.0,0,None
2025-10-06,INV-12,250.0,4.28,40.8,748.0,769.6,881.3,0.0,100.0,0,None
2025-10-07,INV-01,250.0,3.99,39.4,754.0,786.7,831.2,0.0,100.0,0,None
2025-10-07,INV-02,250.0,3.99,39.4,754.5,773.8,831.1,0.0,100.0,0,None
2025-10-07,INV-03,250.0,3.99,39.4,751.5,779.6,822.2,0.0,100.0,0,None
2025-10-07,INV-04,250.0,3.99,39.4,752.9,781.4,752.4,0.0,100.0,0,None
2025-10-07,INV-05,250.0,3.99,39.4,753.6,785.1,830.6,0.0,100.0,0,None
2025-10-07,INV-06,250.0,3.99,39.4,753.2,774.6,820.1,0.0,100.0,0,None
2025-10-07,INV-07,250.0,3.99,39.4,748.1,767.3,823.6,0.0,100.0,0,None
2025-10-07,INV-08,250.0,3.99,39.4,748.5,782.7,828.7,0.0,100.0,0,None
2025-10-07,INV-09,250.0,3.99,39.4,750.1,767.8,797.4,0.0,100.0,0,None
2025-10-07,INV-10,250.0,3.99,39.4,748.4,776.6,824.8,0.0,100.0,0,None
2025-10-07,INV-11,250.0,3.99,39.4,745.4,772.8,839.9,0.0,100.0,0,None
2025-10-07,INV-12,250.0,3.99,39.4,754.0,783.0,828.3,0.0,100.0,0,None
2025-10-08,INV-01,250.0,4.03,39.6,750.0,781.9,833.1,0.0,100.0,0,None
2025-10-08,INV-02,250.0,4.03,39.6,749.4,768.0,828.6,0.0,100.0,0,None
2025-10-08,INV-03,250.0,4.03,39.6,750.2,791.1,841.3,0.0,100.0,0,None
2025-10-08,INV-04,250.0,4.03,39.6,752.7,778.9,743.5,0.0,100.0,0,None
2025-10-08,INV-05,250.0,4.03,39.6,746.7,789.7,823.7,0.0,100.0,0,None
2025-10-08,INV-06,250.0,4.03,39.6,752.6,776.0,836.5,0.0,100.0,0,None
2025-10-08,INV-07,250.0,4.03,39.6,751.9,781.0,829.1,0.0,100.0,0,None
2025-10-08,INV-08,250.0,4.03,39.6,743.7,783.8,834.9,0.0,100.0,0,None
2025-10-08,INV-09,250.0,4.03,39.6,758.0,785.4,805.7,0.0,100.0,0,None
2025-10-08,INV-10,250.0,4.03,39.6,756.7,788.9,816.1,0.0,100.0,0,None
2025-10-08,INV-11,250.0,4.03,39.6,747.7,786.4,834.7,0.0,100.0,0,None
2025-10-08,INV-12,250.0,4.03,39.6,746.4,771.9,847.4,0.0,100.0,0,None
2025-10-09,INV-01,250.0,3.36,39.4,752.3,788.6,685.3,0.0,100.0,0,None
2025-10-09,INV-02,250.0,3.36,39.4,746.1,761.8,689.4,0.0,100.0,0,None
2025-10-09,INV-03,250.0,3.36,39.4,752.8,768.7,706.1,0.0,100.0,0,None
2025-10-09,INV-04,250.0,3.36,39.4,756.1,778.2,624.8,0.0,100.0,0,None
2025-10-09,INV-05,250.0,3.36,39.4,751.8,794.4,685.0,0.0,100.0,0,None
2025-10-09,INV-06,250.0,3.36,39.4,748.0,785.2,683.2,0.0,100.0,0,None
2025-10-09,INV-07,250.0,3.36,39.4,749.1,792.1,692.1,0.0,100.0,0,None
2025-10-09,INV-08,250.0,3.36,39.4,744.6,774.7,694.4,0.0,100.0,0,None
2025-10-09,INV-09,250.0,3.36,39.4,750.7,779.0,681.2,0.0,100.0,0,None
2025-10-09,INV-10,250.0,3.36,39.4,752.5,772.5,681.7,0.0,100.0,0,None
2025-10-09,INV-11,250.0,3.36,39.4,747.7,780.4,689.3,0.0,100.0,0,None
2025-10-09,INV-12,250.0,3.36,39.4,759.0,787.4,693.2,0.0,100.0,0,None
2025-10-10,INV-01,250.0,4.12,37.0,756.8,782.5,853.8,0.0,100.0,1,Comm loss
2025-10-10,INV-02,250.0,4.12,37.0,761.8,791.2,853.6,0.0,100.0,0,None
2025-10-10,INV-03,250.0,4.12,37.0,759.5,796.0,858.5,0.0,100.0,0,None
2025-10-10,INV-04,250.0,4.12,37.0,754.0,780.0,766.4,0.0,100.0,0,None
2025-10-10,INV-05,250.0,4.12,37.0,755.4,776.9,865.1,0.0,100.0,0,None
2025-10-10,INV-06,250.0,4.12,37.0,757.6,796.8,861.2,0.0,100.0,0,None
2025-10-10,INV-07,250.0,4.12,37.0,754.2,787.4,859.7,0.0,100.0,0,None
2025-10-10,INV-08,250.0,4.12,37.0,762.1,800.2,866.7,0.0,100.0,0,None
2025-10-10,INV-09,250.0,4.12,37.0,751.5,787.6,806.6,0.0,100.0,0,None
2025-10-10,INV-10,250.0,4.12,37.0,757.2,804.7,839.4,0.0,100.0,0,None
2025-10-10,INV-11,250.0,4.12,37.0,758.9,797.8,865.2,0.0,100.0,0,None
2025-10-10,INV-12,250.0,4.12,37.0,754.7,778.9,866.9,0.0,100.0,0,None
2025-10-11,INV-01,250.0,3.96,39.4,755.8,778.0,821.9,0.0,100.0,0,None
2025-10-11,INV-02,250.0,3.96,39.4,747.8,779.2,835.9,0.0,100.0,0,None
2025-10-11,INV-03,250.0,3.96,39.4,745.6,787.4,821.3,0.0,100.0,0,None
2025-10-11,INV-04,250.0,3.96,39.4,750.6,780.1,788.2,0.0,100.0,0,None
2025-10-11,INV-05,250.0,3.96,39.4,749.8,770.1,832.8,0.0,100.0,0,None
2025-10-11,INV-06,250.0,3.96,39.4,748.8,781.9,798.4,0.0,100.0,0,None
2025-10-11,INV-07,250.0,3.96,39.4,746.4,775.0,816.7,0.0,100.0,0,None
2025-10-11,INV-08,250.0,3.96,39.4,753.3,782.0,810.3,0.0,100.0,0,None
2025-10-11,INV-09,250.0,3.96,39.4,753.6,787.4,775.6,0.0,100.0,0,None
2025-10-11,INV-10,250.0,3.96,39.4,746.9,782.4,805.7,0.0,100.0,0,None
2025-10-11,INV-11,250.0,3.96,39.4,747.5,777.7,803.8,0.0,100.0,0,None
2025-10-11,INV-12,250.0,3.96,39.4,751.7,781.2,814.4,0.0,100.0,0,None
2025-10-12,INV-01,250.0,3.48,37.6,751.7,775.7,728.8,0.0,100.0,0,None
2025-10-12,INV-02,250.0,3.48,37.6,754.2,777.6,725.2,0.0,100.0,0,None
2025-10-12,INV-03,250.0,3.48,37.6,754.6,799.8,721.7,0.0,100.0,0,None
2025-10-12,INV-04,250.0,3.48,37.6,759.2,800.4,712.2,0.0,100.0,0,None
2025-10-12,INV-05,250.0,3.48,37.6,755.2,784.3,702.1,0.0,100.0,0,None
2025-10-12,INV-06,250.0,3.48,37.6,755.3,786.4,709.3,0.0,100.0,0,None
2025-10-12,INV-07,250.0,3.48,37.6,748.2,773.0,718.6,0.0,100.0,0,None
2025-10-12,INV-08,250.0,3.48,37.6,751.2,782.3,718.7,0.0,100.0,0,None
2025-10-12,INV-09,250.0,3.48,37.6,759.2,783.8,691.5,0.0,100.0,0,None
2025-10-12,INV-10,250.0,3.48,37.6,746.5,775.9,716.5,0.0,100.0,0,None
2025-10-12,INV-11,250.0,3.48,37.6,760.2,804.6,725.3,0.0,100.0,0,None
2025-10-12,INV-12,250.0,3.48,37.6,756.8,786.0,730.9,0.0,100.0,0,None
2025-10-13,INV-01,250.0,3.65,41.1,745.5,758.9,762.0,0.0,100.0,0,None
2025-10-13,INV-02,250.0,3.65,41.1,744.9,787.6,751.9,0.0,100.0,0,None
2025-10-13,INV-03,250.0,3.65,41.1,744.2,782.0,756.0,0.0,100.0,0,None
2025-10-13,INV-04,250.0,3.65,41.1,751.1,777.7,738.7,0.0,100.0,0,None
2025-10-13,INV-05,250.0,3.65,41.1,744.1,766.4,742.9,0.0,100.0,0,None
2025-10-13,INV-06,250.0,3.65,41.1,751.1,768.5,751.8,0.0,100.0,0,None
2025-10-13,INV-07,250.0,3.65,41.1,750.0,799.3,754.3,0.0,100.0,0,None
2025-10-13,INV-08,250.0,3.65,41.1,745.7,768.3,752.8,0.0,100.0,0,None
2025-10-13,INV-09,250.0,3.65,41.1,754.1,774.0,707.8,0.0,100.0,0,None
2025-10-13,INV-10,250.0,3.65,41.1,742.0,774.1,732.7,0.0,100.0,0,None
2025-10-13,INV-11,250.0,3.65,41.1,754.5,771.4,758.5,0.0,100.0,0,None
2025-10-13,INV-12,250.0,3.65,41.1,749.1,771.3,753.8,0.0,100.0,0,None
2025-10-14,INV-01,250.0,3.83,38.2,757.1,791.2,784.4,0.0,100.0,0,None
2025-10-14,INV-02,250.0,3.83,38.2,759.9,788.2,792.9,0.0,100.0,0,None
2025-10-14,INV-03,250.0,3.83,38.2,758.9,792.7,808.5,0.0,100.0,0,None
2025-10-14,INV-04,250.0,3.83,38.2,762.9,781.6,777.8,0.0,100.0,0,None
2025-10-14,INV-05,250.0,3.83,38.2,758.4,794.8,784.5,0.0,100.0,0,None
2025-10-14,INV-06,250.0,3.83,38.2,750.9,782.5,707.0,1.04,89.6,1,Grid trip
2025-10-14,INV-07,250.0,3.83,38.2,757.0,788.2,792.9,0.0,100.0,0,None
2025-10-14,INV-08,250.0,3.83,38.2,756.4,802.0,791.6,0.0,100.0,0,None
2025-10-14,INV-09,250.0,3.83,38.2,761.2,788.2,760.8,0.0,100.0,0,None
2025-10-14,INV-10,250.0,3.83,38.2,749.7,782.4,782.8,0.0,100.0,0,None
2025-10-14,INV-11,250.0,3.83,38.2,755.8,786.6,803.2,0.0,100.0,0,None
2025-10-14,INV-12,250.0,3.83,38.2,750.8,782.4,794.1,0.0,100.0,0,None
2025-10-15,INV-01,250.0,3.75,40.7,748.0,793.6,773.9,0.0,100.0,0,None
2025-10-15,INV-02,250.0,3.75,40.7,746.9,783.6,774.0,0.0,100.0,0,None
2025-10-15,INV-03,250.0,3.75,40.7,747.2,778.1,759.7,0.0,100.0,1,Comm loss
2025-10-15,INV-04,250.0,3.75,40.7,751.2,770.3,767.7,0.0,100.0,0,None
2025-10-15,INV-05,250.0,3.75,40.7,749.7,781.5,771.4,0.0,100.0,0,None
2025-10-15,INV-06,250.0,3.75,40.7,752.6,776.3,766.7,0.0,100.0,0,None
2025-10-15,INV-07,250.0,3.75,40.7,750.1,793.2,772.1,0.0,100.0,0,None
2025-10-15,INV-08,250.0,3.75,40.7,745.2,762.3,760.6,0.0,100.0,0,None
2025-10-15,INV-09,250.0,3.75,40.7,746.6,779.7,734.3,0.0,100.0,0,None
2025-10-15,INV-10,250.0,3.75,40.7,746.4,769.4,768.2,0.0,100.0,0,None
2025-10-15,INV-11,250.0,3.75,40.7,747.9,777.8,774.1,0.0,100.0,0,None
2025-10-15,INV-12,250.0,3.75,40.7,755.8,791.1,759.7,0.0,100.0,0,None
2025-10-16,INV-01,250.0,3.63,36.2,750.0,794.2,745.4,0.0,100.0,0,None
2025-10-16,INV-02,250.0,3.63,36.2,751.3,1041.4,624.1,1.86,81.4,6,DC overvoltage
2025-10-16,INV-03,250.0,3.63,36.2,764.7,784.9,745.4,0.0,100.0,0,None
2025-10-16,INV-04,250.0,3.63,36.2,759.6,803.7,746.6,0.0,100.0,0,None
2025-10-16,INV-05,250.0,3.63,36.2,759.0,780.9,743.2,0.0,100.0,0,None
2025-10-16,INV-06,250.0,3.63,36.2,759.4,792.1,748.6,0.0,100.0,0,None
2025-10-16,INV-07,250.0,3.63,36.2,759.9,787.9,749.4,0.0,100.0,0,None
2025-10-16,INV-08,250.0,3.63,36.2,758.9,785.4,763.1,0.0,100.0,0,None
2025-10-16,INV-09,250.0,3.63,36.2,753.8,789.9,713.5,0.0,100.0,0,None
2025-10-16,INV-10,250.0,3.63,36.2,760.9,792.9,749.5,0.0,100.0,0,None
2025-10-16,INV-11,250.0,3.63,36.2,760.3,794.4,754.2,0.0,100.0,0,None
2025-10-16,INV-12,250.0,3.63,36.2,763.4,786.9,767.2,0.0,100.0,0,None
2025-10-17,INV-01,250.0,3.67,38.6,753.4,794.7,755.9,0.0,100.0,0,None
2025-10-17,INV-02,250.0,3.67,38.6,751.0,771.2,743.1,0.0,100.0,0,None
2025-10-17,INV-03,250.0,3.67,38.6,748.7,777.0,755.2,0.0,100.0,0,None
2025-10-17,INV-04,250.0,3.67,38.6,748.5,785.2,756.0,0.0,100.0,0,None
2025-10-17,INV-05,250.0,3.67,38.6,757.1,802.2,747.7,0.0,100.0,1,Comm loss
2025-10-17,INV-06,250.0,3.67,38.6,753.8,798.0,743.0,0.0,100.0,0,None
2025-10-17,INV-07,250.0,3.67,38.6,754.7,778.3,747.7,0.0,100.0,0,None
2025-10-17,INV-08,250.0,3.67,38.6,753.8,794.0,749.9,0.0,100.0,0,None
2025-10-17,INV-09,250.0,3.67,38.6,754.1,784.6,720.8,0.0,100.0,0,None
2025-10-17,INV-10,250.0,3.67,38.6,750.9,789.3,740.8,0.0,100.0,0,None
2025-10-17,INV-11,250.0,3.67,38.6,752.0,788.3,745.3,0.0,100.0,0,None
2025-10-17,INV-12,250.0,3.67,38.6,757.4,777.3,752.8,0.0,100.0,0,None
2025-10-18,INV-01,250.0,3.6,37.9,753.1,800.6,743.8,0.0,100.0,0,None
2025-10-18,INV-02,250.0,3.6,37.9,752.4,1024.7,574.9,2.14,78.6,6,DC overvoltage
2025-10-18,INV-03,250.0,3.6,37.9,755.8,784.0,750.8,0.0,100.0,0,None
2025-10-18,INV-04,250.0,3.6,37.9,759.7,772.4,735.1,0.0,100.0,0,None
2025-10-18,INV-05,250.0,3.6,37.9,753.7,786.3,726.4,0.0,100.0,0,None
2025-10-18,INV-06,250.0,3.6,37.9,760.0,781.3,719.6,0.0,100.0,0,None
2025-10-18,INV-07,250.0,3.6,37.9,755.6,788.9,750.9,0.0,100.0,0,None
2025-10-18,INV-08,250.0,3.6,37.9,755.6,776.3,749.1,0.0,100.0,0,None
2025-10-18,INV-09,250.0,3.6,37.9,763.7,808.1,698.5,0.0,100.0,1,Comm loss
2025-10-18,INV-10,250.0,3.6,37.9,760.7,795.1,735.9,0.0,100.0,0,None
2025-10-18,INV-11,250.0,3.6,37.9,760.8,809.1,752.6,0.0,100.0,0,None
2025-10-18,INV-12,250.0,3.6,37.9,750.9,772.7,739.1,0.0,100.0,0,None
2025-10-19,INV-01,250.0,3.7,36.2,753.4,791.1,755.6,0.0,100.0,0,None
2025-10-19,INV-02,250.0,3.7,36.2,756.1,803.8,764.6,0.0,100.0,0,None
2025-10-19,INV-03,250.0,3.7,36.2,762.1,786.0,769.1,0.0,100.0,0,None
2025-10-19,INV-04,250.0,3.7,36.2,758.6,801.4,760.2,0.0,100.0,0,None
2025-10-19,INV-05,250.0,3.7,36.2,761.5,804.2,750.4,0.0,100.0,0,None
2025-10-19,INV-06,250.0,3.7,36.2,759.7,787.9,767.6,0.0,100.0,0,None
2025-10-19,INV-07,250.0,3.7,36.2,755.2,789.0,762.2,0.0,100.0,0,None
2025-10-19,INV-08,250.0,3.7,36.2,751.1,791.0,762.2,0.0,100.0,0,None
2025-10-19,INV-09,250.0,3.7,36.2,754.0,783.5,720.2,0.0,100.0,0,None
2025-10-19,INV-10,250.0,3.7,36.2,755.0,783.9,752.3,0.0,100.0,0,None
2025-10-19,INV-11,250.0,3.7,36.2,754.7,779.6,765.4,0.0,100.0,0,None
2025-10-19,INV-12,250.0,3.7,36.2,761.6,772.7,755.9,0.0,100.0,0,None
2025-10-20,INV-01,250.0,3.95,38.0,748.7,769.3,815.1,0.0,100.0,0,None
2025-10-20,INV-02,250.0,3.95,38.0,752.7,795.4,818.3,0.0,100.0,0,None
2025-10-20,INV-03,250.0,3.95,38.0,759.8,800.9,804.2,0.0,100.0,0,None
2025-10-20,INV-04,250.0,3.95,38.0,751.0,777.7,790.6,0.0,100.0,0,None
2025-10-20,INV-05,250.0,3.95,38.0,751.6,778.4,809.6,0.0,100.0,0,None
2025-10-20,INV-06,250.0,3.95,38.0,751.5,774.1,811.5,0.0,100.0,0,None
2025-10-20,INV-07,250.0,3.95,38.0,751.8,774.6,807.9,0.0,100.0,0,None
2025-10-20,INV-08,250.0,3.95,38.0,753.9,783.9,817.6,0.0,100.0,0,None
2025-10-20,INV-09,250.0,3.95,38.0,748.8,779.0,767.3,0.0,100.0,0,None
2025-10-20,INV-10,250.0,3.95,38.0,758.3,775.5,806.4,0.0,100.0,0,None
2025-10-20,INV-11,250.0,3.95,38.0,753.4,801.7,811.1,0.0,100.0,0,None
2025-10-20,INV-12,250.0,3.95,38.0,763.9,791.8,793.4,0.0,100.0,0,None
2025-10-21,INV-01,250.0,2.91,37.6,747.1,783.6,599.1,0.0,100.0,0,None
2025-10-21,INV-02,250.0,2.91,37.6,758.0,794.8,598.8,0.0,100.0,0,None
2025-10-21,INV-03,250.0,2.91,37.6,748.9,764.2,594.8,0.0,100.0,0,None
2025-10-21,INV-04,250.0,2.91,37.6,750.8,789.1,590.3,0.0,100.0,0,None
2025-10-21,INV-05,250.0,2.91,37.6,756.0,781.2,531.3,1.0,90.0,2,Grid trip
2025-10-21,INV-06,250.0,2.91,37.6,752.2,784.1,593.0,0.0,100.0,0,None
2025-10-21,INV-07,250.0,2.91,37.6,751.7,774.2,594.7,0.0,100.0,0,None
2025-10-21,INV-08,250.0,2.91,37.6,752.8,785.7,604.3,0.0,100.0,0,None
2025-10-21,INV-09,250.0,2.91,37.6,757.6,808.0,561.1,0.0,100.0,0,None
2025-10-21,INV-10,250.0,2.91,37.6,751.0,782.0,597.6,0.0,100.0,0,None
2025-10-21,INV-11,250.0,2.91,37.6,754.5,780.8,597.1,0.0,100.0,0,None
2025-10-21,INV-12,250.0,2.91,37.6,753.2,781.3,596.7,0.0,100.0,0,None
2025-10-22,INV-01,250.0,3.53,36.3,752.2,796.5,742.2,0.0,100.0,0,None
2025-10-22,INV-02,250.0,3.53,36.3,762.8,805.8,720.6,0.0,100.0,0,None
2025-10-22,INV-03,250.0,3.53,36.3,764.3,787.8,720.6,0.0,100.0,1,Comm loss
2025-10-22,INV-04,250.0,3.53,36.3,756.6,785.3,726.6,0.0,100.0,0,None
2025-10-22,INV-05,250.0,3.53,36.3,758.9,782.9,720.2,0.0,100.0,0,None
2025-10-22,INV-06,250.0,3.53,36.3,762.2,790.7,717.0,0.0,100.0,0,None
2025-10-22,INV-07,250.0,3.53,36.3,765.3,793.5,735.6,0.0,100.0,0,None
2025-10-22,INV-08,250.0,3.53,36.3,763.7,801.4,738.0,0.0,100.0,0,None
2025-10-22,INV-09,250.0,3.53,36.3,750.6,773.4,678.3,0.0,100.0,0,None
2025-10-22,INV-10,250.0,3.53,36.3,756.2,765.3,710.8,0.0,100.0,0,None
2025-10-22,INV-11,250.0,3.53,36.3,759.5,776.7,728.5,0.0,100.0,0,None
2025-10-22,INV-12,250.0,3.53,36.3,755.5,777.3,723.7,0.0,100.0,0,None
2025-10-23,INV-01,250.0,3.62,34.2,756.3,780.1,749.3,0.0,100.0,0,None
2025-10-23,INV-02,250.0,3.62,34.2,755.7,788.5,761.0,0.0,100.0,0,None
2025-10-23,INV-03,250.0,3.62,34.2,758.4,776.3,748.4,0.0,100.0,0,None
2025-10-23,INV-04,250.0,3.62,34.2,759.8,796.9,750.9,0.0,100.0,0,None
2025-10-23,INV-05,250.0,3.62,34.2,759.9,792.9,733.3,0.0,100.0,0,None
2025-10-23,INV-06,250.0,3.62,34.2,760.7,791.1,745.8,0.0,100.0,0,None
2025-10-23,INV-07,250.0,3.62,34.2,755.0,794.0,748.1,0.0,100.0,0,None
2025-10-23,INV-08,250.0,3.62,34.2,759.1,786.4,745.3,0.0,100.0,0,None
2025-10-23,INV-09,250.0,3.62,34.2,763.6,788.6,695.9,0.0,100.0,0,None
2025-10-23,INV-10,250.0,3.62,34.2,756.1,797.1,751.4,0.0,100.0,0,None
2025-10-23,INV-11,250.0,3.62,34.2,760.2,804.9,749.5,0.0,100.0,0,None
2025-10-23,INV-12,250.0,3.62,34.2,762.7,787.2,743.9,0.0,100.0,0,None
2025-10-24,INV-01,250.0,3.63,36.6,748.1,777.6,755.9,0.0,100.0,0,None
2025-10-24,INV-02,250.0,3.63,36.6,763.1,788.3,755.9,0.0,100.0,0,None
2025-10-24,INV-03,250.0,3.63,36.6,757.1,778.5,747.9,0.0,100.0,0,None
2025-10-24,INV-04,250.0,3.63,36.6,760.8,787.7,741.1,0.0,100.0,0,None
2025-10-24,INV-05,250.0,3.63,36.6,758.8,790.5,738.7,0.0,100.0,0,None
2025-10-24,INV-06,250.0,3.63,36.6,762.6,776.9,,0.0,100.0,0,None
2025-10-24,INV-07,250.0,3.63,36.6,757.6,781.4,751.1,0.0,100.0,0,None
2025-10-24,INV-08,250.0,3.63,36.6,751.3,765.4,739.3,0.0,100.0,0,None
2025-10-24,INV-09,250.0,3.63,36.6,756.4,781.4,684.6,0.0,100.0,0,None
2025-10-24,INV-10,250.0,3.63,36.6,758.9,798.4,726.2,0.0,100.0,0,None
2025-10-24,INV-11,250.0,3.63,36.6,755.9,776.4,759.5,0.0,100.0,0,None
2025-10-24,INV-12,250.0,3.63,36.6,759.4,795.0,751.9,0.0,100.0,0,None
2025-10-25,INV-01,250.0,3.43,34.8,756.8,798.8,711.0,0.0,100.0,0,None
2025-10-25,INV-02,250.0,3.43,34.8,765.5,797.5,707.1,0.0,100.0,0,None
2025-10-25,INV-03,250.0,3.43,34.8,763.5,793.4,709.5,0.0,100.0,0,None
2025-10-25,INV-04,250.0,3.43,34.8,765.0,807.2,702.5,0.0,100.0,0,None
2025-10-25,INV-05,250.0,3.43,34.8,764.6,782.3,696.6,0.0,100.0,0,None
2025-10-25,INV-06,250.0,3.43,34.8,759.3,784.6,708.9,0.0,100.0,0,None
2025-10-25,INV-07,250.0,3.43,34.8,758.7,781.6,634.4,1.16,88.4,1,Grid trip
2025-10-25,INV-08,250.0,3.43,34.8,767.4,779.8,717.4,0.0,100.0,0,None
2025-10-25,INV-09,250.0,3.43,34.8,759.8,796.7,647.1,0.0,100.0,0,None
2025-10-25,INV-10,250.0,3.43,34.8,755.0,780.5,697.9,0.0,100.0,1,Comm loss
2025-10-25,INV-11,250.0,3.43,34.8,764.4,801.7,707.3,0.0,100.0,0,None
2025-10-25,INV-12,250.0,3.43,34.8,761.0,794.1,703.2,0.0,100.0,0,None
2025-10-26,INV-01,250.0,3.04,34.8,750.2,785.4,627.4,0.0,100.0,0,None
2025-10-26,INV-02,250.0,3.04,34.8,765.4,806.5,633.6,0.0,100.0,0,None
2025-10-26,INV-03,250.0,3.04,34.8,761.7,781.8,630.0,0.0,100.0,0,None
2025-10-26,INV-04,250.0,3.04,34.8,754.2,778.8,632.9,0.0,100.0,0,None
2025-10-26,INV-05,250.0,3.04,34.8,763.2,786.2,624.0,0.0,100.0,0,None
2025-10-26,INV-06,250.0,3.04,34.8,761.0,787.4,633.4,0.0,100.0,0,None
2025-10-26,INV-07,250.0,3.04,34.8,761.9,795.2,623.9,0.0,100.0,0,None
2025-10-26,INV-08,250.0,3.04,34.8,764.3,790.8,621.0,0.0,100.0,0,None
2025-10-26,INV-09,250.0,3.04,34.8,762.1,797.3,577.4,0.0,100.0,0,None
2025-10-26,INV-10,250.0,3.04,34.8,754.5,793.0,622.7,0.0,100.0,0,None
2025-10-26,INV-11,250.0,3.04,34.8,759.8,798.6,636.7,0.0,100.0,0,None
2025-10-26,INV-12,250.0,3.04,34.8,753.9,774.9,629.3,0.0,100.0,0,None
2025-10-27,INV-01,250.0,3.58,36.0,756.3,802.1,759.2,0.0,100.0,0,None
2025-10-27,INV-02,250.0,3.58,36.0,758.9,776.0,757.0,0.0,100.0,0,None
2025-10-27,INV-03,250.0,3.58,36.0,759.4,781.8,755.1,0.0,100.0,0,None
2025-10-27,INV-04,250.0,3.58,36.0,762.3,798.3,762.2,0.0,100.0,0,None
2025-10-27,INV-05,250.0,3.58,36.0,753.8,783.4,761.5,0.0,100.0,0,None
2025-10-27,INV-06,250.0,3.58,36.0,763.3,800.0,759.3,0.0,100.0,0,None
2025-10-27,INV-07,250.0,3.58,36.0,758.1,787.3,763.7,0.0,100.0,0,None
2025-10-27,INV-08,250.0,3.58,36.0,756.0,781.3,765.8,0.0,100.0,0,None
2025-10-27,INV-09,250.0,3.58,36.0,755.9,784.0,754.7,0.0,100.0,0,None
2025-10-27,INV-10,250.0,3.58,36.0,754.0,764.9,741.0,0.0,100.0,0,None
2025-10-27,INV-11,250.0,3.58,36.0,751.0,771.9,768.9,0.0,100.0,0,None
2025-10-27,INV-12,250.0,3.58,36.0,760.7,798.3,764.8,0.0,100.0,0,None
2025-10-28,INV-01,250.0,3.78,33.8,762.5,806.7,807.0,0.0,100.0,0,None
2025-10-28,INV-02,250.0,3.78,33.8,757.2,774.1,805.7,0.0,100.0,0,None
2025-10-28,INV-03,250.0,3.78,33.8,764.2,797.1,810.4,0.0,100.0,0,None
2025-10-28,INV-04,250.0,3.78,33.8,762.7,790.8,808.5,0.0,100.0,0,None
2025-10-28,INV-05,250.0,3.78,33.8,761.6,780.2,799.7,0.0,100.0,0,None
2025-10-28,INV-06,250.0,3.78,33.8,760.0,783.4,796.7,0.0,100.0,0,None
2025-10-28,INV-07,250.0,3.78,33.8,762.3,794.9,819.4,0.0,100.0,0,None
2025-10-28,INV-08,250.0,3.78,33.8,760.1,783.2,795.3,0.0,100.0,0,None
2025-10-28,INV-09,250.0,3.78,33.8,772.2,804.3,807.9,0.0,100.0,0,None
2025-10-28,INV-10,250.0,3.78,33.8,761.5,805.3,778.5,0.0,100.0,0,None
2025-10-28,INV-11,250.0,3.78,33.8,761.0,792.3,744.3,0.75,92.5,2,Grid trip
2025-10-28,INV-12,250.0,3.78,33.8,760.3,778.7,817.8,0.0,100.0,0,None
2025-10-29,INV-01,250.0,3.05,32.5,765.8,799.1,658.5,0.0,100.0,0,None
2025-10-29,INV-02,250.0,3.05,32.5,767.9,809.2,651.7,0.0,100.0,0,None
2025-10-29,INV-03,250.0,3.05,32.5,769.8,796.5,641.1,0.0,100.0,0,None
2025-10-29,INV-04,250.0,3.05,32.5,761.9,782.6,655.1,0.0,100.0,0,None
2025-10-29,INV-05,250.0,3.05,32.5,764.3,793.5,658.8,0.0,100.0,1,Comm loss
2025-10-29,INV-06,250.0,3.05,32.5,763.3,808.3,662.3,0.0,100.0,0,None
2025-10-29,INV-07,250.0,3.05,32.5,762.7,783.4,650.7,0.0,100.0,0,None
2025-10-29,INV-08,250.0,3.05,32.5,758.5,793.7,657.3,0.0,100.0,0,None
2025-10-29,INV-09,250.0,3.05,32.5,765.1,804.3,644.7,0.0,100.0,0,None
2025-10-29,INV-10,250.0,3.05,32.5,766.9,777.9,644.2,0.0,100.0,0,None
2025-10-29,INV-11,250.0,3.05,32.5,764.3,797.6,657.3,0.0,100.0,0,None
2025-10-29,INV-12,250.0,3.05,32.5,764.9,799.7,656.7,0.0,100.0,0,None
2025-10-30,INV-01,250.0,3.66,36.6,759.0,788.5,770.1,0.0,100.0,0,None
2025-10-30,INV-02,250.0,3.66,36.6,756.8,789.0,770.9,0.0,100.0,0,None
2025-10-30,INV-03,250.0,3.66,36.6,758.4,788.9,774.7,0.0,100.0,0,None
2025-10-30,INV-04,250.0,3.66,36.6,753.0,771.9,765.3,0.0,100.0,0,None
2025-10-30,INV-05,250.0,3.66,36.6,752.1,764.9,775.0,0.0,100.0,0,None
2025-10-30,INV-06,250.0,3.66,36.6,756.4,783.4,763.7,0.0,100.0,0,None
2025-10-30,INV-07,250.0,3.66,36.6,754.1,788.6,772.0,0.0,100.0,0,None
2025-10-30,INV-08,250.0,3.66,36.6,762.5,789.6,757.6,0.0,100.0,0,None
2025-10-30,INV-09,250.0,3.66,36.6,758.3,798.2,766.7,0.0,100.0,0,None
2025-10-30,INV-10,250.0,3.66,36.6,754.0,783.6,759.0,0.0,100.0,0,None
2025-10-30,INV-11,250.0,3.66,36.6,755.7,796.6,780.9,0.0,100.0,0,None
2025-10-30,INV-12,250.0,3.66,36.6,757.4,796.6,778.8,0.0,100.0,0,None
2025-10-31,INV-01,250.0,3.33,34.4,760.1,783.8,726.7,0.0,100.0,0,None
2025-10-31,INV-02,250.0,3.33,34.4,759.0,794.1,704.7,0.0,100.0,0,None
2025-10-31,INV-03,250.0,3.33,34.4,758.2,782.9,595.1,1.48,85.2,2,Grid trip
2025-10-31,INV-04,250.0,3.33,34.4,758.1,792.7,704.9,0.0,100.0,0,None
2025-10-31,INV-05,250.0,3.33,34.4,768.0,794.8,699.9,0.0,100.0,0,None
2025-10-31,INV-06,250.0,3.33,34.4,759.0,787.1,712.6,0.0,100.0,0,None
2025-10-31,INV-07,250.0,3.33,34.4,752.7,789.3,703.3,0.0,100.0,0,None
2025-10-31,INV-08,250.0,3.33,34.4,756.6,792.6,711.9,0.0,100.0,0,None
2025-10-31,INV-09,250.0,3.33,34.4,764.9,793.6,684.8,0.0,100.0,0,None
2025-10-31,INV-10,250.0,3.33,34.4,760.2,786.5,714.8,0.0,100.0,0,None
2025-10-31,INV-11,250.0,3.33,34.4,760.7,803.5,714.5,0.0,100.0,0,None
2025-10-31,INV-12,250.0,3.33,34.4,765.9,800.6,708.9,0.0,100.0,0,None
2025-11-01,INV-01,250.0,3.39,31.3,761.8,796.1,734.3,0.0,100.0,0,None
2025-11-01,INV-02,250.0,3.39,31.3,769.9,811.6,732.5,0.0,100.0,0,None
2025-11-01,INV-03,250.0,3.39,31.3,764.3,785.7,731.1,0.0,100.0,0,None
2025-11-01,INV-04,250.0,3.39,31.3,762.9,790.4,736.9,0.0,100.0,0,None
2025-11-01,INV-05,250.0,3.39,31.3,768.2,807.6,720.2,0.0,100.0,0,None
2025-11-01,INV-06,250.0,3.39,31.3,764.6,810.4,723.4,0.0,100.0,0,None
2025-11-01,INV-07,250.0,3.39,31.3,765.1,787.2,726.3,0.0,100.0,0,None
2025-11-01,INV-08,250.0,3.39,31.3,768.1,792.2,627.4,1.35,86.5,2,Grid trip
2025-11-01,INV-09,250.0,3.39,31.3,770.6,803.7,694.8,0.0,100.0,0,None
2025-11-01,INV-10,250.0,3.39,31.3,764.2,789.6,724.5,0.0,100.0,0,None
2025-11-01,INV-11,250.0,3.39,31.3,763.5,787.4,637.0,1.18,88.2,1,Grid trip
2025-11-01,INV-12,250.0,3.39,31.3,767.5,799.5,729.1,0.0,100.0,0,None
2025-11-02,INV-01,250.0,3.11,35.7,765.3,798.8,662.8,0.0,100.0,0,None
2025-11-02,INV-02,250.0,3.11,35.7,758.1,772.7,647.1,0.0,100.0,0,None
2025-11-02,INV-03,250.0,3.11,35.7,758.4,778.8,650.0,0.0,100.0,0,None
2025-11-02,INV-04,250.0,3.11,35.7,763.7,788.3,643.9,0.0,100.0,0,None
2025-11-02,INV-05,250.0,3.11,35.7,762.1,790.7,653.8,0.0,100.0,0,None
2025-11-02,INV-06,250.0,3.11,35.7,760.3,780.3,644.7,0.0,100.0,0,None
2025-11-02,INV-07,250.0,3.11,35.7,756.3,784.3,653.3,0.0,100.0,0,None
2025-11-02,INV-08,250.0,3.11,35.7,760.4,804.5,651.1,0.0,100.0,1,Comm loss
2025-11-02,INV-09,250.0,3.11,35.7,753.1,786.4,648.6,0.0,100.0,0,None
2025-11-02,INV-10,250.0,3.11,35.7,756.1,787.8,639.5,0.0,100.0,0,None
2025-11-02,INV-11,250.0,3.11,35.7,764.3,786.2,650.8,0.0,100.0,0,None
2025-11-02,INV-12,250.0,3.11,35.7,763.8,780.7,659.2,0.0,100.0,0,None
2025-11-03,INV-01,250.0,3.28,35.1,762.6,796.7,679.5,0.0,100.0,0,None
2025-11-03,INV-02,250.0,3.28,35.1,764.0,788.4,702.9,0.0,100.0,0,None
2025-11-03,INV-03,250.0,3.28,35.1,763.8,803.3,689.0,0.0,100.0,0,None
2025-11-03,INV-04,250.0,3.28,35.1,761.5,780.4,685.2,0.0,100.0,0,None
2025-11-03,INV-05,250.0,3.28,35.1,763.6,780.5,687.5,0.0,100.0,0,None
2025-11-03,INV-06,250.0,3.28,35.1,763.3,792.2,692.9,0.0,100.0,0,None
2025-11-03,INV-07,250.0,3.28,35.1,770.5,793.8,686.4,0.0,100.0,0,None
2025-11-03,INV-08,250.0,3.28,35.1,764.7,784.6,692.8,0.0,100.0,0,None
2025-11-03,INV-09,250.0,3.28,35.1,759.4,784.3,676.3,0.0,100.0,0,None
2025-11-03,INV-10,250.0,3.28,35.1,756.2,780.1,683.0,0.0,100.0,0,None
2025-11-03,INV-11,250.0,3.28,35.1,758.8,788.8,698.4,0.0,100.0,0,None
2025-11-03,INV-12,250.0,3.28,35.1,758.5,783.5,691.2,0.0,100.0,0,None
2025-11-04,INV-01,250.0,3.64,34.1,766.6,786.3,774.1,0.0,100.0,0,None
2025-11-04,INV-02,250.0,3.64,34.1,755.3,777.1,770.5,0.0,100.0,0,None
2025-11-04,INV-03,250.0,3.64,34.1,755.5,774.7,763.3,0.0,100.0,0,None
2025-11-04,INV-04,250.0,3.64,34.1,759.3,788.1,756.2,0.0,100.0,0,None
2025-11-04,INV-05,250.0,3.64,34.1,761.7,793.5,773.4,0.0,100.0,0,None
2025-11-04,INV-06,250.0,3.64,34.1,759.8,778.2,762.4,0.0,100.0,0,None
2025-11-04,INV-07,250.0,3.64,34.1,764.3,794.9,758.6,0.0,100.0,0,None
2025-11-04,INV-08,250.0,3.64,34.1,766.1,789.1,779.6,0.0,100.0,0,None
2025-11-04,INV-09,250.0,3.64,34.1,762.9,784.3,750.0,0.0,100.0,0,None
2025-11-04,INV-10,250.0,3.64,34.1,764.0,789.0,757.3,0.0,100.0,0,None
2025-11-04,INV-11,250.0,3.64,34.1,762.9,783.9,767.0,0.0,100.0,0,None
2025-11-04,INV-12,250.0,3.64,34.1,761.8,796.7,770.2,0.0,100.0,0,None
2025-11-05,INV-01,250.0,3.48,32.8,759.6,784.1,750.8,0.0,100.0,0,None
2025-11-05,INV-02,250.0,3.48,32.8,763.9,789.6,737.3,0.0,100.0,0,None
2025-11-05,INV-03,250.0,3.48,32.8,768.6,786.9,734.0,0.0,100.0,0,None
2025-11-05,INV-04,250.0,3.48,32.8,766.1,792.4,732.0,0.0,100.0,0,None
2025-11-05,INV-05,250.0,3.48,32.8,766.4,806.8,731.5,0.0,100.0,0,None
2025-11-05,INV-06,250.0,3.48,32.8,763.8,785.5,729.9,0.0,100.0,0,None
2025-11-05,INV-07,250.0,3.48,32.8,763.0,803.6,749.1,0.0,100.0,0,None
2025-11-05,INV-08,250.0,3.48,32.8,767.5,794.1,735.9,0.0,100.0,0,None
2025-11-05,INV-09,250.0,3.48,32.8,762.1,809.0,714.3,0.0,100.0,0,None
2025-11-05,INV-10,250.0,3.48,32.8,767.7,792.3,716.9,0.0,100.0,0,None
2025-11-05,INV-11,250.0,3.48,32.8,769.3,798.2,742.9,0.0,100.0,0,None
2025-11-05,INV-12,250.0,3.48,32.8,761.0,783.7,730.8,0.0,100.0,0,None
2025-11-06,INV-01,250.0,3.61,36.1,761.2,792.3,747.7,0.0,100.0,0,None
2025-11-06,INV-02,250.0,3.61,36.1,757.4,785.0,767.6,0.0,100.0,0,None
2025-11-06,INV-03,250.0,3.61,36.1,766.1,786.8,769.7,0.0,100.0,0,None
2025-11-06,INV-04,250.0,3.61,36.1,760.2,792.6,748.2,0.0,100.0,0,None
2025-11-06,INV-05,250.0,3.61,36.1,761.0,789.3,739.1,0.0,100.0,0,None
2025-11-06,INV-06,250.0,3.61,36.1,756.8,794.0,742.7,0.0,100.0,0,None
2025-11-06,INV-07,250.0,3.61,36.1,753.4,777.6,753.8,0.0,100.0,0,None
2025-11-06,INV-08,250.0,3.61,36.1,754.2,789.2,773.5,0.0,100.0,0,None
2025-11-06,INV-09,250.0,3.61,36.1,752.2,795.4,728.6,0.0,100.0,0,None
2025-11-06,INV-10,250.0,3.61,36.1,761.4,793.5,738.9,0.0,100.0,0,None
2025-11-06,INV-11,250.0,3.61,36.1,756.2,792.5,664.3,1.19,88.1,2,Grid trip
2025-11-06,INV-12,250.0,3.61,36.1,761.5,796.1,745.4,0.0,100.0,0,None
2025-11-07,INV-01,250.0,3.59,35.3,760.5,795.4,748.8,0.0,100.0,0,None
2025-11-07,INV-02,250.0,3.59,35.3,756.8,781.4,757.2,0.0,100.0,0,None
2025-11-07,INV-03,250.0,3.59,35.3,767.4,802.8,751.1,0.0,100.0,0,None
2025-11-07,INV-04,250.0,3.59,35.3,760.0,790.2,739.4,0.0,100.0,0,None
2025-11-07,INV-05,250.0,3.59,35.3,756.6,784.9,763.8,0.0,100.0,0,None
2025-11-07,INV-06,250.0,3.59,35.3,758.3,797.8,744.9,0.0,100.0,0,None
2025-11-07,INV-07,250.0,3.59,35.3,759.8,775.9,747.6,0.0,100.0,0,None
2025-11-07,INV-08,250.0,3.59,35.3,760.2,784.8,754.3,0.0,100.0,0,None
2025-11-07,INV-09,250.0,3.59,35.3,761.2,801.1,733.7,0.0,100.0,0,None
2025-11-07,INV-10,250.0,3.59,35.3,759.5,804.1,725.3,0.0,100.0,0,None
2025-11-07,INV-11,250.0,3.59,35.3,754.0,802.3,766.1,0.0,100.0,0,None
2025-11-07,INV-12,250.0,3.59,35.3,758.1,788.5,746.0,0.0,100.0,0,None
2025-11-08,INV-01,250.0,3.4,37.9,752.1,776.9,703.7,0.0,100.0,0,None
2025-11-08,INV-02,250.0,3.4,37.9,752.0,770.3,704.6,0.0,100.0,0,None
2025-11-08,INV-03,250.0,3.4,37.9,753.1,795.3,705.9,0.0,100.0,0,None
2025-11-08,INV-04,250.0,3.4,37.9,756.9,776.9,704.5,0.0,100.0,0,None
2025-11-08,INV-05,250.0,3.4,37.9,755.9,789.4,702.4,0.0,100.0,0,None
2025-11-08,INV-06,250.0,3.4,37.9,760.5,783.4,701.0,0.0,100.0,0,None
2025-11-08,INV-07,250.0,3.4,37.9,759.1,798.1,700.5,0.0,100.0,0,None
2025-11-08,INV-08,250.0,3.4,37.9,762.1,802.2,714.2,0.0,100.0,0,None
2025-11-08,INV-09,250.0,3.4,37.9,756.5,790.7,676.0,0.0,100.0,1,Comm loss
2025-11-08,INV-10,250.0,3.4,37.9,756.4,796.4,691.0,0.0,100.0,0,None
2025-11-08,INV-11,250.0,3.4,37.9,752.3,782.4,707.7,0.0,100.0,0,None
2025-11-08,INV-12,250.0,3.4,37.9,757.6,805.4,699.3,0.0,100.0,0,None
2025-11-09,INV-01,250.0,3.55,35.1,758.1,781.7,723.4,0.0,100.0,0,None
2025-11-09,INV-02,250.0,3.55,35.1,756.7,781.8,740.1,0.0,100.0,0,None
2025-11-09,INV-03,250.0,3.55,35.1,762.0,777.1,743.5,0.0,100.0,0,None
2025-11-09,INV-04,250.0,3.55,35.1,753.9,786.2,735.2,0.0,100.0,0,None
2025-11-09,INV-05,250.0,3.55,35.1,755.5,797.8,743.1,0.0,100.0,0,None
2025-11-09,INV-06,250.0,3.55,35.1,757.2,778.9,752.6,0.0,100.0,0,None
2025-11-09,INV-07,250.0,3.55,35.1,761.6,799.8,750.6,0.0,100.0,0,None
2025-11-09,INV-08,250.0,3.55,35.1,760.7,790.2,755.6,0.0,100.0,0,None
2025-11-09,INV-09,250.0,3.55,35.1,764.0,779.8,720.9,0.0,100.0,0,None
2025-11-09,INV-10,250.0,3.55,35.1,756.1,779.0,725.6,0.0,100.0,0,None
2025-11-09,INV-11,250.0,3.55,35.1,755.9,778.3,752.3,0.0,100.0,0,None
2025-11-09,INV-12,250.0,3.55,35.1,761.9,789.4,751.2,0.0,100.0,0,None
2025-11-10,INV-01,250.0,3.36,34.6,762.8,793.6,703.3,0.0,100.0,0,None
2025-11-10,INV-02,250.0,3.36,34.6,759.9,780.1,707.5,0.0,100.0,0,None
2025-11-10,INV-03,250.0,3.36,34.6,755.9,785.2,709.2,0.0,100.0,0,None
2025-11-10,INV-04,250.0,3.36,34.6,766.6,798.0,703.7,0.0,100.0,0,None
2025-11-10,INV-05,250.0,3.36,34.6,763.9,800.1,699.9,0.0,100.0,0,None
2025-11-10,INV-06,250.0,3.36,34.6,768.0,800.2,704.2,0.0,100.0,0,None
2025-11-10,INV-07,250.0,3.36,34.6,769.5,804.8,697.8,0.0,100.0,0,None
2025-11-10,INV-08,250.0,3.36,34.6,755.7,784.7,616.1,1.24,87.6,2,Grid trip
2025-11-10,INV-09,250.0,3.36,34.6,755.7,795.1,678.2,0.0,100.0,0,None
2025-11-10,INV-10,250.0,3.36,34.6,749.4,784.4,700.0,0.0,100.0,0,None
2025-11-10,INV-11,250.0,3.36,34.6,764.5,785.0,624.3,1.21,87.9,2,Grid trip
2025-11-10,INV-12,250.0,3.36,34.6,763.4,804.5,714.4,0.0,100.0,0,None
2025-11-11,INV-01,250.0,3.44,33.8,758.2,788.3,723.8,0.0,100.0,0,None
2025-11-11,INV-02,250.0,3.44,33.8,759.2,790.4,721.0,0.0,100.0,0,None
2025-11-11,INV-03,250.0,3.44,33.8,767.1,799.0,718.7,0.0,100.0,0,None
2025-11-11,INV-04,250.0,3.44,33.8,756.2,785.2,722.9,0.0,100.0,0,None
2025-11-11,INV-05,250.0,3.44,33.8,764.2,788.6,730.9,0.0,100.0,0,None
2025-11-11,INV-06,250.0,3.44,33.8,760.9,796.1,705.2,0.0,100.0,0,None
2025-11-11,INV-07,250.0,3.44,33.8,758.6,787.7,745.6,0.0,100.0,0,None
2025-11-11,INV-08,250.0,3.44,33.8,770.3,796.3,728.1,0.0,100.0,0,None
2025-11-11,INV-09,250.0,3.44,33.8,758.6,800.4,693.0,0.0,100.0,0,None
2025-11-11,INV-10,250.0,3.44,33.8,757.9,786.9,708.9,0.0,100.0,0,None
2025-11-11,INV-11,250.0,3.44,33.8,761.7,800.4,727.7,0.0,100.0,0,None
2025-11-11,INV-12,250.0,3.44,33.8,759.3,799.1,723.1,0.0,100.0,0,None
2025-11-12,INV-01,250.0,3.15,34.7,760.0,770.1,653.4,0.0,100.0,0,None
2025-11-12,INV-02,250.0,3.15,34.7,760.0,788.4,645.1,0.0,100.0,0,None
2025-11-12,INV-03,250.0,3.15,34.7,765.9,804.6,658.3,0.0,100.0,0,None
2025-11-12,INV-04,250.0,3.15,34.7,760.3,797.5,649.4,0.0,100.0,0,None
2025-11-12,INV-05,250.0,3.15,34.7,768.1,797.4,648.5,0.0,100.0,0,None
2025-11-12,INV-06,250.0,3.15,34.7,758.9,802.5,658.9,0.0,100.0,0,None
2025-11-12,INV-07,250.0,3.15,34.7,762.4,789.3,658.3,0.0,100.0,0,None
2025-11-12,INV-08,250.0,3.15,34.7,764.8,789.0,652.8,0.0,100.0,0,None
2025-11-12,INV-09,250.0,3.15,34.7,765.4,791.7,642.3,0.0,100.0,0,None
2025-11-12,INV-10,250.0,3.15,34.7,765.9,786.9,648.7,0.0,100.0,0,None
2025-11-12,INV-11,250.0,3.15,34.7,759.6,794.6,656.2,0.0,100.0,0,None
2025-11-12,INV-12,250.0,3.15,34.7,760.6,793.0,653.1,0.0,100.0,0,None
2025-11-13,INV-01,250.0,3.23,34.4,763.8,776.1,669.4,0.0,100.0,0,None
2025-11-13,INV-02,250.0,3.23,34.4,762.5,790.6,673.4,0.0,100.0,0,None
2025-11-13,INV-03,250.0,3.23,34.4,763.1,804.7,676.5,0.0,100.0,0,None
2025-11-13,INV-04,250.0,3.23,34.4,759.9,795.6,668.3,0.0,100.0,0,None
2025-11-13,INV-05,250.0,3.23,34.4,756.9,784.2,669.5,0.0,100.0,0,None
2025-11-13,INV-06,250.0,3.23,34.4,755.5,769.9,674.3,0.0,100.0,0,None
2025-11-13,INV-07,250.0,3.23,34.4,754.5,773.9,673.3,0.0,100.0,0,None
2025-11-13,INV-08,250.0,3.23,34.4,768.2,809.4,684.0,0.0,100.0,0,None
2025-11-13,INV-09,250.0,3.23,34.4,752.3,779.6,637.6,0.0,100.0,0,None
2025-11-13,INV-10,250.0,3.23,34.4,766.0,795.4,663.6,0.0,100.0,0,None
2025-11-13,INV-11,250.0,3.23,34.4,757.9,790.2,681.5,0.0,100.0,0,None
2025-11-13,INV-12,250.0,3.23,34.4,765.9,785.5,674.1,0.0,100.0,0,None
2025-11-14,INV-01,250.0,3.03,34.9,764.5,789.3,630.1,0.0,100.0,0,None
2025-11-14,INV-02,250.0,3.03,34.9,760.3,796.1,639.7,0.0,100.0,0,None
2025-11-14,INV-03,250.0,3.03,34.9,761.7,791.6,632.8,0.0,100.0,0,None
2025-11-14,INV-04,250.0,3.03,34.9,768.3,794.0,622.7,0.0,100.0,0,None
2025-11-14,INV-05,250.0,3.03,34.9,759.1,786.0,616.6,0.0,100.0,0,None
2025-11-14,INV-06,250.0,3.03,34.9,760.3,783.5,635.4,0.0,100.0,0,None
2025-11-14,INV-07,250.0,3.03,34.9,756.6,793.3,628.2,0.0,100.0,0,None
2025-11-14,INV-08,250.0,3.03,34.9,763.7,785.4,,0.0,100.0,0,None
2025-11-14,INV-09,250.0,3.03,34.9,758.0,785.8,610.6,0.0,100.0,0,None
2025-11-14,INV-10,250.0,3.03,34.9,764.3,797.0,626.3,0.0,100.0,0,None
2025-11-14,INV-11,250.0,3.03,34.9,753.6,796.5,645.5,0.0,100.0,0,None
2025-11-14,INV-12,250.0,3.03,34.9,762.4,792.3,625.4,0.0,100.0,0,None
2025-11-15,INV-01,250.0,3.42,32.8,759.0,797.1,724.3,0.0,100.0,0,None
2025-11-15,INV-02,250.0,3.42,32.8,763.7,778.7,719.3,0.0,100.0,0,None
2025-11-15,INV-03,250.0,3.42,32.8,763.9,804.3,721.1,0.0,100.0,0,None
2025-11-15,INV-04,250.0,3.42,32.8,770.0,799.8,706.7,0.0,100.0,0,None
2025-11-15,INV-05,250.0,3.42,32.8,769.6,799.6,712.7,0.0,100.0,0,None
2025-11-15,INV-06,250.0,3.42,32.8,761.6,775.3,723.2,0.0,100.0,0,None
2025-11-15,INV-07,250.0,3.42,32.8,767.6,794.5,729.1,0.0,100.0,0,None
2025-11-15,INV-08,250.0,3.42,32.8,762.4,803.3,731.4,0.0,100.0,0,None
2025-11-15,INV-09,250.0,3.42,32.8,767.1,793.7,679.1,0.0,100.0,0,None
2025-11-15,INV-10,250.0,3.42,32.8,767.6,803.3,707.2,0.0,100.0,0,None
2025-11-15,INV-11,250.0,3.42,32.8,769.3,799.6,719.7,0.0,100.0,0,None
2025-11-15,INV-12,250.0,3.42,32.8,762.4,800.9,702.2,0.0,100.0,0,None
2025-11-16,INV-01,250.0,2.89,31.9,765.0,799.1,595.5,0.0,100.0,0,None
2025-11-16,INV-02,250.0,2.89,31.9,771.1,807.1,611.9,0.0,100.0,0,None
2025-11-16,INV-03,250.0,2.89,31.9,770.3,798.2,605.4,0.0,100.0,0,None
2025-11-16,INV-04,250.0,2.89,31.9,760.7,795.5,598.7,0.0,100.0,0,None
2025-11-16,INV-05,250.0,2.89,31.9,765.6,794.4,600.1,0.0,100.0,0,None
2025-11-16,INV-06,250.0,2.89,31.9,764.3,790.8,594.6,0.0,100.0,0,None
2025-11-16,INV-07,250.0,2.89,31.9,760.6,805.7,597.4,0.0,100.0,0,None
2025-11-16,INV-08,250.0,2.89,31.9,760.3,771.7,617.4,0.0,100.0,0,None
2025-11-16,INV-09,250.0,2.89,31.9,762.9,777.9,573.2,0.0,100.0,0,None
2025-11-16,INV-10,250.0,2.89,31.9,763.6,796.6,582.8,0.0,100.0,0,None
2025-11-16,INV-11,250.0,2.89,31.9,767.3,795.1,607.3,0.0,100.0,0,None
2025-11-16,INV-12,250.0,2.89,31.9,770.3,788.8,609.2,0.0,100.0,0,None
2025-11-17,INV-01,250.0,3.35,32.6,761.3,796.2,705.0,0.0,100.0,0,None
2025-11-17,INV-02,250.0,3.35,32.6,766.2,1024.9,597.3,1.52,84.8,5,DC overvoltage
2025-11-17,INV-03,250.0,3.35,32.6,766.3,793.5,692.6,0.0,100.0,0,None
2025-11-17,INV-04,250.0,3.35,32.6,766.9,790.1,698.5,0.0,100.0,0,None
2025-11-17,INV-05,250.0,3.35,32.6,769.0,818.8,692.9,0.0,100.0,0,None
2025-11-17,INV-06,250.0,3.35,32.6,762.4,787.1,689.2,0.0,100.0,0,None
2025-11-17,INV-07,250.0,3.35,32.6,767.5,798.1,706.9,0.0,100.0,0,None
2025-11-17,INV-08,250.0,3.35,32.6,758.0,789.0,701.6,0.0,100.0,0,None
2025-11-17,INV-09,250.0,3.35,32.6,764.4,781.7,658.9,0.0,100.0,0,None
2025-11-17,INV-10,250.0,3.35,32.6,763.8,789.6,689.1,0.0,100.0,0,None
2025-11-17,INV-11,250.0,3.35,32.6,770.7,803.9,712.0,0.0,100.0,0,None
2025-11-17,INV-12,250.0,3.35,32.6,764.2,794.9,698.8,0.0,100.0,0,None
2025-11-18,INV-01,250.0,3.1,34.0,763.8,791.6,645.3,0.0,100.0,0,None
2025-11-18,INV-02,250.0,3.1,34.0,756.9,787.5,639.3,0.0,100.0,0,None
2025-11-18,INV-03,250.0,3.1,34.0,759.9,797.3,655.3,0.0,100.0,0,None
2025-11-18,INV-04,250.0,3.1,34.0,760.4,793.6,636.3,0.0,100.0,0,None
2025-11-18,INV-05,250.0,3.1,34.0,762.4,801.0,649.0,0.0,100.0,0,None
2025-11-18,INV-06,250.0,3.1,34.0,768.0,806.4,639.4,0.0,100.0,0,None
2025-11-18,INV-07,250.0,3.1,34.0,760.9,792.6,641.1,0.0,100.0,0,None
2025-11-18,INV-08,250.0,3.1,34.0,759.3,792.3,657.3,0.0,100.0,0,None
2025-11-18,INV-09,250.0,3.1,34.0,773.1,811.9,603.3,0.0,100.0,0,None
2025-11-18,INV-10,250.0,3.1,34.0,760.4,781.5,634.8,0.0,100.0,0,None
2025-11-18,INV-11,250.0,3.1,34.0,761.3,811.3,641.6,0.0,100.0,0,None
2025-11-18,INV-12,250.0,3.1,34.0,760.7,786.6,638.7,0.0,100.0,0,None
2025-11-19,INV-01,250.0,3.41,35.5,767.2,794.4,710.9,0.0,100.0,0,None
2025-11-19,INV-02,250.0,3.41,35.5,760.3,782.1,712.7,0.0,100.0,0,None
2025-11-19,INV-03,250.0,3.41,35.5,754.6,772.9,703.7,0.0,100.0,0,None
2025-11-19,INV-04,250.0,3.41,35.5,759.6,784.0,,0.0,100.0,0,None
2025-11-19,INV-05,250.0,3.41,35.5,763.2,800.1,691.5,0.0,100.0,0,None
2025-11-19,INV-06,250.0,3.41,35.5,748.9,780.8,708.8,0.0,100.0,0,None
2025-11-19,INV-07,250.0,3.41,35.5,759.8,789.2,715.2,0.0,100.0,0,None
2025-11-19,INV-08,250.0,3.41,35.5,757.6,779.3,706.7,0.0,100.0,0,None
2025-11-19,INV-09,250.0,3.41,35.5,752.5,779.5,658.9,0.0,100.0,0,None
2025-11-19,INV-10,250.0,3.41,35.5,759.4,795.3,701.7,0.0,100.0,0,None
2025-11-19,INV-11,250.0,3.41,35.5,758.5,792.6,697.4,0.0,100.0,0,None
2025-11-19,INV-12,250.0,3.41,35.5,759.0,785.2,696.9,0.0,100.0,0,None
2025-11-20,INV-01,250.0,3.3,32.3,765.4,808.5,685.1,0.0,100.0,0,None
2025-11-20,INV-02,250.0,3.3,32.3,773.6,807.8,702.5,0.0,100.0,0,None
2025-11-20,INV-03,250.0,3.3,32.3,770.4,803.3,691.8,0.0,100.0,0,None
2025-11-20,INV-04,250.0,3.3,32.3,766.5,822.1,690.1,0.0,100.0,0,None
2025-11-20,INV-05,250.0,3.3,32.3,765.9,797.6,679.2,0.0,100.0,0,None
2025-11-20,INV-06,250.0,3.3,32.3,766.7,788.0,679.0,0.0,100.0,0,None
2025-11-20,INV-07,250.0,3.3,32.3,767.5,795.2,684.3,0.0,100.0,0,None
2025-11-20,INV-08,250.0,3.3,32.3,763.8,806.3,695.3,0.0,100.0,0,None
2025-11-20,INV-09,250.0,3.3,32.3,762.1,781.8,653.3,0.0,100.0,0,None
2025-11-20,INV-10,250.0,3.3,32.3,769.6,793.6,681.6,0.0,100.0,0,None
2025-11-20,INV-11,250.0,3.3,32.3,765.6,804.4,692.1,0.0,100.0,0,None
2025-11-20,INV-12,250.0,3.3,32.3,769.3,797.1,683.7,0.0,100.0,0,None
2025-11-21,INV-01,250.0,3.38,32.4,766.2,789.7,703.6,0.0,100.0,0,None
2025-11-21,INV-02,250.0,3.38,32.4,767.5,808.3,701.3,0.0,100.0,0,None
2025-11-21,INV-03,250.0,3.38,32.4,766.7,802.5,702.1,0.0,100.0,0,None
2025-11-21,INV-04,250.0,3.38,32.4,771.4,800.8,700.9,0.0,100.0,0,None
2025-11-21,INV-05,250.0,3.38,32.4,762.9,789.2,712.1,0.0,100.0,0,None
2025-11-21,INV-06,250.0,3.38,32.4,768.4,801.3,703.0,0.0,100.0,0,None
2025-11-21,INV-07,250.0,3.38,32.4,765.9,801.2,707.0,0.0,100.0,0,None
2025-11-21,INV-08,250.0,3.38,32.4,769.2,786.5,715.5,0.0,100.0,0,None
2025-11-21,INV-09,250.0,3.38,32.4,764.4,797.4,659.2,0.0,100.0,0,None
2025-11-21,INV-10,250.0,3.38,32.4,763.9,799.1,690.3,0.0,100.0,0,None
2025-11-21,INV-11,250.0,3.38,32.4,768.2,779.4,727.0,0.0,100.0,0,None
2025-11-21,INV-12,250.0,3.38,32.4,766.7,798.3,700.1,0.0,100.0,0,None
2025-11-22,INV-01,250.0,3.27,33.2,763.6,794.4,676.7,0.0,100.0,0,None
2025-11-22,INV-02,250.0,3.27,33.2,766.4,792.4,685.0,0.0,100.0,0,None
2025-11-22,INV-03,250.0,3.27,33.2,761.6,792.0,683.5,0.0,100.0,0,None
2025-11-22,INV-04,250.0,3.27,33.2,762.4,801.2,684.3,0.0,100.0,0,None
2025-11-22,INV-05,250.0,3.27,33.2,760.9,780.9,670.1,0.0,100.0,0,None
2025-11-22,INV-06,250.0,3.27,33.2,761.8,809.2,670.0,0.0,100.0,0,None
2025-11-22,INV-07,250.0,3.27,33.2,763.8,793.2,675.4,0.0,100.0,0,None
2025-11-22,INV-08,250.0,3.27,33.2,760.3,793.6,679.0,0.0,100.0,0,None
2025-11-22,INV-09,250.0,3.27,33.2,764.7,788.7,643.1,0.0,100.0,0,None
2025-11-22,INV-10,250.0,3.27,33.2,764.7,803.9,674.1,0.0,100.0,0,None
2025-11-22,INV-11,250.0,3.27,33.2,762.9,791.9,692.5,0.0,100.0,0,None
2025-11-22,INV-12,250.0,3.27,33.2,760.3,787.1,672.8,0.0,100.0,0,None
2025-11-23,INV-01,250.0,2.72,31.3,766.6,803.6,572.8,0.0,100.0,0,None
2025-11-23,INV-02,250.0,2.72,31.3,762.7,806.7,571.0,0.0,100.0,0,None
2025-11-23,INV-03,250.0,2.72,31.3,764.3,802.9,557.5,0.0,100.0,0,None
2025-11-23,INV-04,250.0,2.72,31.3,766.5,803.7,561.1,0.0,100.0,0,None
2025-11-23,INV-05,250.0,2.72,31.3,763.4,814.5,559.0,0.0,100.0,0,None
2025-11-23,INV-06,250.0,2.72,31.3,769.6,800.4,558.9,0.0,100.0,0,None
2025-11-23,INV-07,250.0,2.72,31.3,772.7,800.4,566.4,0.0,100.0,0,None
2025-11-23,INV-08,250.0,2.72,31.3,770.7,802.1,572.2,0.0,100.0,0,None
2025-11-23,INV-09,250.0,2.72,31.3,771.4,794.1,518.4,0.0,100.0,0,None
2025-11-23,INV-10,250.0,2.72,31.3,761.8,792.4,555.2,0.0,100.0,0,None
2025-11-23,INV-11,250.0,2.72,31.3,766.4,782.5,581.3,0.0,100.0,0,None
2025-11-23,INV-12,250.0,2.72,31.3,769.2,795.0,554.3,0.0,100.0,0,None
2025-11-24,INV-01,250.0,3.06,33.6,763.8,793.3,636.1,0.0,100.0,0,None
2025-11-24,INV-02,250.0,3.06,33.6,763.5,796.7,647.3,0.0,100.0,0,None
2025-11-24,INV-03,250.0,3.06,33.6,762.8,789.4,639.8,0.0,100.0,0,None
2025-11-24,INV-04,250.0,3.06,33.6,758.1,798.6,626.4,0.0,100.0,0,None
2025-11-24,INV-05,250.0,3.06,33.6,763.8,777.5,635.5,0.0,100.0,0,None
2025-11-24,INV-06,250.0,3.06,33.6,760.6,788.2,622.0,0.0,100.0,0,None
2025-11-24,INV-07,250.0,3.06,33.6,758.8,795.2,629.4,0.0,100.0,0,None
2025-11-24,INV-08,250.0,3.06,33.6,767.8,791.0,649.5,0.0,100.0,0,None
2025-11-24,INV-09,250.0,3.06,33.6,771.4,799.5,586.8,0.0,100.0,0,None
2025-11-24,INV-10,250.0,3.06,33.6,770.5,805.2,622.0,0.0,100.0,0,None
2025-11-24,INV-11,250.0,3.06,33.6,765.3,807.5,638.4,0.0,100.0,0,None
2025-11-24,INV-12,250.0,3.06,33.6,761.7,781.3,558.9,1.03,89.7,2,Grid trip
2025-11-25,INV-01,250.0,2.79,28.3,784.9,819.5,601.8,0.0,100.0,0,None
2025-11-25,INV-02,250.0,2.79,28.3,763.4,788.0,595.3,0.0,100.0,0,None
2025-11-25,INV-03,250.0,2.79,28.3,774.3,811.8,588.1,0.0,100.0,0,None
2025-11-25,INV-04,250.0,2.79,28.3,774.5,810.3,584.8,0.0,100.0,0,None
2025-11-25,INV-05,250.0,2.79,28.3,772.5,805.8,583.3,0.0,100.0,0,None
2025-11-25,INV-06,250.0,2.79,28.3,772.6,794.4,596.0,0.0,100.0,0,None
2025-11-25,INV-07,250.0,2.79,28.3,773.8,797.7,593.5,0.0,100.0,0,None
2025-11-25,INV-08,250.0,2.79,28.3,772.4,815.9,595.6,0.0,100.0,0,None
2025-11-25,INV-09,250.0,2.79,28.3,774.3,798.2,538.3,0.0,100.0,0,None
2025-11-25,INV-10,250.0,2.79,28.3,771.4,806.6,584.4,0.0,100.0,0,None
2025-11-25,INV-11,250.0,2.79,28.3,781.5,803.9,587.8,0.0,100.0,0,None
2025-11-25,INV-12,250.0,2.79,28.3,772.4,810.4,583.9,0.0,100.0,0,None
2025-11-26,INV-01,250.0,2.94,30.6,772.5,800.5,636.9,0.0,100.0,0,None
2025-11-26,INV-02,250.0,2.94,30.6,770.1,811.2,644.8,0.0,100.0,0,None
2025-11-26,INV-03,250.0,2.94,30.6,767.7,810.3,634.5,0.0,100.0,0,None
2025-11-26,INV-04,250.0,2.94,30.6,759.3,793.4,626.8,0.0,100.0,0,None
2025-11-26,INV-05,250.0,2.94,30.6,770.2,794.0,638.2,0.0,100.0,0,None
2025-11-26,INV-06,250.0,2.94,30.6,759.6,785.2,626.9,0.0,100.0,1,Comm loss
2025-11-26,INV-07,250.0,2.94,30.6,761.1,779.5,635.1,0.0,100.0,0,None
2025-11-26,INV-08,250.0,2.94,30.6,768.1,797.8,632.7,0.0,100.0,0,None
2025-11-26,INV-09,250.0,2.94,30.6,769.8,791.4,622.9,0.0,100.0,0,None
2025-11-26,INV-10,250.0,2.94,30.6,767.0,794.3,623.4,0.0,100.0,0,None
2025-11-26,INV-11,250.0,2.94,30.6,774.9,807.0,643.0,0.0,100.0,0,None
2025-11-26,INV-12,250.0,2.94,30.6,770.6,784.7,645.0,0.0,100.0,0,None
2025-11-27,INV-01,250.0,3.31,31.3,767.3,789.4,719.1,0.0,100.0,0,None
2025-11-27,INV-02,250.0,3.31,31.3,766.1,799.2,708.1,0.0,100.0,0,None
2025-11-27,INV-03,250.0,3.31,31.3,768.8,789.4,703.2,0.0,100.0,0,None
2025-11-27,INV-04,250.0,3.31,31.3,773.9,801.0,720.3,0.0,100.0,0,None
2025-11-27,INV-05,250.0,3.31,31.3,768.5,793.3,715.8,0.0,100.0,0,None
2025-11-27,INV-06,250.0,3.31,31.3,763.7,767.7,705.9,0.0,100.0,0,None
2025-11-27,INV-07,250.0,3.31,31.3,762.4,789.6,717.5,0.0,100.0,0,None
2025-11-27,INV-08,250.0,3.31,31.3,774.1,796.9,723.4,0.0,100.0,0,None
2025-11-27,INV-09,250.0,3.31,31.3,769.5,797.8,715.8,0.0,100.0,0,None
2025-11-27,INV-10,250.0,3.31,31.3,769.3,799.3,704.3,0.0,100.0,1,Comm loss
2025-11-27,INV-11,250.0,3.31,31.3,766.1,810.2,724.2,0.0,100.0,0,None
2025-11-27,INV-12,250.0,3.31,31.3,768.5,801.0,708.3,0.0,100.0,0,None
2025-11-28,INV-01,250.0,3.19,28.7,768.6,802.5,687.8,0.0,100.0,0,None
2025-11-28,INV-02,250.0,3.19,28.7,771.5,806.9,694.9,0.0,100.0,0,None
2025-11-28,INV-03,250.0,3.19,28.7,771.6,813.3,683.8,0.0,100.0,0,None
2025-11-28,INV-04,250.0,3.19,28.7,774.6,810.4,704.8,0.0,100.0,0,None
2025-11-28,INV-05,250.0,3.19,28.7,774.1,804.9,681.2,0.0,100.0,0,None
2025-11-28,INV-06,250.0,3.19,28.7,775.5,809.0,691.5,0.0,100.0,0,None
2025-11-28,INV-07,250.0,3.19,28.7,773.7,797.8,679.1,0.0,100.0,0,None
2025-11-28,INV-08,250.0,3.19,28.7,775.3,802.2,693.8,0.0,100.0,0,None
2025-11-28,INV-09,250.0,3.19,28.7,769.1,788.4,677.7,0.0,100.0,0,None
2025-11-28,INV-10,250.0,3.19,28.7,774.2,816.1,689.0,0.0,100.0,0,None
2025-11-28,INV-11,250.0,3.19,28.7,779.1,812.7,691.9,0.0,100.0,0,None
2025-11-28,INV-12,250.0,3.19,28.7,765.9,788.6,702.7,0.0,100.0,0,None
2025-11-29,INV-01,250.0,2.87,30.1,768.1,804.0,627.6,0.0,100.0,0,None
2025-11-29,INV-02,250.0,2.87,30.1,769.4,799.2,629.6,0.0,100.0,0,None
2025-11-29,INV-03,250.0,2.87,30.1,771.6,788.7,628.4,0.0,100.0,0,None
2025-11-29,INV-04,250.0,2.87,30.1,774.1,796.6,625.9,0.0,100.0,0,None
2025-11-29,INV-05,250.0,2.87,30.1,765.4,800.5,618.0,0.0,100.0,0,None
2025-11-29,INV-06,250.0,2.87,30.1,772.4,805.3,610.3,0.0,100.0,0,None
2025-11-29,INV-07,250.0,2.87,30.1,774.7,789.1,636.3,0.0,100.0,0,None
2025-11-29,INV-08,250.0,2.87,30.1,779.2,814.2,621.6,0.0,100.0,0,None
2025-11-29,INV-09,250.0,2.87,30.1,772.6,790.1,615.1,0.0,100.0,0,None
2025-11-29,INV-10,250.0,2.87,30.1,768.0,808.8,606.3,0.0,100.0,0,None
2025-11-29,INV-11,250.0,2.87,30.1,764.7,796.4,628.0,0.0,100.0,0,None
2025-11-29,INV-12,250.0,2.87,30.1,777.1,803.4,606.3,0.0,100.0,0,None
2025-11-30,INV-01,250.0,2.79,30.0,770.6,781.8,603.5,0.0,100.0,0,None
2025-11-30,INV-02,250.0,2.79,30.0,773.6,802.8,603.5,0.0,100.0,0,None
2025-11-30,INV-03,250.0,2.79,30.0,765.3,799.1,601.4,0.0,100.0,0,None
2025-11-30,INV-04,250.0,2.79,30.0,770.3,806.2,590.1,0.0,100.0,0,None
2025-11-30,INV-05,250.0,2.79,30.0,775.4,798.3,602.1,0.0,100.0,0,None
2025-11-30,INV-06,250.0,2.79,30.0,764.9,792.8,602.1,0.0,100.0,0,None
2025-11-30,INV-07,250.0,2.79,30.0,774.7,812.5,597.8,0.0,100.0,0,None
2025-11-30,INV-08,250.0,2.79,30.0,776.5,806.0,595.3,0.0,100.0,0,None
2025-11-30,INV-09,250.0,2.79,30.0,769.1,786.9,587.4,0.0,100.0,0,None
2025-11-30,INV-10,250.0,2.79,30.0,768.7,808.6,596.1,0.0,100.0,0,None
2025-11-30,INV-11,250.0,2.79,30.0,774.2,802.5,606.8,0.0,100.0,0,None
2025-11-30,INV-12,250.0,2.79,30.0,769.3,808.0,598.1,0.0,100.0,0,None
2025-12-01,INV-01,250.0,2.83,31.1,761.2,786.4,615.9,0.0,100.0,0,None
2025-12-01,INV-02,250.0,2.83,31.1,773.9,814.3,606.8,0.0,100.0,0,None
2025-12-01,INV-03,250.0,2.83,31.1,761.9,775.7,618.4,0.0,100.0,0,None
2025-12-01,INV-04,250.0,2.83,31.1,774.2,807.8,551.1,0.73,92.7,2,Grid trip
2025-12-01,INV-05,250.0,2.83,31.1,770.6,806.5,595.1,0.0,100.0,0,None
2025-12-01,INV-06,250.0,2.83,31.1,767.6,790.9,611.2,0.0,100.0,0,None
2025-12-01,INV-07,250.0,2.83,31.1,769.6,807.4,603.0,0.0,100.0,0,None
2025-12-01,INV-08,250.0,2.83,31.1,769.7,799.5,620.8,0.0,100.0,0,None
2025-12-01,INV-09,250.0,2.83,31.1,767.1,792.7,600.0,0.0,100.0,0,None
2025-12-01,INV-10,250.0,2.83,31.1,773.6,811.3,606.4,0.0,100.0,0,None
2025-12-01,INV-11,250.0,2.83,31.1,773.4,794.8,614.6,0.0,100.0,0,None
2025-12-01,INV-12,250.0,2.83,31.1,768.5,805.5,602.4,0.0,100.0,0,None
2025-12-02,INV-01,250.0,2.53,32.5,764.7,800.1,540.0,0.0,100.0,0,None
2025-12-02,INV-02,250.0,2.53,32.5,763.9,793.7,546.2,0.0,100.0,0,None
2025-12-02,INV-03,250.0,2.53,32.5,768.2,804.9,541.1,0.0,100.0,0,None
2025-12-02,INV-04,250.0,2.53,32.5,769.6,799.9,539.7,0.0,100.0,0,None
2025-12-02,INV-05,250.0,2.53,32.5,764.8,794.9,531.0,0.0,100.0,0,None
2025-12-02,INV-06,250.0,2.53,32.5,773.3,798.7,544.1,0.0,100.0,0,None
2025-12-02,INV-07,250.0,2.53,32.5,764.3,805.6,460.7,1.44,85.6,1,Grid trip
2025-12-02,INV-08,250.0,2.53,32.5,759.5,777.2,536.4,0.0,100.0,0,None
2025-12-02,INV-09,250.0,2.53,32.5,758.2,790.6,534.8,0.0,100.0,0,None
2025-12-02,INV-10,250.0,2.53,32.5,758.3,786.8,535.5,0.0,100.0,1,Comm loss
2025-12-02,INV-11,250.0,2.53,32.5,763.4,799.6,548.0,0.0,100.0,0,None
2025-12-02,INV-12,250.0,2.53,32.5,764.1,794.0,543.8,0.0,100.0,0,None
2025-12-03,INV-01,250.0,2.65,30.6,767.9,791.2,570.1,0.0,100.0,0,None
2025-12-03,INV-02,250.0,2.65,30.6,765.7,800.5,577.8,0.0,100.0,0,None
2025-12-03,INV-03,250.0,2.65,30.6,767.7,807.8,571.4,0.0,100.0,0,None
2025-12-03,INV-04,250.0,2.65,30.6,775.0,799.8,580.6,0.0,100.0,0,None
2025-12-03,INV-05,250.0,2.65,30.6,770.7,794.7,567.0,0.0,100.0,0,None
2025-12-03,INV-06,250.0,2.65,30.6,763.7,791.4,572.8,0.0,100.0,0,None
2025-12-03,INV-07,250.0,2.65,30.6,773.2,805.8,522.1,0.78,92.2,1,Grid trip
2025-12-03,INV-08,250.0,2.65,30.6,765.3,784.0,578.7,0.0,100.0,0,None
2025-12-03,INV-09,250.0,2.65,30.6,771.8,806.2,548.7,0.0,100.0,0,None
2025-12-03,INV-10,250.0,2.65,30.6,771.0,789.8,562.4,0.0,100.0,0,None
2025-12-03,INV-11,250.0,2.65,30.6,771.3,811.6,526.0,0.77,92.3,2,Grid trip
2025-12-03,INV-12,250.0,2.65,30.6,776.2,810.3,572.2,0.0,100.0,0,None
2025-12-04,INV-01,250.0,2.87,29.7,777.1,810.1,618.9,0.0,100.0,0,None
2025-12-04,INV-02,250.0,2.87,29.7,769.5,797.1,609.2,0.0,100.0,0,None
2025-12-04,INV-03,250.0,2.87,29.7,767.5,801.7,628.3,0.0,100.0,1,Comm loss
2025-12-04,INV-04,250.0,2.87,29.7,772.4,810.5,603.3,0.0,100.0,0,None
2025-12-04,INV-05,250.0,2.87,29.7,773.5,809.7,605.4,0.0,100.0,0,None
2025-12-04,INV-06,250.0,2.87,29.7,771.0,806.7,529.0,1.35,86.5,2,Grid trip
2025-12-04,INV-07,250.0,2.87,29.7,774.5,792.6,626.4,0.0,100.0,0,None
2025-12-04,INV-08,250.0,2.87,29.7,769.7,779.8,624.8,0.0,100.0,0,None
2025-12-04,INV-09,250.0,2.87,29.7,771.0,811.2,598.4,0.0,100.0,0,None
2025-12-04,INV-10,250.0,2.87,29.7,772.0,805.5,613.2,0.0,100.0,0,None
2025-12-04,INV-11,250.0,2.87,29.7,771.7,801.5,619.0,0.0,100.0,0,None
2025-12-04,INV-12,250.0,2.87,29.7,777.0,812.5,620.0,0.0,100.0,0,None
2025-12-05,INV-01,250.0,3.06,31.5,764.9,772.8,647.6,0.0,100.0,0,None
2025-12-05,INV-02,250.0,3.06,31.5,766.5,790.2,651.4,0.0,100.0,0,None
2025-12-05,INV-03,250.0,3.06,31.5,774.9,823.9,645.6,0.0,100.0,0,None
2025-12-05,INV-04,250.0,3.06,31.5,767.7,802.5,659.5,0.0,100.0,0,None
2025-12-05,INV-05,250.0,3.06,31.5,769.2,812.3,640.5,0.0,100.0,0,None
2025-12-05,INV-06,250.0,3.06,31.5,765.2,792.4,648.7,0.0,100.0,0,None
2025-12-05,INV-07,250.0,3.06,31.5,763.9,775.1,640.8,0.0,100.0,0,None
2025-12-05,INV-08,250.0,3.06,31.5,767.0,788.1,656.1,0.0,100.0,0,None
2025-12-05,INV-09,250.0,3.06,31.5,777.1,810.2,630.2,0.0,100.0,0,None
2025-12-05,INV-10,250.0,3.06,31.5,765.9,797.8,639.3,0.0,100.0,0,None
2025-12-05,INV-11,250.0,3.06,31.5,768.5,798.4,649.0,0.0,100.0,1,Comm loss
2025-12-05,INV-12,250.0,3.06,31.5,763.7,789.5,652.2,0.0,100.0,0,None
2025-12-06,INV-01,250.0,2.93,32.9,761.7,788.3,616.6,0.0,100.0,0,None
2025-12-06,INV-02,250.0,2.93,32.9,771.4,813.1,612.1,0.0,100.0,0,None
2025-12-06,INV-03,250.0,2.93,32.9,763.8,801.8,627.2,0.0,100.0,0,None
2025-12-06,INV-04,250.0,2.93,32.9,762.7,792.0,622.2,0.0,100.0,0,None
2025-12-06,INV-05,250.0,2.93,32.9,764.4,787.0,618.1,0.0,100.0,0,None
2025-12-06,INV-06,250.0,2.93,32.9,762.7,805.0,616.2,0.0,100.0,0,None
2025-12-06,INV-07,250.0,2.93,32.9,768.8,799.9,612.8,0.0,100.0,0,None
2025-12-06,INV-08,250.0,2.93,32.9,767.8,796.8,628.0,0.0,100.0,0,None
2025-12-06,INV-09,250.0,2.93,32.9,768.6,811.0,605.3,0.0,100.0,0,None
2025-12-06,INV-10,250.0,2.93,32.9,765.0,790.9,606.4,0.0,100.0,0,None
2025-12-06,INV-11,250.0,2.93,32.9,762.4,789.9,618.7,0.0,100.0,0,None
2025-12-06,INV-12,250.0,2.93,32.9,764.2,792.4,628.0,0.0,100.0,0,None
2025-12-07,INV-01,250.0,2.26,28.7,778.7,826.2,499.1,0.0,100.0,0,None
2025-12-07,INV-02,250.0,2.26,28.7,781.3,807.2,486.6,0.0,100.0,0,None
2025-12-07,INV-03,250.0,2.26,28.7,773.4,812.7,489.6,0.0,100.0,0,None
2025-12-07,INV-04,250.0,2.26,28.7,775.3,810.4,487.1,0.0,100.0,0,None
2025-12-07,INV-05,250.0,2.26,28.7,777.0,810.2,483.8,0.0,100.0,0,None
2025-12-07,INV-06,250.0,2.26,28.7,767.4,799.2,486.4,0.0,100.0,0,None
2025-12-07,INV-07,250.0,2.26,28.7,776.4,801.1,488.0,0.0,100.0,0,None
2025-12-07,INV-08,250.0,2.26,28.7,771.0,780.3,489.5,0.0,100.0,0,None
2025-12-07,INV-09,250.0,2.26,28.7,781.8,820.4,465.4,0.0,100.0,0,None
2025-12-07,INV-10,250.0,2.26,28.7,771.9,798.0,476.6,0.0,100.0,0,None
2025-12-07,INV-11,250.0,2.26,28.7,776.3,815.7,489.3,0.0,100.0,0,None
2025-12-07,INV-12,250.0,2.26,28.7,772.0,804.8,476.8,0.0,100.0,0,None
2025-12-08,INV-01,250.0,2.85,29.7,773.4,805.8,606.7,0.0,100.0,0,None
2025-12-08,INV-02,250.0,2.85,29.7,768.3,796.3,601.2,0.0,100.0,0,None
2025-12-08,INV-03,250.0,2.85,29.7,772.1,794.4,600.2,0.0,100.0,0,None
2025-12-08,INV-04,250.0,2.85,29.7,774.1,800.3,605.8,0.0,100.0,0,None
2025-12-08,INV-05,250.0,2.85,29.7,771.9,798.6,608.7,0.0,100.0,0,None
2025-12-08,INV-06,250.0,2.85,29.7,773.8,799.0,606.8,0.0,100.0,0,None
2025-12-08,INV-07,250.0,2.85,29.7,762.3,784.9,607.5,0.0,100.0,0,None
2025-12-08,INV-08,250.0,2.85,29.7,768.6,801.8,605.6,0.0,100.0,0,None
2025-12-08,INV-09,250.0,2.85,29.7,775.0,818.5,582.6,0.0,100.0,0,None
2025-12-08,INV-10,250.0,2.85,29.7,772.6,810.1,594.5,0.0,100.0,0,None
2025-12-08,INV-11,250.0,2.85,29.7,778.0,805.4,611.9,0.0,100.0,0,None
2025-12-08,INV-12,250.0,2.85,29.7,777.4,815.5,599.2,0.0,100.0,0,None
2025-12-09,INV-01,250.0,2.79,31.8,760.9,779.4,591.2,0.0,100.0,0,None
2025-12-09,INV-02,250.0,2.79,31.8,758.3,792.7,586.3,0.0,100.0,0,None
2025-12-09,INV-03,250.0,2.79,31.8,769.9,791.5,599.1,0.0,100.0,0,None
2025-12-09,INV-04,250.0,2.79,31.8,771.8,800.5,593.9,0.0,100.0,0,None
2025-12-09,INV-05,250.0,2.79,31.8,763.2,794.3,576.4,0.0,100.0,0,None
2025-12-09,INV-06,250.0,2.79,31.8,765.3,802.1,597.6,0.0,100.0,0,None
2025-12-09,INV-07,250.0,2.79,31.8,764.2,792.1,592.0,0.0,100.0,0,None
2025-12-09,INV-08,250.0,2.79,31.8,764.1,791.1,595.3,0.0,100.0,0,None
2025-12-09,INV-09,250.0,2.79,31.8,770.7,798.5,572.9,0.0,100.0,0,None
2025-12-09,INV-10,250.0,2.79,31.8,767.3,788.7,592.1,0.0,100.0,0,None
2025-12-09,INV-11,250.0,2.79,31.8,765.5,800.6,601.0,0.0,100.0,0,None
2025-12-09,INV-12,250.0,2.79,31.8,777.0,809.3,592.3,0.0,100.0,0,None
2025-12-10,INV-01,250.0,2.86,30.7,767.9,787.5,617.7,0.0,100.0,0,None
2025-12-10,INV-02,250.0,2.86,30.7,773.0,783.2,615.6,0.0,100.0,0,None
2025-12-10,INV-03,250.0,2.86,30.7,764.7,787.9,607.0,0.0,100.0,0,None
2025-12-10,INV-04,250.0,2.86,30.7,777.7,822.3,567.3,0.52,94.8,1,Grid trip
2025-12-10,INV-05,250.0,2.86,30.7,764.8,809.6,603.6,0.0,100.0,0,None
2025-12-10,INV-06,250.0,2.86,30.7,762.9,790.8,602.5,0.0,100.0,0,None
2025-12-10,INV-07,250.0,2.86,30.7,775.3,797.7,621.0,0.0,100.0,0,None
2025-12-10,INV-08,250.0,2.86,30.7,773.9,806.1,616.1,0.0,100.0,0,None
2025-12-10,INV-09,250.0,2.86,30.7,767.8,801.3,576.9,0.0,100.0,0,None
2025-12-10,INV-10,250.0,2.86,30.7,770.1,804.9,593.0,0.0,100.0,0,None
2025-12-10,INV-11,250.0,2.86,30.7,770.2,780.0,607.6,0.0,100.0,0,None
2025-12-10,INV-12,250.0,2.86,30.7,769.1,824.4,604.3,0.0,100.0,0,None
2025-12-11,INV-01,250.0,3.13,32.5,767.3,802.7,671.7,0.0,100.0,0,None
2025-12-11,INV-02,250.0,3.13,32.5,767.0,797.9,652.1,0.0,100.0,0,None
2025-12-11,INV-03,250.0,3.13,32.5,764.5,799.4,655.4,0.0,100.0,0,None
2025-12-11,INV-04,250.0,3.13,32.5,760.3,784.9,656.2,0.0,100.0,0,None
2025-12-11,INV-05,250.0,3.13,32.5,763.3,776.5,651.4,0.0,100.0,0,None
2025-12-11,INV-06,250.0,3.13,32.5,762.6,787.8,655.7,0.0,100.0,0,None
2025-12-11,INV-07,250.0,3.13,32.5,764.0,799.9,671.0,0.0,100.0,0,None
2025-12-11,INV-08,250.0,3.13,32.5,767.9,798.5,662.7,0.0,100.0,0,None
2025-12-11,INV-09,250.0,3.13,32.5,766.7,795.6,617.9,0.0,100.0,0,None
2025-12-11,INV-10,250.0,3.13,32.5,768.4,791.6,647.6,0.0,100.0,0,None
2025-12-11,INV-11,250.0,3.13,32.5,763.6,777.9,665.1,0.0,100.0,0,None
2025-12-11,INV-12,250.0,3.13,32.5,771.1,812.5,659.5,0.0,100.0,0,None
2025-12-12,INV-01,250.0,2.3,30.0,776.4,799.7,494.2,0.0,100.0,0,None
2025-12-12,INV-02,250.0,2.3,30.0,773.1,806.1,489.5,0.0,100.0,0,None
2025-12-12,INV-03,250.0,2.3,30.0,762.6,772.7,491.9,0.0,100.0,0,None
2025-12-12,INV-04,250.0,2.3,30.0,773.4,795.8,486.8,0.0,100.0,0,None
2025-12-12,INV-05,250.0,2.3,30.0,777.3,807.2,488.1,0.0,100.0,0,None
2025-12-12,INV-06,250.0,2.3,30.0,781.2,808.3,477.1,0.0,100.0,0,None
2025-12-12,INV-07,250.0,2.3,30.0,771.9,791.5,486.1,0.0,100.0,0,None
2025-12-12,INV-08,250.0,2.3,30.0,764.5,790.5,494.0,0.0,100.0,0,None
2025-12-12,INV-09,250.0,2.3,30.0,771.7,804.4,458.7,0.0,100.0,0,None
2025-12-12,INV-10,250.0,2.3,30.0,776.4,805.7,483.1,0.0,100.0,0,None
2025-12-12,INV-11,250.0,2.3,30.0,769.2,799.7,485.2,0.0,100.0,0,None
2025-12-12,INV-12,250.0,2.3,30.0,774.2,810.0,487.7,0.0,100.0,0,None
2025-12-13,INV-01,250.0,2.63,31.6,767.1,802.6,549.2,0.0,100.0,1,Comm loss
2025-12-13,INV-02,250.0,2.63,31.6,762.0,786.8,559.4,0.0,100.0,0,None
2025-12-13,INV-03,250.0,2.63,31.6,767.3,811.1,543.1,0.0,100.0,0,None
2025-12-13,INV-04,250.0,2.63,31.6,767.5,791.6,549.8,0.0,100.0,0,None
2025-12-13,INV-05,250.0,2.63,31.6,764.8,796.5,558.7,0.0,100.0,0,None
2025-12-13,INV-06,250.0,2.63,31.6,774.0,802.2,544.9,0.0,100.0,0,None
2025-12-13,INV-07,250.0,2.63,31.6,769.1,795.5,547.6,0.0,100.0,0,None
2025-12-13,INV-08,250.0,2.63,31.6,771.6,819.0,558.8,0.0,100.0,0,None
2025-12-13,INV-09,250.0,2.63,31.6,770.4,796.9,533.3,0.0,100.0,0,None
2025-12-13,INV-10,250.0,2.63,31.6,766.2,793.7,548.1,0.0,100.0,0,None
2025-12-13,INV-11,250.0,2.63,31.6,766.0,790.7,547.9,0.0,100.0,0,None
2025-12-13,INV-12,250.0,2.63,31.6,765.6,795.9,543.9,0.0,100.0,0,None
2025-12-14,INV-01,250.0,2.89,29.5,778.1,795.2,613.9,0.0,100.0,0,None
2025-12-14,INV-02,250.0,2.89,29.5,771.3,1014.6,436.6,2.9,71.0,6,DC overvoltage
2025-12-14,INV-03,250.0,2.89,29.5,764.3,799.7,612.1,0.0,100.0,0,None
2025-12-14,INV-04,250.0,2.89,29.5,773.6,802.8,617.4,0.0,100.0,0,None
2025-12-14,INV-05,250.0,2.89,29.5,772.7,807.0,603.9,0.0,100.0,0,None
2025-12-14,INV-06,250.0,2.89,29.5,771.2,801.1,613.7,0.0,100.0,0,None
2025-12-14,INV-07,250.0,2.89,29.5,770.1,798.4,615.9,0.0,100.0,0,None
2025-12-14,INV-08,250.0,2.89,29.5,762.6,787.2,618.0,0.0,100.0,0,None
2025-12-14,INV-09,250.0,2.89,29.5,763.3,783.8,582.4,0.0,100.0,0,None
2025-12-14,INV-10,250.0,2.89,29.5,777.7,818.9,605.3,0.0,100.0,0,None
2025-12-14,INV-11,250.0,2.89,29.5,768.8,811.3,623.5,0.0,100.0,0,None
2025-12-14,INV-12,250.0,2.89,29.5,775.0,796.6,612.1,0.0,100.0,0,None
2025-12-15,INV-01,250.0,2.4,30.1,767.7,799.6,510.5,0.0,100.0,0,None
2025-12-15,INV-02,250.0,2.4,30.1,772.4,809.6,505.4,0.0,100.0,0,None
2025-12-15,INV-03,250.0,2.4,30.1,769.3,808.8,512.3,0.0,100.0,0,None
2025-12-15,INV-04,250.0,2.4,30.1,771.3,812.6,509.6,0.0,100.0,0,None
2025-12-15,INV-05,250.0,2.4,30.1,771.8,791.2,510.2,0.0,100.0,0,None
2025-12-15,INV-06,250.0,2.4,30.1,771.1,791.8,468.6,0.71,92.9,1,Grid trip
2025-12-15,INV-07,250.0,2.4,30.1,772.0,799.7,504.7,0.0,100.0,0,None
2025-12-15,INV-08,250.0,2.4,30.1,766.3,797.0,513.0,0.0,100.0,0,None
2025-12-15,INV-09,250.0,2.4,30.1,766.1,794.2,488.0,0.0,100.0,0,None
2025-12-15,INV-10,250.0,2.4,30.1,769.6,795.1,501.1,0.0,100.0,0,None
2025-12-15,INV-11,250.0,2.4,30.1,769.7,797.2,514.4,0.0,100.0,0,None
2025-12-15,INV-12,250.0,2.4,30.1,767.6,801.5,505.4,0.0,100.0,0,None
2025-12-16,INV-01,250.0,3.09,31.0,766.6,799.0,646.5,0.0,100.0,0,None
2025-12-16,INV-02,250.0,3.09,31.0,765.8,805.9,666.6,0.0,100.0,0,None
2025-12-16,INV-03,250.0,3.09,31.0,773.0,808.0,615.6,0.71,92.9,2,Grid trip
2025-12-16,INV-04,250.0,3.09,31.0,764.8,805.4,632.1,0.0,100.0,0,None
2025-12-16,INV-05,250.0,3.09,31.0,766.4,800.9,646.1,0.0,100.0,0,None
2025-12-16,INV-06,250.0,3.09,31.0,767.1,798.9,652.5,0.0,100.0,0,None
2025-12-16,INV-07,250.0,3.09,31.0,769.4,808.2,655.5,0.0,100.0,0,None
2025-12-16,INV-08,250.0,3.09,31.0,767.2,817.1,664.1,0.0,100.0,0,None
2025-12-16,INV-09,250.0,3.09,31.0,762.7,790.6,620.1,0.0,100.0,0,None
2025-12-16,INV-10,250.0,3.09,31.0,772.7,809.0,642.4,0.0,100.0,0,None
2025-12-16,INV-11,250.0,3.09,31.0,766.4,796.4,670.2,0.0,100.0,0,None
2025-12-16,INV-12,250.0,3.09,31.0,776.1,810.1,653.9,0.0,100.0,0,None
2025-12-17,INV-01,250.0,2.84,29.0,771.5,802.3,601.9,0.0,100.0,0,None
2025-12-17,INV-02,250.0,2.84,29.0,766.2,780.9,610.7,0.0,100.0,0,None
2025-12-17,INV-03,250.0,2.84,29.0,770.5,806.9,602.5,0.0,100.0,0,None
2025-12-17,INV-04,250.0,2.84,29.0,778.4,802.8,586.7,0.0,100.0,0,None
2025-12-17,INV-05,250.0,2.84,29.0,776.3,796.5,593.7,0.0,100.0,0,None
2025-12-17,INV-06,250.0,2.84,29.0,774.6,811.1,588.0,0.0,100.0,0,None
2025-12-17,INV-07,250.0,2.84,29.0,771.2,805.7,607.3,0.0,100.0,0,None
2025-12-17,INV-08,250.0,2.84,29.0,767.9,799.8,610.2,0.0,100.0,0,None
2025-12-17,INV-09,250.0,2.84,29.0,772.6,820.2,569.6,0.0,100.0,0,None
2025-12-17,INV-10,250.0,2.84,29.0,776.3,811.4,595.2,0.0,100.0,0,None
2025-12-17,INV-11,250.0,2.84,29.0,773.5,798.4,611.7,0.0,100.0,0,None
2025-12-17,INV-12,250.0,2.84,29.0,765.6,799.7,589.1,0.0,100.0,0,None
2025-12-18,INV-01,250.0,2.94,28.7,778.1,793.6,624.9,0.0,100.0,0,None
2025-12-18,INV-02,250.0,2.94,28.7,778.8,810.0,624.6,0.0,100.0,0,None
2025-12-18,INV-03,250.0,2.94,28.7,768.0,816.1,625.0,0.0,100.0,0,None
2025-12-18,INV-04,250.0,2.94,28.7,775.2,804.8,619.3,0.0,100.0,0,None
2025-12-18,INV-05,250.0,2.94,28.7,777.5,808.3,615.5,0.0,100.0,0,None
2025-12-18,INV-06,250.0,2.94,28.7,778.2,812.6,618.4,0.0,100.0,0,None
2025-12-18,INV-07,250.0,2.94,28.7,769.5,798.6,626.4,0.0,100.0,0,None
2025-12-18,INV-08,250.0,2.94,28.7,775.2,808.2,633.6,0.0,100.0,0,None
2025-12-18,INV-09,250.0,2.94,28.7,772.9,806.0,585.6,0.0,100.0,0,None
2025-12-18,INV-10,250.0,2.94,28.7,780.0,803.2,623.2,0.0,100.0,0,None
2025-12-18,INV-11,250.0,2.94,28.7,767.0,796.3,635.8,0.0,100.0,0,None
2025-12-18,INV-12,250.0,2.94,28.7,769.5,805.5,630.0,0.0,100.0,0,None
2025-12-19,INV-01,250.0,2.62,31.5,773.4,798.4,555.1,0.0,100.0,0,None
2025-12-19,INV-02,250.0,2.62,31.5,770.7,797.4,550.1,0.0,100.0,0,None
2025-12-19,INV-03,250.0,2.62,31.5,770.1,800.0,544.5,0.0,100.0,0,None
2025-12-19,INV-04,250.0,2.62,31.5,764.6,802.3,556.7,0.0,100.0,0,None
2025-12-19,INV-05,250.0,2.62,31.5,771.4,805.1,539.3,0.0,100.0,0,None
2025-12-19,INV-06,250.0,2.62,31.5,770.2,800.6,540.7,0.0,100.0,0,None
2025-12-19,INV-07,250.0,2.62,31.5,767.7,799.9,553.3,0.0,100.0,0,None
2025-12-19,INV-08,250.0,2.62,31.5,764.6,799.6,555.0,0.0,100.0,0,None
2025-12-19,INV-09,250.0,2.62,31.5,767.4,783.9,517.1,0.0,100.0,0,None
2025-12-19,INV-10,250.0,2.62,31.5,773.5,812.1,552.8,0.0,100.0,0,None
2025-12-19,INV-11,250.0,2.62,31.5,762.6,786.0,550.2,0.0,100.0,0,None
2025-12-19,INV-12,250.0,2.62,31.5,763.7,790.2,544.0,0.0,100.0,0,None
2025-12-20,INV-01,250.0,2.93,30.5,764.6,808.7,620.3,0.0,100.0,0,None
2025-12-20,INV-02,250.0,2.93,30.5,764.6,786.6,619.0,0.0,100.0,0,None
2025-12-20,INV-03,250.0,2.93,30.5,771.6,796.3,614.6,0.0,100.0,0,None
2025-12-20,INV-04,250.0,2.93,30.5,771.4,802.5,608.6,0.0,100.0,0,None
2025-12-20,INV-05,250.0,2.93,30.5,770.0,801.9,605.7,0.0,100.0,0,None
2025-12-20,INV-06,250.0,2.93,30.5,767.4,782.2,621.2,0.0,100.0,0,None
2025-12-20,INV-07,250.0,2.93,30.5,768.2,803.1,611.4,0.0,100.0,0,None
2025-12-20,INV-08,250.0,2.93,30.5,767.7,799.7,626.7,0.0,100.0,0,None
2025-12-20,INV-09,250.0,2.93,30.5,762.0,775.0,578.0,0.0,100.0,0,None
2025-12-20,INV-10,250.0,2.93,30.5,769.2,798.3,605.2,0.0,100.0,0,None
2025-12-20,INV-11,250.0,2.93,30.5,771.1,794.6,625.0,0.0,100.0,0,None
2025-12-20,INV-12,250.0,2.93,30.5,769.3,795.6,612.0,0.0,100.0,0,None
2025-12-21,INV-01,250.0,2.99,29.6,768.4,793.1,620.4,0.0,100.0,0,None
2025-12-21,INV-02,250.0,2.99,29.6,762.6,797.0,630.2,0.0,100.0,0,None
2025-12-21,INV-03,250.0,2.99,29.6,768.6,795.1,628.9,0.0,100.0,0,None
2025-12-21,INV-04,250.0,2.99,29.6,775.2,798.5,621.2,0.0,100.0,0,None
2025-12-21,INV-05,250.0,2.99,29.6,774.0,797.1,619.1,0.0,100.0,0,None
2025-12-21,INV-06,250.0,2.99,29.6,772.9,805.5,630.6,0.0,100.0,0,None
2025-12-21,INV-07,250.0,2.99,29.6,771.3,803.0,635.2,0.0,100.0,0,None
2025-12-21,INV-08,250.0,2.99,29.6,776.6,818.7,635.4,0.0,100.0,0,None
2025-12-21,INV-09,250.0,2.99,29.6,766.6,794.2,589.9,0.0,100.0,1,Comm loss
2025-12-21,INV-10,250.0,2.99,29.6,766.9,794.5,616.6,0.0,100.0,0,None
2025-12-21,INV-11,250.0,2.99,29.6,775.3,816.8,628.3,0.0,100.0,0,None
2025-12-21,INV-12,250.0,2.99,29.6,770.9,808.8,622.7,0.0,100.0,0,None
2025-12-22,INV-01,250.0,2.81,30.7,768.7,806.4,580.5,0.0,100.0,0,None
2025-12-22,INV-02,250.0,2.81,30.7,774.2,808.3,590.5,0.0,100.0,0,None
2025-12-22,INV-03,250.0,2.81,30.7,767.1,789.0,595.6,0.0,100.0,0,None
2025-12-22,INV-04,250.0,2.81,30.7,761.4,782.9,593.4,0.0,100.0,0,None
2025-12-22,INV-05,250.0,2.81,30.7,767.2,798.0,578.9,0.0,100.0,0,None
2025-12-22,INV-06,250.0,2.81,30.7,767.5,798.3,583.9,0.0,100.0,0,None
2025-12-22,INV-07,250.0,2.81,30.7,761.4,786.9,585.0,0.0,100.0,0,None
2025-12-22,INV-08,250.0,2.81,30.7,769.6,809.9,595.4,0.0,100.0,0,None
2025-12-22,INV-09,250.0,2.81,30.7,770.7,797.5,552.8,0.0,100.0,0,None
2025-12-22,INV-10,250.0,2.81,30.7,776.1,790.9,586.3,0.0,100.0,1,Comm loss
2025-12-22,INV-11,250.0,2.81,30.7,763.3,791.5,592.6,0.0,100.0,0,None
2025-12-22,INV-12,250.0,2.81,30.7,771.6,805.4,578.8,0.0,100.0,0,None
2025-12-23,INV-01,250.0,2.81,32.5,761.6,791.3,580.5,0.0,100.0,0,None
2025-12-23,INV-02,250.0,2.81,32.5,768.6,811.8,596.0,0.0,100.0,0,None
2025-12-23,INV-03,250.0,2.81,32.5,765.2,799.9,576.3,0.0,100.0,0,None
2025-12-23,INV-04,250.0,2.81,32.5,766.6,799.6,571.5,0.0,100.0,0,None
2025-12-23,INV-05,250.0,2.81,32.5,757.8,798.2,579.1,0.0,100.0,0,None
2025-12-23,INV-06,250.0,2.81,32.5,756.0,780.9,577.7,0.0,100.0,0,None
2025-12-23,INV-07,250.0,2.81,32.5,759.0,797.5,586.9,0.0,100.0,0,None
2025-12-23,INV-08,250.0,2.81,32.5,771.9,809.2,590.0,0.0,100.0,0,None
2025-12-23,INV-09,250.0,2.81,32.5,760.4,797.5,548.7,0.0,100.0,0,None
2025-12-23,INV-10,250.0,2.81,32.5,767.9,796.7,577.3,0.0,100.0,0,None
2025-12-23,INV-11,250.0,2.81,32.5,762.4,788.9,584.9,0.0,100.0,0,None
2025-12-23,INV-12,250.0,2.81,32.5,764.0,787.0,583.1,0.0,100.0,0,None
2025-12-24,INV-01,250.0,2.82,27.4,782.6,818.6,589.6,0.0,100.0,0,None
2025-12-24,INV-02,250.0,2.82,27.4,774.4,800.7,612.4,0.0,100.0,0,None
2025-12-24,INV-03,250.0,2.82,27.4,783.1,802.0,597.0,0.0,100.0,0,None
2025-12-24,INV-04,250.0,2.82,27.4,783.5,816.4,595.6,0.0,100.0,0,None
2025-12-24,INV-05,250.0,2.82,27.4,787.1,811.6,593.5,0.0,100.0,0,None
2025-12-24,INV-06,250.0,2.82,27.4,782.8,808.0,596.1,0.0,100.0,0,None
2025-12-24,INV-07,250.0,2.82,27.4,784.6,813.4,607.6,0.0,100.0,0,None
2025-12-24,INV-08,250.0,2.82,27.4,776.4,803.5,593.1,0.0,100.0,0,None
2025-12-24,INV-09,250.0,2.82,27.4,776.0,814.9,547.8,0.0,100.0,0,None
2025-12-24,INV-10,250.0,2.82,27.4,776.3,805.0,581.6,0.0,100.0,0,None
2025-12-24,INV-11,250.0,2.82,27.4,775.1,814.4,590.5,0.0,100.0,0,None
2025-12-24,INV-12,250.0,2.82,27.4,775.7,807.4,586.8,0.0,100.0,0,None
2025-12-25,INV-01,250.0,2.56,28.2,766.8,790.8,535.1,0.0,100.0,0,None
2025-12-25,INV-02,250.0,2.56,28.2,774.1,803.0,540.7,0.0,100.0,0,None
2025-12-25,INV-03,250.0,2.56,28.2,776.2,819.8,535.7,0.0,100.0,0,None
2025-12-25,INV-04,250.0,2.56,28.2,779.9,798.8,539.7,0.0,100.0,0,None
2025-12-25,INV-05,250.0,2.56,28.2,770.9,798.7,538.7,0.0,100.0,0,None
2025-12-25,INV-06,250.0,2.56,28.2,771.4,791.2,531.5,0.0,100.0,0,None
2025-12-25,INV-07,250.0,2.56,28.2,772.8,804.0,546.1,0.0,100.0,0,None
2025-12-25,INV-08,250.0,2.56,28.2,774.8,813.2,547.3,0.0,100.0,0,None
2025-12-25,INV-09,250.0,2.56,28.2,774.0,805.4,490.3,0.0,100.0,0,None
2025-12-25,INV-10,250.0,2.56,28.2,776.0,805.1,531.5,0.0,100.0,0,None
2025-12-25,INV-11,250.0,2.56,28.2,769.1,809.7,546.7,0.0,100.0,0,None
2025-12-25,INV-12,250.0,2.56,28.2,775.2,807.9,536.3,0.0,100.0,0,None
2025-12-26,INV-01,250.0,2.73,29.3,774.1,790.9,590.2,0.0,100.0,0,None
2025-12-26,INV-02,250.0,2.73,29.3,763.7,793.0,592.7,0.0,100.0,0,None
2025-12-26,INV-03,250.0,2.73,29.3,763.5,794.6,591.9,0.0,100.0,0,None
2025-12-26,INV-04,250.0,2.73,29.3,768.0,802.8,589.2,0.0,100.0,0,None
2025-12-26,INV-05,250.0,2.73,29.3,772.2,788.5,589.9,0.0,100.0,0,None
2025-12-26,INV-06,250.0,2.73,29.3,771.2,799.1,592.3,0.0,100.0,0,None
2025-12-26,INV-07,250.0,2.73,29.3,773.4,806.6,597.2,0.0,100.0,0,None
2025-12-26,INV-08,250.0,2.73,29.3,770.6,804.4,603.1,0.0,100.0,0,None
2025-12-26,INV-09,250.0,2.73,29.3,776.9,816.4,583.7,0.0,100.0,0,None
2025-12-26,INV-10,250.0,2.73,29.3,774.4,810.5,580.4,0.0,100.0,0,None
2025-12-26,INV-11,250.0,2.73,29.3,771.6,801.1,591.1,0.0,100.0,0,None
2025-12-26,INV-12,250.0,2.73,29.3,775.9,811.3,603.6,0.0,100.0,0,None
2025-12-27,INV-01,250.0,2.73,32.9,767.0,808.0,587.1,0.0,100.0,0,None
2025-12-27,INV-02,250.0,2.73,32.9,766.6,809.7,586.7,0.0,100.0,0,None
2025-12-27,INV-03,250.0,2.73,32.9,767.7,796.9,593.4,0.0,100.0,0,None
2025-12-27,INV-04,250.0,2.73,32.9,767.3,806.6,572.1,0.0,100.0,0,None
2025-12-27,INV-05,250.0,2.73,32.9,760.0,803.2,592.3,0.0,100.0,1,Comm loss
2025-12-27,INV-06,250.0,2.73,32.9,767.4,797.2,594.0,0.0,100.0,0,None
2025-12-27,INV-07,250.0,2.73,32.9,771.5,802.6,588.8,0.0,100.0,0,None
2025-12-27,INV-08,250.0,2.73,32.9,764.0,799.9,589.1,0.0,100.0,0,None
2025-12-27,INV-09,250.0,2.73,32.9,770.1,793.4,574.3,0.0,100.0,0,None
2025-12-27,INV-10,250.0,2.73,32.9,760.4,791.3,574.9,0.0,100.0,0,None
2025-12-27,INV-11,250.0,2.73,32.9,764.0,811.1,590.4,0.0,100.0,0,None
2025-12-27,INV-12,250.0,2.73,32.9,761.5,787.5,590.3,0.0,100.0,0,None
2025-12-28,INV-01,250.0,2.85,31.4,762.9,780.1,619.1,0.0,100.0,0,None
2025-12-28,INV-02,250.0,2.85,31.4,769.4,794.6,607.7,0.0,100.0,0,None
2025-12-28,INV-03,250.0,2.85,31.4,763.7,799.7,616.1,0.0,100.0,0,None
2025-12-28,INV-04,250.0,2.85,31.4,770.1,797.3,604.1,0.0,100.0,0,None
2025-12-28,INV-05,250.0,2.85,31.4,766.7,794.9,612.7,0.0,100.0,0,None
2025-12-28,INV-06,250.0,2.85,31.4,765.9,803.2,608.2,0.0,100.0,0,None
2025-12-28,INV-07,250.0,2.85,31.4,766.8,790.4,609.3,0.0,100.0,0,None
2025-12-28,INV-08,250.0,2.85,31.4,777.4,806.7,613.0,0.0,100.0,0,None
2025-12-28,INV-09,250.0,2.85,31.4,764.1,782.0,589.2,0.0,100.0,0,None
2025-12-28,INV-10,250.0,2.85,31.4,768.1,800.6,596.6,0.0,100.0,0,None
2025-12-28,INV-11,250.0,2.85,31.4,770.3,802.1,620.5,0.0,100.0,0,None
2025-12-28,INV-12,250.0,2.85,31.4,763.3,799.7,617.7,0.0,100.0,0,None
2025-12-29,INV-01,250.0,2.99,32.4,766.2,807.0,643.3,0.0,100.0,0,None
2025-12-29,INV-02,250.0,2.99,32.4,758.2,776.2,640.3,0.0,100.0,1,Comm loss
2025-12-29,INV-03,250.0,2.99,32.4,763.8,791.1,637.9,0.0,100.0,0,None
2025-12-29,INV-04,250.0,2.99,32.4,764.7,790.0,639.6,0.0,100.0,0,None
2025-12-29,INV-05,250.0,2.99,32.4,763.8,809.8,633.6,0.0,100.0,0,None
2025-12-29,INV-06,250.0,2.99,32.4,767.2,792.9,645.0,0.0,100.0,0,None
2025-12-29,INV-07,250.0,2.99,32.4,768.1,794.2,637.8,0.0,100.0,0,None
2025-12-29,INV-08,250.0,2.99,32.4,762.1,783.8,640.2,0.0,100.0,0,None
2025-12-29,INV-09,250.0,2.99,32.4,761.9,792.0,625.4,0.0,100.0,0,None
2025-12-29,INV-10,250.0,2.99,32.4,765.0,797.2,635.0,0.0,100.0,0,None
2025-12-29,INV-11,250.0,2.99,32.4,759.0,781.9,646.9,0.0,100.0,0,None
2025-12-29,INV-12,250.0,2.99,32.4,763.3,801.2,626.1,0.0,100.0,0,None
2025-12-30,INV-01,250.0,2.53,28.8,767.9,793.4,545.4,0.0,100.0,0,None
2025-12-30,INV-02,250.0,2.53,28.8,775.5,800.6,549.0,0.0,100.0,0,None
2025-12-30,INV-03,250.0,2.53,28.8,774.3,812.6,550.0,0.0,100.0,0,None
2025-12-30,INV-04,250.0,2.53,28.8,773.0,804.4,548.2,0.0,100.0,0,None
2025-12-30,INV-05,250.0,2.53,28.8,771.2,799.2,538.0,0.0,100.0,0,None
2025-12-30,INV-06,250.0,2.53,28.8,764.3,809.0,542.5,0.0,100.0,0,None
2025-12-30,INV-07,250.0,2.53,28.8,770.6,805.2,542.5,0.0,100.0,1,Comm loss
2025-12-30,INV-08,250.0,2.53,28.8,769.4,797.9,550.5,0.0,100.0,0,None
2025-12-30,INV-09,250.0,2.53,28.8,773.4,797.9,532.1,0.0,100.0,0,None
2025-12-30,INV-10,250.0,2.53,28.8,774.9,815.5,537.3,0.0,100.0,0,None
2025-12-30,INV-11,250.0,2.53,28.8,773.7,805.4,544.4,0.0,100.0,0,None
2025-12-30,INV-12,250.0,2.53,28.8,777.5,807.7,548.0,0.0,100.0,0,None
2025-12-31,INV-01,250.0,2.75,29.2,772.2,799.6,591.2,0.0,100.0,0,None
2025-12-31,INV-02,250.0,2.75,29.2,775.7,792.7,592.8,0.0,100.0,0,None
2025-12-31,INV-03,250.0,2.75,29.2,768.4,796.3,590.5,0.0,100.0,0,None
2025-12-31,INV-04,250.0,2.75,29.2,769.5,806.4,591.6,0.0,100.0,0,None
2025-12-31,INV-05,250.0,2.75,29.2,769.0,801.0,594.0,0.0,100.0,0,None
2025-12-31,INV-06,250.0,2.75,29.2,770.2,799.3,586.6,0.0,100.0,0,None
2025-12-31,INV-07,250.0,2.75,29.2,776.9,794.4,594.8,0.0,100.0,0,None
2025-12-31,INV-08,250.0,2.75,29.2,764.8,792.1,603.7,0.0,100.0,0,None
2025-12-31,INV-09,250.0,2.75,29.2,766.8,798.0,571.9,0.0,100.0,0,None
2025-12-31,INV-10,250.0,2.75,29.2,766.1,788.2,579.2,0.0,100.0,0,None
2025-12-31,INV-11,250.0,2.75,29.2,777.2,812.4,601.3,0.0,100.0,0,None
2025-12-31,INV-12,250.0,2.75,29.2,769.1,806.2,595.5,0.0,100.0,0,None
